"last_name, first_name","player_id","year","player_age","p_game","p_formatted_ip","pa","ab","hit","single","double","triple","home_run","strikeout","walk","k_percent","bb_percent","batting_avg","slg_percent","on_base_percent","on_base_plus_slg","p_run_support","xba","xslg","woba","xwoba","xobp","xiso","avg_swing_speed","fast_swing_rate","blasts_contact","blasts_swing","squared_up_contact","squared_up_swing","avg_swing_length","swords","attack_angle","attack_direction","ideal_angle_rate","vertical_swing_path","exit_velocity_avg","launch_angle_avg","sweet_spot_percent","barrel_batted_rate","hard_hit_percent","avg_best_speed","avg_hyper_speed","whiff_percent","swing_percent"
"Bellozo, Valente",678368,2024,24,"13","68.2",295,270,69,39,14,1,15,44,21,14.9,7.1,".256",".481",".312","0.793","36",".247",".496",".338",".347",".308",".249","72.4",30.3,18.4,14.8,40.1,32.4,"7.4",3,12,-4.1,59,31.1,"90","22.2",34.2,11,42.1,"79.517869823","94.499034159",19.5,45.4
"Fried, Max",608331,2026,32,"15","86.1",332,299,59,46,10,1,2,79,27,23.8,8.1,".197",".258",".266","0.524","38",".200",".264",".240",".248",".273",".064","71.7",22.4,11.5,9,30.3,23.6,"7.2",10,8.5,1.1,48.7,31.2,"86.2","9.2",29,1.8,31.3,"74.965359455","92.744063864",24.6,45.4
"Kelly, Merrill",518876,2023,34,"30","177.2",721,645,143,90,30,3,20,187,68,25.9,9.4,".222",".371",".299","0.670","82",".240",".393",".294",".313",".316",".153","72.2",29.4,13.2,9.9,29.3,22,"7.4",6,10.7,-2.3,54.8,34.6,"89.6","11.8",35.1,7.8,41.8,"78.631396856","94.559456681",27,49.1
"Cecconi, Slade",677944,2026,27,"23","110.0",488,441,128,85,26,0,17,88,37,18,7.6,".290",".465",".345","0.810","51",".271",".452",".351",".338",".329",".181","71.9",24.7,15.8,12.7,36.3,29.2,"7.3",9,11.7,-3.2,52.9,31.7,"89.1","12.8",39.2,8.9,40,"78.218429438","94.216407577",20.3,46.8
"Lynch IV, Daniel",663738,2023,26,"9","52.1",223,204,50,32,8,1,9,34,16,15.2,7.2,".245",".426",".300","0.726","21",".265",".467",".312",".339",".320",".202","72.7",27.3,17.9,15.2,53.6,45.5,"7.8",0,15.4,-9.7,51.5,32.4,"88.2","18.7",29.7,7.6,32,"78.199267412","93.192133964",24.6,48.8
"Early, Connelly",813349,2026,24,"17","91.2",390,344,81,54,12,0,15,93,34,23.8,8.7,".235",".401",".319","0.720","48",".234",".408",".319",".320",".318",".174","72.8",29.5,14.7,11.5,33.7,26.4,"7.4",14,9.1,-1.8,55.1,31.9,"90.6","12.7",33.1,10.6,40.9,"80.91466121","94.508481903",23.7,46.9
"García, Yimi",554340,2023,32,"73","66.0",282,257,67,47,11,1,8,79,15,28,5.3,".261",".405",".315","0.720","30",".234",".366",".312",".291",".292",".132","71.5",21.1,14.3,9.7,31,21.1,"7.2",9,8.5,1.8,48.2,32.5,"87","10.7",31.9,6.6,35.2,"74.900477865","93.538766798",31.3,48.2
"Armstrong, Shawn",542888,2026,35,"38","33.0",146,123,29,19,6,0,4,33,19,22.6,13,".236",".382",".345","0.727","14",".209",".362",".324",".308",".326",".154","71.3",16.9,8.7,6.5,25.5,19.2,"7.1",1,7.9,1.6,51.9,30.5,"88.8","17.1",30.4,6.5,34.8,"78.886426","93.381594045",24.1,48.6
"Liberatore, Matthew",669461,2025,25,"29","151.2",648,593,158,105,32,2,19,122,40,18.8,6.2,".266",".423",".313","0.736","81",".272",".465",".318",".339",".322",".192","72",26.1,16.1,13.2,38.7,31.6,"7.3",20,10.3,-2.5,53.5,32,"90.6","15.3",36.3,10.6,41.1,"80.506174473","94.74102241",20.2,48.2
"Akin, Keegan",669211,2024,29,"66","78.2",313,285,55,31,13,2,9,97,19,31,6.1,".193",".347",".244","0.591","39",".180",".320",".255",".248",".237",".140","70.7",16.5,11.2,8,31.3,22.5,"7.2",8,9,0.8,49,32,"88.3","18.5",29.7,7.7,37.4,"77.430605158","93.834416667",30,47.2
"Sabrowski, Erik",681870,2026,28,"45","34.0",149,121,22,12,5,2,3,57,25,38.3,16.8,".182",".331",".322","0.653","19",".155",".280",".293",".272",".306",".125","71.6",24.7,8.4,6.1,25.7,18.6,"7.2",9,8.9,-2,53.4,31,"90.5","24.1",48.5,9.2,37.9,"81.774167879","94.215308308",32.3,45.7
"Roupp, Landen",694738,2024,25,"23","50.1",217,190,43,28,13,0,2,47,26,21.7,12,".226",".326",".323","0.649","22",".238",".363",".294",".313",".333",".125","71",17.1,15.4,11.7,31.7,24.1,"7.6",4,12.7,-7.7,47.1,33.2,"89","10.6",35,4.9,39.2,"77.580207042","94.250249085",25.3,41
"Rogers, Tyler",643511,2024,33,"77","70.1",290,273,67,46,14,0,7,51,6,17.6,2.1,".245",".374",".278","0.652","57",".237",".348",".281",".276",".273",".111","70",14.8,13.6,11.2,30.7,25.2,"6.9",4,3,6,31.7,34.2,"85.2","7.5",24.9,4.4,31.1,"73.039023304","92.704925759",18.6,53
"Bickford, Phil",641360,2023,27,"61","67.1",304,257,59,35,14,2,8,76,39,25,12.8,".230",".393",".339","0.732","41",".237",".431",".319",".336",".346",".194","71.4",21.7,13.7,9.9,33.3,24.1,"7.1",6,8.3,1.3,52.9,29.6,"90.9","22.3",34.6,10.3,42.2,"80.956531011","94.871273202",29.7,48.8
"Santana, Dennis",642701,2025,29,"70","70.1",270,246,44,28,8,3,5,60,17,22.2,6.3,".179",".297",".237","0.534","9",".216",".402",".236",".292",".273",".186","72.3",26.8,14.8,10.9,33.5,24.6,"7.6",9,13.5,-6.4,58.9,32.8,"88.9","15.9",33.2,10.6,37.4,"78.453035158","93.826098995",27.3,51.6
"Harrison, Kyle",690986,2024,22,"24","124.1",532,476,125,81,25,1,18,118,42,22.2,7.9,".263",".433",".328","0.761","66",".254",".444",".330",".341",".325",".190","71.3",22.5,17.2,13.1,37.2,28.3,"7.2",9,7.8,2.1,47.9,31.1,"90.7","14.9",34.2,10.1,44.1,"80.405098066","94.933663315",23.6,46.2
"Ober, Bailey",641927,2026,30,"18","99.0",435,405,103,61,25,0,17,71,26,16.3,6,".254",".442",".303","0.745","71",".257",".467",".324",".333",".305",".211","73",32.3,16.2,13.2,34.5,28,"7.6",8,14.9,-9.7,56.2,31.4,"88.6","21.8",30.7,10.1,35.5,"77.603913772","93.909876607",19.6,48.8
"Hill, Tim",657612,2023,33,"48","44.1",202,178,59,42,9,1,7,26,14,12.9,6.9,".331",".511",".395","0.906","21",".274",".429",".390",".341",".347",".156","70.1",20,16.4,15,32.7,30,"6.6",1,1,15.1,26.2,32.9,"89.9","1.9",21.8,5.2,44.2,"78.493449079","95.204223377",15,50.1
"Smith-Shawver, AJ",700363,2025,22,"9","44.1",191,169,42,29,8,1,4,42,20,22,10.5,".249",".379",".332","0.711","22",".295",".503",".315",".378",".373",".208","71.1",18.8,20,14.9,42.9,31.9,"7.5",6,12.2,-5.7,49.5,33.4,"91.4","15.4",41.4,12.6,50.8,"80.383414444","95.756931587",27.1,46.3
"Bubic, Kris",663460,2025,27,"20","116.1",476,431,98,68,21,3,6,116,39,24.4,8.2,".227",".332",".294","0.626","56",".221",".333",".277",".278",".290",".112","72",26.8,14.3,10.3,31.3,22.6,"7.3",18,8.7,2.1,52.9,32.5,"87.6","11.6",32.1,6.6,39.3,"75.386163962","93.984739716",28.8,49.2
"Williams, Gavin",668909,2024,24,"16","76.0",332,293,72,45,17,3,7,79,32,23.8,9.6,".246",".396",".323","0.719","18",".246",".395",".315",".318",".325",".149","71.1",19.4,14.7,11.1,33,25,"7.1",10,7.3,3.1,50.3,30.8,"90.8","13.2",32.1,6.9,44,"80.792360917","94.867836636",24.8,49.2
"Minter, A.J.",621345,2026,32,"31","30.0",119,114,26,17,2,2,5,25,3,21,2.5,".228",".412",".254","0.666","17",".228",".401",".284",".279",".254",".173","73.1",34.1,13.5,10.2,26.3,20,"7.4",0,9.7,-0.7,59.8,31.7,"86.5","16.9",27.8,10,30,"76.205711136","92.501708851",23.7,53.5
"Richards, Trevor",670950,2024,31,"55","65.1",277,234,44,30,7,0,7,62,35,22.4,12.6,".188",".308",".295","0.603","28",".205",".346",".273",".301",".313",".142","70.3",15.7,10.8,8.7,34.7,27.9,"7.3",9,9.8,-2.6,50.1,30.7,"88.3","18.8",31.1,6.8,37.9,"78.119635568","93.442446193",23.4,44.2
"Keller, Brad",641745,2025,29,"68","69.2",276,247,45,37,4,0,4,75,22,27.2,8,".182",".247",".265","0.512","29",".197",".296",".238",".261",".279",".100","71",20.1,9.9,7.4,30.1,22.4,"7.2",11,8.4,2,51.7,31.9,"86.7","6.5",29.5,5.8,30.6,"75.762503605","92.819687251",26.9,45.1
"Eovaldi, Nathan",543135,2024,34,"29","170.2",696,642,147,94,28,2,23,166,42,23.9,6,".229",".386",".282","0.668","101",".243",".398",".291",".309",".297",".155","71.5",21.8,15.3,11.2,32.8,24,"7.3",13,10.5,-2.2,48.6,32.5,"89.3","8.8",33.5,7.7,42.6,"77.906442017","94.485768718",26.8,52.2
"Strickland, Hunter",519326,2024,35,"72","73.1",294,266,56,33,12,1,10,57,24,19.4,8.2,".211",".376",".280","0.656","32",".211",".395",".286",".294",".280",".184","72",27.6,11.5,8.9,32.3,25,"7.5",3,11.6,-6.7,55.9,32.3,"88.9","21.7",30.3,9,35.5,"79.214987429","93.43494201",22.8,47
"Brazobán, Huascar",623211,2025,35,"52","63.0",262,225,51,37,7,1,6,57,27,21.8,10.3,".227",".347",".315","0.662","41",".225",".362",".294",".309",".322",".137","72.3",27.2,9.8,7.6,27.7,21.4,"7.6",11,12.6,-6.1,55.1,32.7,"87.1","11.5",28.7,8.1,34.5,"75.598611294","93.356656824",23.9,48.4
"Gray, Sonny",543243,2025,35,"32","180.2",753,705,185,125,31,4,25,201,38,26.7,5,".262",".424",".302","0.726","114",".250",".416",".314",".306",".290",".167","72.6",29.2,17,13,33.8,25.7,"7.4",42,11.2,-3.1,51.8,33.4,"88.9","11",34.8,9.8,40.7,"76.982367233","94.518739901",27.5,47.4
"Berríos, José",621244,2025,31,"31","166.0",698,632,160,102,30,2,26,138,56,19.8,8,".253",".430",".320","0.750","119",".255",".454",".325",".337",".323",".199","72.5",27.6,17.2,13.7,36.3,28.9,"7.4",19,11.7,-3.7,56.2,33.4,"90.3","15",32.6,11.3,42.5,"79.761456829","94.705282256",22,46.1
"Vasil, Mike",678024,2025,25,"47","101.0",423,362,74,52,13,1,8,82,52,19.4,12.3,".204",".312",".318","0.630","61",".227",".368",".284",".312",".337",".141","71.1",17,16,12.6,36.3,28.4,"7.2",12,8.5,1.5,51.6,32.6,"89.3","8.4",30.4,7.2,38.2,"78.393725324","94.283436871",24,42.5
"Houser, Adrian",605288,2026,33,"24","103.0",443,399,104,63,24,2,15,70,32,15.8,7.2,".261",".444",".318","0.762","42",".268",".459",".331",".341",".327",".191","71.9",26.5,16.2,13.4,37.3,30.9,"7.3",9,9,-0.5,51.8,33.2,"89.7","11.6",33.8,8.9,41.2,"78.644947697","94.634803424",18,46.5
"Morillo, Juan",666661,2026,27,"53","49.1",198,175,34,24,7,1,2,58,17,29.3,8.6,".194",".280",".269","0.549","23",".181",".255",".247",".236",".262",".073","71.6",25.6,10.4,7.3,28.8,20.4,"7",9,5.1,5.9,39.3,32.5,"85.7","9.2",28.1,3.4,30.6,"73.8815285","92.926603109",31.6,49
"Rogers, Trevor",669432,2025,27,"18","109.2",423,388,70,53,8,3,6,103,29,24.3,6.9,".180",".263",".240","0.503","74",".225",".376",".226",".288",".282",".151","72.2",26.6,16.3,12.3,30.2,22.7,"7.4",7,10.4,-1.9,46.7,32.4,"89.7","13.1",31.5,7.6,48.4,"77.857441469","95.210002667",25.6,52.9
"Cabrera, Edward",665795,2026,28,"15","76.0",329,291,78,51,12,0,15,67,32,20.4,9.7,".268",".464",".339","0.803","48",".267",".447",".349",".344",".340",".180","73.1",34.1,15.4,11.7,35.7,27.1,"7.5",17,13,-5.2,60.4,33.6,"91.1","12",35.5,11.9,42.5,"80.755532411","95.053400446",26.6,47.8
"Eovaldi, Nathan",543135,2026,36,"22","132.2",555,512,128,81,21,2,24,137,32,24.7,5.8,".250",".439",".302","0.741","78",".250",".421",".322",".316",".303",".170","73.1",35.8,16.2,11.4,33.1,23.3,"7.5",7,12.5,-5.9,50.6,33.5,"88.8","10.1",30.2,8.7,41.5,"77.256841852","94.425005305",30.5,52.2
"Fried, Max",608331,2024,30,"29","174.1",714,645,146,116,16,1,13,166,57,23.2,8,".226",".315",".295","0.610","82",".245",".365",".273",".304",".311",".120","71.1",18.6,13.4,10.5,30.9,24.3,"7.2",29,8.6,0.5,45.6,33,"86.3","3",30.4,5,34.6,"73.871292176","93.362715837",24.1,45.9
"Manaea, Sean",640455,2023,31,"37","117.2",499,444,104,66,19,5,14,128,42,25.7,8.4,".234",".394",".309","0.703","66",".238",".401",".306",".313",".313",".163","71",17.1,12.3,9.8,31.7,25.1,"7.1",9,7.2,3.6,45.8,30.6,"89.4","13",35.8,8.8,36.4,"78.988561887","94.09059224",24.2,49.8
"Teng, Kai-Wei",678906,2026,27,"25","68.1",301,260,62,40,10,2,10,67,30,22.3,10,".238",".408",".342","0.750","42",".245",".398",".335",".334",".347",".154","71.9",23.8,15.1,11.5,36.5,27.8,"7.2",13,11,-1.8,49.7,33.3,"89.8","15.7",36.8,7.8,39.4,"79.736310521","94.263118021",25.2,44.1
"Schlittler, Cam",693645,2026,25,"26","152.0",602,555,109,70,23,2,14,189,34,31.4,5.6,".196",".321",".249","0.570","61",".210",".340",".253",".266",".263",".130","71.8",26.1,9.3,6.8,27,19.6,"7",27,6.3,5.5,51.3,29.4,"88.4","13.6",33.3,8.1,40.1,"77.334365738","93.953409918",28.8,52.7
"Baker, Bryan",641329,2023,28,"46","45.0",186,157,33,21,8,0,4,51,24,27.4,12.9,".210",".338",".314","0.652","29",".195",".326",".287",".283",".304",".131","71.5",26.2,13,11.5,29.6,26.2,"7.3",1,8,-1,54.8,31.7,"90","20.8",30,7.3,36.4,"80.264430909","94.059987615",23.6,48
"Bieber, Shane",669456,2023,28,"21","128.0",533,490,124,79,29,2,14,107,34,20.1,6.4,".253",".406",".303","0.709","61",".280",".453",".307",".338",".329",".173","70.7",14.1,26.3,21.1,36.8,29.6,"7.2",1,9.9,-2.5,44.4,32.8,"91.6","9.5",34.4,7.8,47.8,"81.658119741","95.361877073",24.3,46.1
"Ray, Robbie",592662,2024,32,"7","30.2",129,106,20,11,3,0,6,43,15,33.3,11.6,".189",".387",".320","0.707","10",".179",".361",".316",".304",".313",".182","71.3",19.7,9.4,6.1,23.1,15.2,"7.3",8,11.6,-5.6,48.8,32.1,"86.8","19.2",34.4,9.4,35.9,"74.853164688","93.415278906",36,48.9
"Moreta, Dauri",664294,2023,27,"55","58.0",239,209,39,18,16,1,4,76,24,31.8,10,".187",".330",".276","0.606","31",".183",".334",".267",".269",".273",".151","71.5",22,9.6,6.5,32.5,22,"7.7",0,13.7,-9.7,54.3,30.8,"86.7","13.3",36,8.1,33.1,"75.08028194","93.171127836",33.6,44.5
"Brash, Matt",666374,2025,27,"53","47.1",199,174,41,31,6,0,4,58,18,29.1,9,".236",".339",".313","0.652","21",".223",".336",".288",".282",".303",".112","71.2",20.8,11.7,8.2,32,22.5,"7.4",8,11.5,-3.1,50.5,32.1,"86.9","6.3",31.4,5.8,30.6,"75.095696034","93.324825862",30.9,42.1
"Bassitt, Chris",605135,2024,35,"31","171.0",758,667,180,132,29,1,18,168,70,22.2,9.2,".270",".397",".352","0.749","88",".254",".407",".331",".330",".338",".153","71.1",19.6,14.3,11.5,30.6,24.6,"7.1",14,8.1,1.6,41.3,31.8,"87.8","14.3",36.3,7.5,37.1,"75.64419492","94.077816493",21.7,45
"Nardi, Andrew",677053,2024,25,"59","49.2",210,188,44,24,11,2,7,70,18,33.3,8.6,".234",".426",".301","0.727","18",".194",".332",".312",".265",".266",".138","70.4",14.8,10.9,7.8,24.5,17.5,"7.1",8,8.6,1.6,49.2,30.5,"88.2","21.5",33.9,7.5,34.7,"77.755849492","93.378505085",31.1,51.8
"Henriquez, Edgardo",683618,2026,24,"49","49.0",199,169,30,22,6,1,1,52,23,26.1,11.6,".178",".243",".294","0.537","29",".180",".245",".256",".257",".296",".065","71.9",23.8,3.8,2.8,21.7,16.1,"7.3",9,8.4,-1.5,49.4,31.6,"83.1","11.8",24.4,2.5,25.2,"70.502481379","91.922839652",29.1,48.2
"Sewald, Paul",623149,2026,36,"46","40.2",169,155,35,16,5,2,12,45,9,26.6,5.3,".226",".516",".274","0.790","9",".224",".491",".334",".322",".272",".267","71.8",24.5,15.2,11.1,35.9,26.1,"7.2",2,10.3,-2.5,49.2,31.7,"90.5","29.3",43.4,15,40.7,"80.772448393","94.49488625",28,51.6
"Milner, Hoby",571948,2025,34,"73","70.1",293,266,68,47,14,2,5,58,21,19.8,7.2,".256",".380",".312","0.692","33",".235",".405",".298",".303",".296",".170","71.2",22.3,14.8,12.6,35.8,30.6,"7.1",3,7.3,3.3,44.6,34.1,"88.4","6.7",28.3,9,36.8,"77.915462692","93.624473333",15.5,43.6
"Floro, Dylan",571670,2023,32,"62","56.2",248,227,70,54,12,1,3,58,17,23.4,6.9,".308",".410",".363","0.773","33",".252",".341",".335",".286",".311",".089","70.7",14.9,11.4,8.8,31.6,24.3,"7",3,6.3,5.9,42.1,31.3,"87.1","5.2",32.4,3,37.1,"75.578762706","93.377427515",24,46
"Montgomery, Jordan",656756,2023,30,"32","188.2",777,718,177,111,45,3,18,166,48,21.4,6.2,".247",".393",".295","0.688","99",".249",".409",".298",".308",".299",".161","72.2",30.3,15.7,12,34.9,26.5,"7.6",14,11.8,-3.5,50.4,32.7,"88.3","12",36.3,7.5,37.9,"77.154947138","93.903178297",26,47.6
"Hicks, Jordan",663855,2024,27,"29","109.2",481,423,112,75,23,2,12,96,47,20,9.8,".265",".414",".349","0.763","55",".251",".425",".336",".338",".338",".174","71.4",20.2,14.9,11.4,34.6,26.5,"7.5",8,11.9,-4.5,46.7,34.1,"89.6","8.9",34.7,9.5,42.2,"78.413726111","94.634853364",24.6,44.3
"Bednar, David",670280,2024,29,"62","57.2",262,227,54,33,12,0,9,58,28,22.1,10.7,".238",".410",".327","0.737","11",".226",".422",".319",".323",".319",".196","71.7",24.3,11.9,8.7,30.6,22.3,"7.2",6,9.8,-1.4,63.8,30.2,"90.2","17.9",30.8,9.3,39.5,"79.970762235","94.462997235",27.6,50.9
"Murphy, Chris",669684,2023,25,"20","47.2",212,190,50,31,14,0,5,49,17,23.1,8,".263",".416",".324","0.740","21",".233",".366",".321",".296",".299",".133","70.6",14.5,8.3,6.6,29,23.1,"7.2",4,10.4,-0.2,52.2,31.6,"87.1","12.5",34.5,6.9,33.1,"76.340273662","92.992926809",22.6,47.8
"Walker, Ryan",676254,2025,29,"68","61.1",266,236,60,41,14,1,4,60,18,22.6,6.8,".254",".373",".326","0.699","16",".251",".368",".306",".304",".323",".117","70.6",19.7,12.2,9.7,33,26.3,"7.1",12,7.2,2.1,37.5,33.2,"87","5.9",31.1,5,35.6,"74.906653218","93.548727356",21.6,43.2
"Webb, Jacob",657097,2023,29,"54","53.2",232,196,39,23,8,2,6,57,30,24.6,12.9,".199",".352",".316","0.668","29",".213",".357",".294",".306",".329",".145","70.5",16,9.3,6.3,30.8,20.8,"7.5",8,10.1,-2.4,43.9,32.8,"88.1","15",32.6,5,39.7,"77.57997","93.502877214",32.2,51.2
"Springs, Jeffrey",605488,2026,33,"22","108.0",479,427,116,65,19,4,28,88,44,18.4,9.2,".272",".532",".338","0.870","61",".255",".455",".371",".340",".327",".200","72",25.1,14,10.9,34.3,26.5,"7.5",14,11.5,-4.1,54.3,31,"87.9","17.9",36.2,9.4,35.7,"76.984855118","93.515318791",23.6,46.4
"Ribalta, Orlando",687377,2026,28,"39","37.0",151,134,29,20,5,0,4,33,14,21.9,9.3,".216",".343",".287","0.630","9",".214",".391",".280",".298",".286",".177","72",26.9,8.5,6.3,26.1,19.2,"7.6",5,13.3,-7.1,55.8,30.9,"84.7","18.2",26.9,7.7,34.6,"72.092582115","92.77818233",25.8,50.5
"Allen, Logan",671106,2023,24,"24","125.1",537,483,127,83,28,0,16,119,48,22.2,8.9,".263",".420",".330","0.750","71",".253",".420",".326",".325",".322",".167","71.7",22.8,15.8,12.3,38.1,29.6,"7.4",3,11.2,-3.2,51.2,32.8,"88.9","12.6",34.2,7.6,39.1,"77.882028571","94.245612837",24,47.7
"Fairbanks, Pete",664126,2026,32,"41","38.1",166,146,33,19,4,2,8,54,16,32.5,9.6,".226",".445",".313","0.758","14",".210",".430",".328",".317",".301",".220","71.1",19.6,14,9.8,31.7,22.3,"7.4",7,11.6,-3.7,56.9,30.2,"91.9","25.4",39.8,13,44.1,"82.186847778","95.168570556",32.1,46.2
"Mantiply, Joe",573009,2024,33,"75","59.2",243,225,52,33,14,4,1,53,18,21.8,7.4,".231",".342",".288","0.630","45",".227",".383",".265",".284",".284",".157","71.2",18.6,14.6,10.8,34.7,25.6,"7.5",9,11.8,-5.6,52.1,34.5,"88.1","5.4",26.2,7.6,41.9,"76.265567024","94.272291557",27.5,52.8
"Antone, Tejay",622088,2026,32,"41","40.0",175,153,32,18,8,1,5,38,13,21.7,7.4,".209",".373",".291","0.664","20",".221",".362",".290",".292",".304",".141","72.1",25.4,11.8,9,34.5,26.1,"7.5",6,12.8,-5.5,47.2,32.8,"87.7","16.6",29.7,7.1,34.7,"77.277987407","93.215969352",25.9,47.3
"Paxton, James",572020,2023,34,"19","96.0",411,372,93,55,19,1,18,101,33,24.6,8,".250",".452",".313","0.765","59",".226",".396",".328",".301",".293",".170","71.3",19.3,14,10.8,32.1,24.9,"7.2",11,9.2,-0.5,44.1,32.2,"89.3","13.8",33.3,9.2,39.9,"78.616297574","94.167414449",27.6,50
"Palmquist, Carson",687223,2025,24,"9","34.1",175,140,45,25,9,1,10,27,25,15.4,14.3,".321",".614",".420","1.034","19",".256",".516",".430",".378",".373",".259","72.5",31.7,16.3,13.1,32.5,26.3,"7.4",3,11.3,-5.1,50,33.5,"89.6","20",31.7,14.2,40,"78.924745763","94.396216581",21,43.3
"Messick, Parker",800048,2026,25,"24","142.1",565,517,107,67,22,4,14,142,40,25.1,7.1,".207",".346",".265","0.611","57",".221",".333",".268",".272",".279",".113","72",28.4,12.1,9.1,29.6,22.2,"7.3",14,8.3,0.7,48.7,31.8,"87.1","14",31.8,5.2,32.8,"75.727745882","93.373192976",25.7,48.2
"Burnes, Corbin",669203,2023,28,"32","193.2",784,704,141,99,19,1,22,200,66,25.5,8.4,".200",".324",".274","0.598","119",".221",".347",".266",".287",".295",".126","71.4",22.1,8.8,6.4,28.6,20.9,"7.4",9,11,-3.7,55.3,34.6,"86.4","10.5",31,5.3,32.4,"74.856549488","92.974631594",28.8,46.3
"Taillon, Jameson",592791,2023,31,"30","154.1",655,604,156,100,28,1,27,140,41,21.4,6.3,".258",".442",".308","0.750","75",".255",".467",".322",".333",".307",".212","71",18.5,13.5,10.7,31.3,24.7,"7.3",8,10.4,-2.1,51.3,31.9,"88.3","16.7",36.2,10.7,38.4,"76.828018498","94.064186052",22,49.1
"Hudson, Bryan",663542,2026,29,"54","51.2",219,187,49,41,6,0,2,50,17,22.8,7.8,".262",".326",".327","0.653","18",".229",".315",".290",".276",".303",".086","71.1",19.6,12.3,9.5,33.1,25.5,"7",9,4.4,5.9,40.2,34,"87.7","14.7",30.6,3.4,35.4,"77.201777465","93.12005331",24,47
"Carrasco, Carlos",471911,2025,38,"11","45.2",212,193,61,35,15,1,10,34,17,16,8,".316",".560",".368","0.928","29",".281",".468",".393",".354",".342",".187","72.4",25.9,21.6,16.9,39.2,30.6,"7.5",3,13.2,-7.9,56.2,33.1,"90.7","16.6",38.5,10.8,42.9,"79.769600256","94.954997051",22.5,45.6
"Sale, Chris",519242,2023,34,"20","102.2",425,384,87,46,24,2,15,125,29,29.4,6.8,".227",".417",".292","0.709","65",".208",".387",".306",".296",".280",".179","71",23.1,11.5,7.9,28,19.3,"7.5",5,12.4,-4.5,47.8,32.9,"87.9","15.6",33.5,8.4,34.6,"77.439739231","93.229958533",29.7,48.1
"Bachman, Sam",696147,2026,26,"41","45.2",198,168,34,21,7,0,6,46,27,23.2,13.6,".202",".351",".323","0.674","18",".213",".318",".305",".298",".333",".106","71.9",24.6,12.1,8.2,30.7,20.8,"7.5",7,11.5,-4.4,46.8,32.4,"86.1","6.6",29.5,7.5,32,"74.364553667","93.014157647",33.1,44
"Wood, Alex",622072,2024,33,"9","39.1",186,158,51,32,13,0,6,33,19,17.7,10.2,".323",".519",".408","0.927","15",".297",".492",".398",".388",".392",".195","71.9",22.4,22.5,18.5,36.7,30.2,"7.3",2,7.3,2.3,48.4,32.2,"92.3","14.5",41.1,8.5,48.8,"82.281355556","95.94021792",20.7,42.2
"Brown, Hunter",686613,2026,27,"13","68.2",291,246,49,32,8,0,9,72,40,24.7,13.7,".199",".341",".320","0.661","35",".206",".340",".302",".303",".326",".134","71.7",23.7,10.2,7.8,29.2,22.3,"7.1",11,8.4,2.7,49.5,31.5,"85.9","5.3",28.6,6.3,37.1,"73.384813333","93.396421908",26.2,40.8
"Winn, Keaton",676775,2026,28,"44","43.0",176,153,34,23,7,1,3,33,17,18.8,9.7,".222",".340",".309","0.649","20",".240",".360",".289",".308",".328",".120","72.4",24.2,12.3,9.5,34,26.4,"7.5",2,11.1,-3.4,56.2,32.1,"86.8","7",27.6,4.9,33.3,"75.475094098","93.180974545",23,47.4
"Hader, Josh",623352,2023,29,"61","56.1",231,196,32,26,3,0,3,85,30,36.8,13,".163",".224",".284","0.508","9",".156",".234",".239",".240",".278",".078","70.7",15.3,5.3,3.8,20,14.4,"7.1",3,7.7,2.2,43.2,33,"87","20.5",33.6,4.5,28.3,"76.457276","92.803634545",33.1,50.1
"Cano, Yennier",666974,2026,32,"53","41.1",170,158,35,28,6,0,1,38,9,22.4,5.3,".222",".278",".271","0.549","22",".225",".337",".249",".276",".280",".112","72.2",26,14.1,10.6,39.5,29.7,"7.4",3,8.8,-0.7,57.8,34.9,"89.2","1.8",24.8,6,38.8,"78.608210508","94.198044017",26.8,45.4
"Snell, Blake",605483,2023,30,"32","180.0",742,636,115,78,22,0,15,234,99,31.5,13.3,".181",".286",".293","0.579","92",".205",".352",".266",".300",".315",".147","71.8",23.2,10.9,7.1,29.8,19.4,"7.6",15,12.7,-4.4,46.8,33.8,"87.2","10.6",37,7.5,33.8,"75.667264472","93.364914171",37.3,42.9
"Festa, Matt",670036,2026,33,"53","51.1",228,205,57,37,14,0,6,54,15,23.7,6.6,".278",".434",".342","0.776","33",".245",".390",".341",".313",".315",".145","71.7",22.6,16.3,12.2,33.5,24.9,"7.2",7,7.9,0.3,49.3,31.4,"88.2","19.4",39.2,7.8,42.5,"76.603931974","94.140878212",27.6,47.2
"Littell, Zack",641793,2025,29,"32","186.2",759,712,174,104,33,1,36,130,32,17.1,4.2,".244",".445",".282","0.727","100",".255",".458",".311",".323",".294",".204","72.3",28.6,16,12.8,35.8,28.6,"7.4",15,11.5,-2.4,56.2,31.4,"90.2","14.6",32.7,9.9,40.9,"80.190668797","94.458762186",20.4,51.8
"Suter, Brent",608718,2023,33,"57","69.1",292,261,65,49,11,2,3,55,25,18.8,8.6,".249",".341",".320","0.661","48",".227",".319",".294",".280",".301",".092","70.7",19.1,17.2,13,32.8,24.7,"7.3",2,10.2,-1.6,45.8,30.2,"84","11.9",28.7,3.3,26.3,"71.878234752","92.1555801",22.2,44.3
"Wacha, Michael",608379,2026,34,"24","150.2",632,582,138,79,34,4,21,120,41,19,6.5,".237",".418",".292","0.710","53",".250",".417",".308",".314",".304",".167","71.5",24.2,15.9,12.8,36.5,29.3,"7.3",13,10.7,-2.1,51.7,32,"88.7","17.1",33.9,7.1,37.1,"78.177634605","93.686133004",21.1,48.5
"Criswell, Cooper",681867,2023,26,"10","33.0",151,135,40,25,9,0,6,27,11,17.9,7.3,".296",".496",".364","0.860","17",".277",".447",".368",".348",".350",".170","71.4",20.5,12.9,10.8,37.1,31.3,"7.5",2,14.5,-5.7,60.7,32.9,"87.1","8",38.5,5.5,33,"75.738772222","93.325528889",18.1,45.8
"Lawrence, Justin",664875,2026,31,"37","34.1",177,142,39,19,10,1,9,43,28,24.3,15.8,".275",".549",".412","0.961","15",".267",".455",".413",".380",".406",".188","70.8",15.6,16.5,12.7,34.1,26.2,"7.3",8,9.3,-2.6,43.9,33,"90","12.4",40,10,43,"79.0759212","94.919665152",26.3,40.6
"Bird, Jake",656234,2026,30,"40","34.2",159,139,41,26,9,0,6,37,13,23.3,8.2,".295",".489",".371","0.860","24",".245",".430",".374",".333",".328",".185","71.5",23.8,15.5,11.7,37.9,28.6,"7.3",4,11.5,-4.1,55.8,32,"89","14",35.6,9.6,36.5,"78.485477308","93.78975375",25.8,40.4
"Matz, Steven",571927,2023,32,"25","105.0",449,410,108,73,23,1,11,98,32,21.8,7.1,".263",".405",".320","0.725","46",".250",".386",".316",".306",".309",".136","70.9",14.8,10,7.9,26.9,21.2,"7.2",2,7.2,0.1,42.7,31.5,"89.1","11.8",31.3,4.7,38,"78.62219","93.875030892",25.3,47.8
"Stephan, Trevor",663986,2023,27,"71","68.2",294,257,63,39,17,1,6,75,26,25.5,8.8,".245",".389",".323","0.712","25",".237",".415",".311",".325",".320",".178","71.6",20.7,15.1,10.4,34.2,23.4,"7.5",2,13.4,-7.2,47.8,33,"89.1","14.1",34,8.5,38.3,"78.125946022","94.214192162",30.6,49.9
"Helsley, Ryan",664854,2024,29,"65","66.1",266,238,50,41,6,0,3,79,23,29.7,8.6,".210",".273",".275","0.548","14",".212",".305",".243",".260",".279",".094","70.6",17.6,10.5,6.8,36.2,23.4,"7.5",10,11.3,-4.5,51,31.4,"89.4","18.3",36.6,3.7,35.4,"80.156012073","93.657122945",36.1,53
"Webb, Jacob",657097,2025,31,"55","66.0",267,243,49,31,8,0,10,58,19,21.7,7.1,".202",".358",".264","0.622","25",".217",".365",".270",".281",".279",".148","71.2",21.2,12.8,9.2,29.3,21.2,"7.4",5,12.7,-5.3,49.2,32.1,"86.6","23",30.9,5.9,34.6,"75.052885217","93.147000383",27.6,51.1
"Martin, Chris",455119,2023,37,"55","51.1",199,190,45,37,6,0,2,46,8,23.1,4,".237",".300",".266","0.566","18",".263",".348",".243",".279",".295",".086","70.5",15.8,13.1,10.3,25.4,20,"6.9",2,5.5,7.8,40.5,33.7,"84.5","4.1",35.9,2.1,31,"72.033701806","92.712566434",23.3,58.3
"Avila, Pedro",658648,2024,27,"54","82.2",353,306,73,50,14,1,8,82,36,23.2,10.2,".239",".369",".321","0.690","34",".259",".412",".304",".334",".343",".153","71.7",21.7,14,10.7,32.7,25,"7.4",6,10,-2.3,46.2,33.2,"89.6","9.6",39.4,5.2,41.6,"79.151353304","94.361042314",25,46.4
"Clevinger, Mike",605182,2023,32,"24","131.1",549,496,121,75,27,3,16,110,40,20,7.3,".244",".407",".310","0.717","63",".236",".410",".312",".313",".304",".174","70.6",16.5,12.3,9.5,31,23.9,"7.3",6,10.6,-2.8,53.2,32.3,"88.1","21.4",34.9,7.2,35.9,"77.254600722","93.563543824",23.2,49.1
"Gray, Jon",592351,2023,31,"29","157.1",656,582,149,110,16,1,22,142,54,21.6,8.2,".256",".400",".325","0.725","87",".256",".419",".317",".325",".327",".163","71.5",25.4,15,11.1,37.8,28.1,"7.2",11,8.8,0.3,45.9,32.3,"89.4","13.4",35.5,6.4,39.5,"78.991165586","94.126791486",26.4,50.8
"Harris, Hogan",663687,2026,29,"57","54.0",246,206,48,36,6,0,6,72,34,29.3,13.8,".233",".350",".354","0.704","25",".208",".319",".319",".298",".333",".111","71.1",20.8,9.4,7,27.1,20.3,"7.1",4,7.5,1.6,40.3,32.5,"86.7","12.5",34.8,5.9,31.9,"75.752722239","92.920878271",26.8,42.7
"Suter, Brent",608718,2026,36,"44","71.1",300,276,72,46,13,5,8,59,21,19.7,7,".261",".431",".315","0.746","32",".264",".414",".324",".320",".319",".150","71.1",20.8,14.5,11.5,33.4,26.5,"7.2",12,10.6,-2,42.9,32.1,"86.6","10.2",34.9,6.5,32.1,"74.816442453","93.261979858",22.4,45.9
"Bradish, Kyle",680694,2026,29,"24","133.0",562,496,123,83,23,4,13,124,58,22.1,10.3,".248",".389",".327","0.716","73",".239",".376",".317",".312",".323",".136","72",24.9,13.2,10.3,32.9,25.8,"7.4",28,9.7,-2,54.2,32.1,"87.9","9.3",31.6,7.5,37.4,"76.328402717","93.86875712",24.4,44.7
"Kelly, Michael",547184,2024,31,"28","31.1",128,112,27,20,3,2,2,22,10,17.2,7.8,".241",".357",".315","0.672","13",".228",".362",".294",".296",".306",".135","70.9",21.4,7.9,6.5,29.4,24,"7.3",6,9.6,-0.5,57.1,32.2,"85.2","18.4",40.9,3.2,20.4,"75.108427556","91.662761111",22.3,47.7
"Leahy, Kyle",681517,2024,27,"33","48.2",191,178,40,25,11,0,4,33,10,17.3,5.2,".225",".354",".267","0.621","30",".256",".455",".270",".327",".300",".199","71.4",24.9,15,11.8,37.2,29.3,"7.3",6,9.9,0.2,54.7,31.1,"89.9","14.8",33.3,6.1,43.5,"79.33400411","94.532200616",22.3,52.2
"Kirby, George",669923,2025,27,"23","126.0",524,480,121,85,20,1,15,137,29,26.1,5.5,".252",".392",".300","0.692","75",".249",".399",".300",".306",".300",".150","71.7",24.1,15.2,11.4,34.3,25.6,"7.1",21,8,1.9,50.3,32.4,"90.6","11.7",35.3,8.6,43.9,"80.563014713","94.704687126",26.7,49
"Aguiar, Julian",687924,2024,23,"7","31.2",140,123,30,16,6,0,8,19,12,13.6,8.6,".244",".488",".336","0.824","24",".228",".461",".354",".339",".322",".233","72.3",29.8,13.9,11.4,30.3,24.9,"7.3",1,9.6,-1.1,47.8,32.8,"88.9","18",31.7,11.5,35.6,"77.876400196","94.014541373",18.6,49.6
"Keller, Mitch",656605,2023,27,"32","194.1",825,752,187,122,38,2,25,210,55,25.5,6.7,".249",".404",".308","0.712","99",".248",".406",".310",".315",".310",".158","71.5",23.8,16.5,12.5,35.6,27,"7.1",9,7.1,4.7,46.5,32.9,"87.7","10.3",36.5,8.6,35.6,"75.953749524","93.735176239",23.2,47.8
"De los Santos, Yerry",660787,2025,27,"25","35.2",160,139,37,30,6,0,1,28,17,17.5,10.6,".266",".331",".348","0.679","16",".268",".380",".307",".325",".350",".112","72.4",32.5,16.7,12.9,34.9,26.9,"7.3",2,8.8,-1.2,45.4,33,"89","5",27.2,5.3,41.2,"77.413747321","94.407822857",22.7,46.3
"Thompson, Ryan",657044,2023,31,"31","30.2",121,108,20,11,6,0,3,21,8,17.4,6.6,".185",".324",".267","0.591","22",".197",".349",".264",".279",".277",".152","70.6",21.1,8.2,7,29.5,25.4,"7",1,6.1,3.5,35.2,33.2,"86.9","5",17,5.7,34.1,"75.112111628","93.446035412",17.8,44.4
"Megill, Trevor",656730,2025,31,"50","47.0",192,172,36,22,11,0,3,60,17,31.3,8.9,".209",".326",".276","0.602","12",".221",".364",".259",".281",".289",".143","70.7",18.6,11.1,8.2,34.3,25.4,"7.2",19,7.5,1,49.7,31.9,"91","12.5",36.5,7.8,39.1,"81.389763393","94.67628625",31.4,49
"Estévez, Carlos",608032,2024,31,"54","55.0",212,198,38,26,5,2,5,50,12,23.6,5.7,".192",".313",".241","0.554","7",".217",".404",".235",".283",".265",".186","71.2",18.6,10.3,7.8,33.1,24.9,"7.1",5,7.6,4.2,47.2,29.9,"90.3","19.5",38.9,10.1,42.3,"81.0762316","94.476650872",25.6,52.3
"Banks, Tanner",621383,2025,33,"69","67.1",267,250,56,39,6,2,9,61,12,22.8,4.5,".224",".372",".261","0.633","69",".252",".420",".273",".303",".288",".168","71.2",19.6,12.2,9.7,28,22.2,"7",5,6.1,5.3,46.8,32.1,"87.8","14.9",40.4,7.8,36.8,"76.441604574","93.663802872",21.9,50.1
"Bido, Osvaldo",674370,2023,27,"16","50.2",236,204,55,42,8,1,4,48,21,20.3,8.9,".270",".377",".356","0.733","21",".272",".383",".326",".334",".360",".111","71.8",21,10.6,8,26.5,20,"7.4",3,10.5,-0.4,52.7,32.6,"87.5","17.4",37.1,4.4,37.1,"76.658021646","93.273107134",22.7,45
"Ruiz, José",614179,2024,29,"52","51.0",217,196,51,35,8,0,8,52,17,24,7.8,".260",".423",".318","0.741","27",".252",".419",".320",".317",".313",".167","71",22,12.5,9.3,36.2,27,"7.3",12,9.4,0.8,53.5,32.8,"90.7","12.4",28.6,8.2,42.2,"80.897273288","94.637615655",27.6,50.8
"Yates, Kirby",489446,2023,36,"61","60.1",254,210,35,22,4,0,9,80,37,31.5,14.6,".167",".314",".304","0.618","36",".203",".393",".282",".327",".337",".190","70.2",13.5,10.2,7.3,25.5,18.2,"7.2",7,9.1,-1.1,49.2,33.9,"90.6","16.8",34.8,10.6,40.2,"81.563198154","94.286388295",30.8,45.5
"Cantillo, Joey",676282,2026,26,"26","125.2",542,477,122,80,25,2,15,139,59,25.6,10.9,".256",".411",".339","0.750","72",".228",".368",".332",".304",".315",".140","72.2",26.5,14.6,10.4,32,22.8,"7.5",18,13.2,-9.2,49.8,31.4,"88.2","10.6",31,8.2,39.2,"76.953419643","93.884976776",30.7,45
"Kerkering, Orion",689147,2024,23,"64","63.0",257,229,51,37,12,0,2,74,17,28.8,6.6,".223",".301",".297","0.598","37",".219",".329",".271",".282",".294",".110","70.5",17.3,10.5,7.7,31.5,23,"7.3",8,8.4,0.9,47.8,33.3,"87.3","5.4",32.3,5.1,33.5,"76.377573846","93.15931271",27.8,45.4
"Brigham, Jeff",656257,2023,31,"37","37.2",160,136,26,13,4,0,9,42,18,26.3,11.3,".191",".419",".306","0.725","17",".212",".424",".317",".329",".325",".212","71.4",19,9.4,7.9,28.3,23.8,"7.1",0,12,-1.7,64.1,31.2,"90","20.6",33.7,11.6,34.7,"80.272843191","94.070005851",27.9,45.3
"Rom, Drew",680723,2023,23,"8","33.2",170,150,51,27,14,3,7,32,19,18.8,11.2,".340",".613",".412","1.025","23",".273",".520",".431",".372",".352",".248","71.6",21.8,18.9,15.9,36.8,31,"7.1",2,6.8,3.4,47.4,31.5,"91.3","13.7",37,12.6,45.4,"80.754740667","95.463336891",18.4,43.7
"Singer, Brady",663903,2024,27,"32","179.2",762,693,175,116,34,3,22,170,54,22.3,7.1,".253",".405",".315","0.720","87",".265",".437",".316",".336",".327",".172","71.6",25,16.2,12.6,36.3,28.1,"7.4",29,10.6,-2.8,47.8,34,"88.9","8.9",35.6,8,41.7,"77.275001577","94.431135896",25.1,44.7
"Vest, Will",676684,2023,28,"48","48.1",199,185,40,27,9,1,3,56,13,28.1,6.5,".216",".324",".268","0.592","22",".225",".364",".259",".277",".276",".140","70.5",18.6,6.1,4.7,33.3,25.6,"6.9",2,5.8,6.7,42.7,32.9,"90.2","11",35.7,5.4,45,"80.106366923","94.698587132",24.3,47.6
"Mantiply, Joe",573009,2023,32,"35","39.0",157,148,35,20,9,2,4,28,9,17.8,5.7,".236",".405",".280","0.685","20",".245",".435",".292",".309",".289",".189","72.3",26.8,11.7,9.4,35.1,28.3,"7.4",2,9.7,-1.4,52.8,34,"87.7","7.1",28.3,9.2,35.8,"76.512844833","93.591291513",23.2,49.7
"Assad, Javier",665871,2025,27,"8","37.0",153,136,33,23,4,3,3,23,12,15,7.8,".243",".382",".320","0.702","21",".281",".412",".310",".339",".354",".132","72.2",23.8,15.9,13.4,33.3,28,"7",3,6.7,5.2,47.7,32.8,"88.5","9.6",32.5,3.5,40.4,"76.66852614","94.317117807",16.5,46
"Urquidy, José",664353,2023,28,"16","63.0",275,247,65,41,12,1,11,45,25,16.4,9.1,".263",".453",".335","0.788","33",".254",".429",".340",".332",".328",".175","71.7",24.8,9.7,7.6,27.7,21.8,"7.4",3,11.7,-3.9,60.3,30.8,"86.6","17.4",37.9,8.9,34,"75.045406667","93.081307833",25,51.4
"Bennett, Jake",687562,2026,25,"14","80.2",323,297,69,52,11,0,6,61,17,18.9,5.3,".232",".330",".278","0.608","47",".229",".362",".267",".278",".276",".133","72.2",29,14.6,11.3,33.6,26.1,"7.3",13,9.9,-1.6,47.8,31.9,"88","11.8",29.8,6.2,36.4,"76.130552308","93.995193648",24,52.6
"Kershaw, Clayton",477132,2024,36,"7","30.0",133,119,36,26,7,1,2,24,9,18,6.8,".303",".429",".353","0.782","21",".285",".412",".336",".332",".343",".128","72.4",29.7,19.8,16,35,28.3,"7.6",5,13.4,-7.2,56.4,33.3,"90.4","14.1",38.8,4.1,40.8,"79.444124082","94.903124433",21.7,50.2
"Karinchak, James",675916,2023,27,"44","39.0",171,135,24,13,4,1,6,52,28,30.4,16.4,".178",".356",".322","0.678","19",".199",".378",".300",".328",".347",".179","70.1",16.3,11.5,8.8,27.9,21.3,"7.2",3,10.1,0.9,55,29.2,"90.4","20.7",38.6,12.5,38.6,"81.019822273","94.233027816",29.8,40.8
"Lee, Dylan",669276,2024,29,"52","59.2",240,221,49,30,11,1,7,76,17,31.7,7.1,".222",".376",".276","0.652","22",".198",".341",".277",".256",".254",".144","71.7",23.6,11.4,7.2,29.9,18.9,"7.8",13,16.7,-13.7,44.8,33.1,"87.5","16.8",35.4,7.5,32,"76.755771507","93.202362621",37.7,57.4
"Verlander, Justin",434378,2024,41,"17","90.1",396,358,98,67,14,2,15,74,27,18.7,6.8,".274",".450",".331","0.781","52",".229",".396",".337",".304",".293",".166","71",18.2,10.4,8.3,32.6,25.8,"7.3",6,11.2,-2.4,56.5,30.8,"88.6","20.9",39.1,6.9,32.5,"78.654585694","93.349929268",21.3,48.7
"Schmidt, Clarke",657376,2023,27,"33","159.0",694,630,169,103,41,1,24,149,46,21.5,6.6,".268",".451",".326","0.777","85",".252",".419",".334",".320",".312",".168","71.8",25.2,13.6,11,30.3,24.4,"7.3",14,10.1,-0.2,53.3,32.5,"89.2","13.8",31.1,7.6,41,"77.79197595","94.39970499",22.8,47.1
"Brebbia, John",605154,2024,34,"59","55.1",242,220,56,34,11,0,11,67,19,27.7,7.9,".255",".455",".322","0.777","15",".260",".451",".337",".339",".327",".191","70.5",15.4,12.6,9.6,30,22.8,"7.2",8,9,0.3,48.4,31.6,"88.8","19.7",39.9,10.5,37.3,"77.762331842","94.16101875",25.5,49.7
"McKenzie, Triston",663474,2024,26,"16","75.2",340,288,69,39,10,1,19,74,49,21.8,14.4,".240",".479",".351","0.830","43",".237",".488",".359",".360",".349",".251","71.7",23.8,16.5,13.2,36.3,28.9,"7.5",8,12.2,-5.5,54.8,31.7,"90.7","20",31.6,13.1,41.9,"80.739328131","94.829605352",23.1,42.5
"Assad, Javier",665871,2024,26,"29","147.0",638,562,143,91,30,2,20,124,63,19.4,9.9,".254",".422",".333","0.755","85",".258",".445",".330",".344",".338",".186","72",27.1,14.7,12.3,35.5,29.8,"7.2",16,8.6,0.9,48.9,32.5,"89.1","13.3",36,8.8,39.8,"78.304060092","94.272452936",17.9,42.5
"Winckowski, Josh",670174,2024,26,"40","76.0",336,298,81,56,15,0,10,60,26,17.9,7.7,".272",".423",".334","0.757","28",".259",".410",".327",".322",".325",".150","71.3",21.2,16.8,13.7,35.8,29.2,"7",11,7,2.8,50.7,33.4,"88.5","7.1",34.1,6.1,43.1,"76.730726667","94.343318208",20.9,47.8
"Iglesias, Raisel",628452,2023,33,"58","55.2",231,214,51,35,9,0,7,68,15,29.4,6.5,".238",".379",".286","0.665","13",".219",".376",".285",".275",".268",".157","71.2",22.6,9.9,7.1,28.5,20.3,"7.4",4,12.4,-5.3,56.5,33.7,"88.8","12.5",35.8,6.8,37.8,"78.013517432","93.903349252",32.7,53.4
"Farris, Mitch",815083,2026,25,"26","47.1",204,180,49,29,11,0,9,49,23,24,11.3,".272",".483",".358","0.841","10",".268",".450",".365",".351",".355",".182","71.5",25.8,17.6,13.2,38.3,28.8,"7.3",9,11.4,-4.4,49.7,32.7,"90.3","15.2",42,8.5,48.8,"79.606484769","95.012994031",27.7,44.2
"Gallegos, Giovanny",606149,2023,31,"56","55.0",229,214,54,30,13,0,11,59,12,25.8,5.2,".252",".467",".291","0.758","29",".247",".453",".322",".315",".286",".206","70.5",12.3,12.4,8.6,36.3,25.2,"7.4",2,12.6,-5.1,48.8,32.3,"90.5","16.3",38.6,10.1,46.2,"80.313157436","94.854441667",36.2,51.9
"Peralta, Wandy",593974,2026,34,"54","62.0",261,234,65,45,14,1,5,39,22,14.9,8.4,".278",".410",".344","0.754","27",".266",".377",".332",".314",".333",".111","72.4",27.5,11,8.5,31.4,24.4,"7.5",2,10.8,-2.9,50.9,33.5,"87.1","8",36.9,3.5,33.3,"75.775110309","93.261601606",21.9,51.3
"Nola, Aaron",605400,2024,31,"33","199.1",820,764,189,118,39,2,30,197,50,24,6.1,".247",".421",".295","0.716","125",".242",".398",".310",".304",".292",".156","71.7",24.4,14.3,10.9,32.6,24.8,"7.5",30,12.7,-5.9,55,33.1,"88.5","12",35.4,7.2,38.2,"77.265343569","94.038174053",25.2,48.6
"Slaten, Justin",686580,2024,26,"44","55.1",224,211,47,36,6,1,4,58,9,25.9,4,".223",".318",".259","0.577","27",".234",".359",".253",".284",".273",".126","71.1",18.2,10.9,7.8,32.8,23.5,"7.3",10,10.3,-2.2,48.8,32.2,"87.8","8.6",30.3,3.9,36.8,"76.357499351","93.741672403",29,53.5
"Bradish, Kyle",680694,2023,26,"30","168.2",671,615,132,90,27,1,14,168,44,25,6.6,".215",".330",".275","0.605","97",".235",".390",".268",".300",".295",".155","71.5",22.2,12.5,9.4,34.5,26,"7.2",13,8.5,3.6,45.6,33.6,"90","6.6",33.3,6.9,42,"80.023999375","94.268400156",26,45.8
"Bachar, Lake",669199,2026,31,"42","68.2",281,250,50,31,7,0,12,72,24,25.6,8.5,".200",".372",".279","0.651","30",".206",".372",".288",".292",".286",".166","72.1",24.8,13,9.2,32.9,23.3,"7.7",14,12.8,-6.7,56.9,31.8,"89.1","17.2",30.6,9.4,35.6,"78.869059775","93.881960113",30.3,45.9
"Baker, Bryan",641329,2025,30,"73","68.2",274,255,59,35,9,2,13,83,17,30.3,6.2,".231",".435",".278","0.713","37",".233",".447",".306",".311",".280",".215","71.4",22.6,15.8,11.3,31.6,22.6,"7.3",9,10.3,-0.5,50.1,30.5,"90.6","16.7",35.1,12.6,48.3,"79.631394483","95.34969185",29.1,51.1
"Zerpa, Angel",672582,2023,23,"15","42.2",182,169,46,28,11,0,7,36,8,19.8,4.4,".272",".462",".319","0.781","18",".260",".438",".335",".322",".308",".178","71.4",22.2,13.1,10.6,33.5,27,"7.2",1,8.1,2.9,44.2,33.1,"90.4","6.4",30.6,8.2,45.5,"79.838697727","94.965371527",19.9,49.6
"Ward, Thaddeus",663658,2023,26,"26","35.1",160,129,29,18,4,0,7,30,28,18.8,17.5,".225",".419",".369","0.788","27",".233",".442",".347",".361",".376",".209","72.9",30.4,21.1,17.4,31.6,26.1,"7.3",1,5.4,2.5,28,32.4,"89.4","12.8",31,10,37,"78.8910772","94.191185455",23.2,38.6
"Hoglund, Gunnar",680684,2025,25,"6","32.1",139,127,38,22,6,0,10,23,11,16.5,7.9,".299",".583",".353","0.936","26",".302",".622",".395",".408",".355",".320","71.8",26.7,19.8,15.6,40.1,31.6,"7.3",4,10.4,-2,58.4,33.1,"92.4","14.4",36.2,16.2,45.7,"82.198187547","96.00007381",22,45.7
"Bender, Anthony",669622,2025,30,"51","50.0",204,181,32,21,7,1,3,42,21,20.6,10.3,".177",".276",".270","0.546","27",".215",".365",".245",".294",".304",".150","71.4",20.6,16.7,13.5,39.5,32,"7.3",8,10.3,-2.1,50.5,32.9,"89.6","8.4",23.7,7.2,44.6,"78.707356957","94.508008759",20.6,41.5
"Toussaint, Touki",657053,2023,27,"20","87.0",384,310,69,49,9,1,10,85,57,22.1,14.8,".223",".355",".349","0.704","41",".247",".410",".317",".351",".374",".162","71.6",22.9,14.8,11.5,32.8,25.5,"7.5",5,12,-5.2,53.1,33.8,"89.1","7",34,7.7,39.6,"78.377955","94.19691645",25.2,40.1
"Otañez, Michel",671305,2024,26,"36","34.0",151,126,27,20,5,0,2,55,20,36.4,13.2,".214",".302",".331","0.633","21",".147",".230",".291",".251",".280",".083","71",19.7,10.5,6.4,27.3,16.7,"7.3",9,10.2,-2.2,44.1,31.6,"86.3","15.2",35.6,4.1,32.9,"75.723960541","92.549203014",39.9,46.8
"Festa, Matt",670036,2025,32,"63","54.2",226,199,44,33,6,1,4,56,15,24.8,6.6,".221",".322",".288","0.610","28",".232",".341",".268",".290",".304",".109","71.3",19.5,13.3,9.9,33,24.6,"7",9,6.6,3.4,48.5,32.2,"87.4","13.2",36,6,34,"76.399022192","93.278516621",27.3,51.5
"Blackburn, Paul",621112,2023,29,"21","103.2",464,409,117,81,22,3,11,104,43,22.4,9.3,".286",".435",".352","0.787","48",".259",".414",".340",".325",".331",".155","71.5",22.8,12.6,9.6,31.6,23.9,"7.4",10,12.1,-3.6,54.1,33.7,"87.2","12.2",38,5.8,33.2,"75.914154103","93.276282179",23.8,45.7
"Poulin, PJ",676571,2026,29,"35","36.2",153,131,27,16,7,0,4,25,21,16.3,13.7,".206",".351",".320","0.671","35",".256",".441",".302",".353",".365",".185","72.6",32.3,18.8,15.9,39.6,33.6,"7.4",3,10.3,-4.1,50.4,33.6,"91.3","13.5",29.2,9.6,44.3,"81.487914808","95.201824808",16.9,40
"Matthews, Zebby",805673,2025,25,"16","79.1",354,323,94,67,15,0,12,88,24,24.9,6.8,".291",".449",".335","0.784","38",".265",".447",".338",".333",".317",".183","71.8",24.6,13.7,10.2,33.8,25.3,"7.3",14,10.3,-0.8,53.4,32.8,"89.2","16.5",44.2,9.9,38.8,"78.10472475","94.382515292",27.5,51.1
"Sheehan, Emmet",686218,2025,25,"15","73.1",291,265,49,30,10,2,7,89,22,30.6,7.6,".185",".317",".251","0.568","44",".203",".346",".251",".271",".269",".143","71.7",20.3,11.5,8,29.2,20.3,"7.3",17,10.5,-4.4,56.4,30.2,"89.3","20.1",37.6,10.1,41.6,"78.513132472","94.324085281",32.9,50.4
"Pepiot, Ryan",686752,2025,27,"31","167.2",679,607,134,78,27,3,26,167,61,24.6,9,".221",".404",".297","0.701","92",".225",".401",".306",".310",".303",".175","72.1",27.1,13.8,10.4,30.5,22.9,"7.3",20,9.7,-0.7,52.4,31.3,"90.1","15.9",36.6,9.7,42.5,"79.1526625","94.907501",26,50.1
"Bivens, Spencer",702352,2024,30,"27","48.2",202,188,47,31,7,0,9,37,11,18.3,5.4,".250",".431",".294","0.725","35",".242",".438",".311",".314",".287",".196","71.4",23.1,15.2,12.3,34.8,28.4,"7.3",4,10.7,-0.9,49.5,33.9,"88.7","8.7",28.1,7.8,36.6,"78.225030526","93.736214211",18.7,46
"Jameson, Drey",686753,2023,25,"15","40.2",174,154,40,28,6,0,6,37,18,21.3,10.3,".260",".416",".339","0.755","26",".249",".506",".330",".356",".329",".257",,,,,,,,,,,,,"92","11.9",33.9,13.6,47.5,"81.972548136","95.568070763",30,46
"Schmidt, Clarke",657376,2025,29,"14","78.2",316,282,56,33,12,2,9,73,30,23.1,9.5,".199",".351",".276","0.627","37",".198",".339",".277",".272",".276",".141","72.4",28.7,13.5,10.2,31.2,23.4,"7.2",12,8.7,-0.3,54.5,31.8,"88.1","19.6",32.5,6.6,35.4,"77.140581038","93.721791185",26.6,47.6
"McCullers Jr., Lance",621121,2025,31,"16","55.1",274,227,61,38,12,1,10,61,39,22.3,14.2,".269",".463",".392","0.855","41",".242",".428",".376",".353",".369",".186","72.2",27.5,17.8,13.8,33.3,25.8,"7.5",11,12.1,-3.8,54.3,34,"90.5","12.1",33.7,11.4,50,"79.437344337","95.287341084",25.1,40
"Brieske, Beau",689225,2023,25,"25","35.0",152,139,36,23,9,0,4,31,12,20.4,7.9,".259",".410",".316","0.726","9",".248",".393",".315",".306",".308",".145","71.6",24.2,10.7,8.5,26.3,21,"7.3",3,9,-0.6,51.6,32.9,"87.2","12.4",32.1,5.8,32.4,"75.475923846","93.548403173",21.9,49.5
"Gray, Jon",592351,2024,32,"23","102.2",439,408,107,75,17,4,11,86,28,19.6,6.4,".262",".404",".308","0.712","41",".272",".447",".309",".332",".318",".176","71.6",23.5,14.5,11.2,35.6,27.4,"7.3",11,9.6,-1.1,52,33.9,"90.5","15.3",34.8,8.7,42.2,"80.087355563","94.980957625",23.8,51.6
"Hughes, Gabriel",687312,2026,24,"8","37.2",164,146,39,25,9,2,3,33,13,20.1,7.9,".267",".418",".331","0.749","18",".232",".338",".328",".287",".302",".106","72.3",28,6.6,5.5,28.6,24,"7.2",6,7,1.7,50.4,33.2,"88","15.1",35.3,4.3,28.4,"79.014372679","92.537900536",19.7,48.4
"Blubaugh, AJ",805123,2026,25,"46","75.0",315,272,58,35,12,1,10,77,33,24.4,10.5,".213",".375",".297","0.672","43",".217",".383",".296",".309",".308",".166","71.5",22.2,11.1,8.1,28.3,20.7,"7.2",13,9.4,-0.8,44.3,31.4,"89.4","19.4",37.4,9.9,36.9,"79.611725918","93.706316888",28.7,49
"Rodríguez, Yariel",684320,2024,27,"21","86.2",368,323,74,46,16,1,11,85,40,23.1,10.9,".229",".387",".319","0.706","36",".228",".372",".312",".309",".318",".144","71.8",24.5,12.1,9.2,29.5,22.6,"7.4",11,10.4,-2.5,48.9,31.8,"87.8","16.8",28.9,6.3,37.2,"76.520751261","93.720160549",25.7,45.4
"Ross, Joe",605452,2024,31,"25","74.0",321,287,72,55,10,0,7,66,29,20.6,9,".251",".359",".319","0.678","41",".238",".395",".299",".312",".309",".157","72",25.2,13.8,10.3,35,26,"7.4",10,10.6,-3.1,48.2,32.9,"88.7","16.7",30.8,8,38.8,"77.828361081","93.973218468",27.1,49.4
"Martinez, Seth",661527,2023,28,"35","43.0",195,170,45,27,12,1,5,45,19,23.1,9.7,".265",".435",".359","0.794","33",".262",".452",".345",".350",".356",".191","72.1",25.6,17.6,14,38.2,30.2,"7.5",0,11.7,-6,43.5,31.5,"90.2","12.3",40.8,9.6,45.6,"78.59309459","95.292387705",25.4,45.8
"Weissert, Greg",669711,2026,31,"49","46.1",199,180,43,29,7,0,7,46,15,23.1,7.5,".239",".394",".303","0.697","13",".224",".362",".305",".289",".293",".138","71.8",22.1,10.5,8.1,30.2,23.3,"7.3",3,9.4,-0.7,58.6,31.7,"86.9","10.3",27.4,5.2,32.6,"76.015563881","93.024099624",22.8,49.2
"Wheeler, Zack",554430,2025,35,"24","149.2",585,542,107,65,21,2,19,195,33,33.3,5.6,".197",".349",".253","0.602","73",".189",".313",".263",".247",".245",".124","71.7",24.3,10.5,7.5,27.1,19.2,"7.2",32,8.7,0.6,48.5,32.1,"87.4","13.2",36.7,7.2,34.1,"76.480608966","93.227809971",31.5,50.3
"Springs, Jeffrey",605488,2024,31,"7","33.0",142,129,34,24,5,0,5,37,11,26.1,7.7,".264",".419",".324","0.743","9",".227",".385",".324",".303",".295",".158","71.2",22.9,16.5,11.9,34.1,24.7,"7.4",4,10.4,-3.6,51.5,30.6,"89.3","15.9",38.7,9.7,46.2,"79.04063587","94.027314674",29.9,48.5
"Barlow, Scott",605130,2023,30,"63","68.0",299,252,61,46,10,1,4,79,34,26.4,11.4,".242",".337",".337","0.674","18",".233",".341",".299",".300",".331",".108","70.2",14.7,8.8,6.4,30,22,"7.4",5,11.6,-6.3,49.1,34.1,"85.5","11.2",39.2,4.4,29.8,"73.854599438","92.647788983",31.2,43.9
"Scherzer, Max",453286,2025,40,"17","85.0",358,332,87,47,21,0,19,82,23,22.9,6.4,".262",".497",".313","0.810","54",".245",".482",".346",".332",".297",".237","72.6",29.2,13.9,10.7,29.2,22.5,"7.4",6,11.3,-3.8,55.1,32.8,"88.3","21.5",38.2,12.4,38.2,"76.999474683","94.042422948",23.6,50.1
"Fairbanks, Pete",664126,2024,30,"46","45.1",185,166,36,28,4,0,4,44,17,23.8,9.2,".217",".313",".288","0.601","7",".253",".396",".265",".313",".321",".143","71",19.6,15.3,12.4,36,29.2,"7.3",5,10.3,-1.8,59.8,31.3,"89.1","15.3",31.5,5.6,41.1,"78.057306066","94.449698443",21.8,44.8
"Ort, Kaleb",672391,2025,33,"49","46.0",194,164,35,21,6,0,8,49,27,25.3,13.9,".213",".396",".323","0.719","17",".187",".345",".316",".287",".300",".158","71.7",25.3,12.9,9.3,28,20.1,"7.3",4,10.4,-2.5,50.9,29.6,"89.3","17.1",25.9,7.8,37.9,"78.636906379","94.296714914",29.2,46.4
"Chafin, Andrew",605177,2025,35,"42","33.2",143,122,29,26,1,0,2,36,19,25.2,13.3,".238",".295",".338","0.633","21",".214",".319",".292",".290",".318",".105","72.2",28.3,9.4,7.1,27.2,20.4,"7.5",7,12.6,-8,49.6,34.1,"87.3","12.8",27.3,3.4,37.5,"76.52036","93.195206322",27.7,45.9
"Fisher, Braydon",680755,2026,25,"60","63.0",256,212,44,29,7,1,7,57,34,22.3,13.3,".208",".349",".321","0.670","29",".224",".363",".295",".314",".340",".139","71.7",25.2,14.6,11.1,32,24.4,"7.6",13,14.1,-8.3,56.1,31.3,"87.7","11.5",30.2,10.5,37,"76.576802025","93.492585924",26.5,44
"Holmes, Clay",605280,2025,32,"33","165.2",708,622,150,110,25,1,14,129,66,18.2,9.3,".241",".352",".324","0.676","103",".245",".394",".302",".322",".330",".150","72",27.3,16,12.6,36.2,28.6,"7.4",22,11.8,-2.1,54.4,33.6,"89.7","4.4",30.5,6.8,42.3,"78.369750081","94.822225709",22.1,44.8
"Kauffmann, Karl",666154,2023,25,"11","35.0",158,135,42,26,11,0,5,16,16,10.1,10.1,".311",".504",".392","0.896","24",".302",".538",".384",".400",".389",".236","72.9",32.2,14.9,13,35.6,31.3,"7.3",2,9.3,0.2,60.3,34.5,"93.4","12.5",36.1,9,49.2,"85.298930164","95.724048099",17.2,45
"Francis, Bowden",670102,2024,28,"27","103.2",408,377,74,42,15,0,17,92,22,22.5,5.4,".196",".371",".253","0.624","31",".217",".391",".272",".290",".272",".175","71.6",24,11.7,9.4,31.3,25.1,"7.2",12,10.9,-3.1,53.3,31.4,"89.1","18.9",35.5,8.7,36.2,"79.064047622","93.806003811",21.2,51.7
"Jansen, Kenley",445276,2024,36,"54","54.2",218,194,38,25,9,0,4,62,20,28.4,9.2,".196",".304",".271","0.575","18",".207",".368",".253",".286",".284",".161","71",18.6,10.4,8,34.6,26.5,"7.1",8,9.4,0.8,59.9,30.4,"90.4","22.3",36.3,11.1,37,"81.42870806","94.007212015",27,49.4
"Elder, Bryce",693821,2024,25,"10","49.2",226,206,64,45,9,2,8,46,17,20.4,7.5,".311",".490",".367","0.857","15",".280",".441",".370",".342",".340",".161","71.9",25.1,17.4,13.3,39.5,30.2,"7.5",5,11.6,-3.1,53.1,33.9,"89.9","8.1",31.1,8.7,45.3,"79.59739125","94.476407875",25.5,44
"Harris, Hogan",663687,2025,28,"48","64.2",277,239,54,37,12,0,5,65,33,23.5,11.9,".226",".339",".319","0.658","20",".239",".353",".289",".305",".334",".114","70.6",18.1,10.5,8.2,34.1,26.5,"7.2",4,8.8,-0.4,48,31.1,"88","14.9",34.8,5.6,32.6,"77.910871023","93.049922557",23,45.6
"Henriquez, Ronny",678692,2025,25,"69","73.0",303,267,53,33,12,0,8,98,27,32.3,8.9,".199",".333",".278","0.611","57",".181",".349",".269",".269",".265",".168","71.8",25.2,15.5,10.3,32.3,21.4,"7.6",23,13.1,-8.8,51.1,33.2,"88.3","15.8",33.9,10.9,42.5,"76.803106744","94.152020702",36,49.4
"Montgomery, Jordan",656756,2024,31,"25","117.0",532,478,149,92,40,3,14,83,44,15.6,8.3,".312",".496",".369","0.865","82",".284",".452",".370",".350",".347",".167","72",25.4,17,12.8,37.7,28.4,"7.6",20,13.4,-6.8,54.8,33.3,"88.6","12.2",36.6,6,41,"77.212722234","94.218289135",26.9,49.6
"Treinen, Blake",595014,2024,36,"50","46.2",184,170,33,19,9,0,5,56,11,30.4,6,".194",".335",".250","0.585","42",".187",".304",".257",".246",".245",".117","71.1",22,9.6,7.5,27.1,21,"7.3",13,10,-3.4,50.2,32.5,"87.6","14",23.5,5.3,33.9,"76.513433684","93.467248053",27.9,48.2
"Civale, Aaron",650644,2023,28,"23","122.1",504,463,109,75,21,1,12,116,33,23,6.5,".235",".363",".293","0.656","65",".240",".386",".288",".299",".297",".146","71.7",25.5,13.1,10.4,31.9,25.3,"7.4",8,13.1,-3.3,57.5,31.7,"89","16",33.5,6.6,36.4,"78.321917907","94.02557481",22.7,46.9
"Megill, Tylor",656731,2023,27,"25","126.1",567,500,141,98,25,0,18,105,58,18.5,10.2,".282",".440",".362","0.802","68",".278",".479",".350",".365",".360",".201","71.7",21.6,17.5,13.8,36.4,28.6,"7.1",5,8.1,3.9,45.3,32.5,"89.8","11.7",37,9.1,42.6,"78.869756548","94.663499746",23.4,44.9
"McLean, Nolan",690997,2025,23,"8","48.0",188,170,34,26,4,0,4,57,16,30.3,8.5,".200",".294",".277","0.571","41",".225",".357",".259",".292",".299",".132","71.8",23,17.8,12.9,34.7,25.2,"7.2",5,7.5,3.1,46.3,34.8,"89.5","2.8",31,8,43.4,"77.761978772","94.963544071",28.4,42.4
"Manaea, Sean",640455,2024,32,"32","181.2",738,662,134,86,27,0,21,184,63,24.9,8.5,".202",".338",".280","0.618","100",".224",".388",".275",".304",".300",".164","70.9",18.4,10.8,8.1,28.5,21.4,"7.1",23,7.9,2.6,47.3,30.9,"88.6","16.3",37,7.5,37.8,"77.674456946","93.857812243",26.1,49
"Jansen, Kenley",445276,2025,37,"62","59.0",234,212,37,23,5,1,8,57,19,24.4,8.1,".175",".321",".245","0.566","17",".213",".425",".246",".301",".280",".212","72.8",32.4,11.9,9,32.4,24.3,"7.2",9,9.9,-1.4,56.5,30.8,"91.5","25.4",31.2,8.9,44.6,"82.345025714","94.96297526",25.8,55.7
"Harris, Hogan",663687,2023,26,"14","63.0",284,249,67,37,20,0,10,56,28,19.7,9.9,".269",".470",".348","0.818","30",".252",".468",".352",".345",".333",".217","71.8",21.3,18.5,12.9,37,25.8,"7.2",0,8.4,1,38,33.3,"90","13.8",35.2,9.2,44.9,"79.321777938","94.822451503",23.1,46
"Strahm, Matt",621381,2026,34,"41","35.2",161,145,39,19,8,0,12,30,14,18.6,8.7,".269",".572",".342","0.914","18",".225",".428",".388",".316",".302",".203","72",24.9,11.6,9.2,31.9,25.3,"7.3",3,11.1,-4.1,63,31.8,"89.5","24.4",28.7,11.3,39.1,"80.020580172","93.65788513",23.2,49.8
"Falter, Bailey",663559,2025,28,"26","125.1",518,464,115,68,27,1,19,81,46,15.6,8.9,".248",".433",".315","0.748","66",".263",".462",".324",".340",".329",".199","71.5",23.9,17.2,14.3,36.3,30.3,"7.1",11,9.1,-0.4,55.4,30.4,"90.5","18.3",32.3,9.5,45.1,"79.793242435","94.949158316",18.1,47
"Alexander, Tyler",641302,2025,30,"52","97.2",423,386,107,78,17,3,9,82,30,19.4,7.1,".277",".407",".331","0.738","48",".280",".438",".318",".332",".334",".158","71.1",22.1,15,11.8,34.2,26.9,"7.2",7,9.3,1.6,53.3,32.2,"88.5","16.6",37.3,5.9,39.6,"77.131036107","94.163849394",21.5,48.8
"Bello, Brayan",678394,2023,24,"28","157.0",668,611,165,103,36,2,24,132,45,19.8,6.7,".270",".453",".324","0.777","100",".250",".414",".334",".316",".308",".164","71.8",24.3,17.1,13.3,35.8,27.8,"7.4",8,10.4,-2.1,46.6,33.9,"89.5","4.9",28,7,44.3,"78.007244174","94.760085031",24.4,48.4
"Cleavinger, Garrett",664076,2024,30,"68","60.0",266,225,52,41,3,2,6,71,31,26.7,11.7,".231",".342",".338","0.680","31",".229",".380",".308",".325",".340",".151","71.5",23.1,11.2,7.9,29.6,20.9,"7.3",12,9,-1.9,46.9,32.7,"86.9","12.5",35,9.6,33.8,"75.131217143","93.391283766",30.3,47.8
"Blewett, Scott",656240,2025,29,"26","44.1",194,171,45,30,5,1,9,35,18,18,9.3,".263",".462",".333","0.795","23",".248",".446",".343",".332",".321",".198","72.3",28.3,22.4,16.6,39.9,29.6,"7.5",11,12,-4.9,54,32.4,"92.2","9.7",29.3,11.4,50,"82.82895029","95.764812117",27.6,48.4
"Rogers, Tyler",643511,2026,35,"59","57.1",237,213,46,39,6,1,0,29,20,12.2,8.4,".216",".254",".282","0.536","29",".227",".291",".237",".256",".293",".065","70.7",18.9,11.7,10.2,32.1,27.9,"6.8",1,0.2,10.4,27.2,33.9,"84.3","-1.2",23.1,1.1,27.4,"71.877621538","92.43690453",14,50.5
"Alcala, Jorge",660896,2024,28,"54","58.1",235,210,40,23,8,1,8,58,20,24.7,8.5,".190",".352",".269","0.621","28",".191",".347",".273",".277",".271",".155","71.2",21.1,10.1,7.3,29.1,21.1,"7.3",7,10.2,-0.7,53.7,31.2,"86.6","19",32,7.2,32.7,"75.350600132","92.994573289",28.1,48.9
"Elder, Bryce",693821,2023,24,"31","174.2",732,654,160,106,32,3,19,128,63,17.5,8.6,".245",".390",".316","0.706","113",".258",".414",".309",".327",".330",".156","72.3",28.8,16.6,13.1,37.7,29.6,"7.4",7,11.1,-3.6,52.1,34.4,"89.9","8.5",32,6,41,"79.502454545","94.398947273",23.6,46.3
"Matz, Steven",571927,2024,33,"12","44.1",190,171,49,32,10,0,7,33,15,17.4,7.9,".287",".468",".349","0.817","21",".266",".429",".352",".333",".332",".163","71",17.2,11.9,10,26.5,22.2,"7.1",3,6.1,5.4,44,32.1,"87.6","12.3",44.3,7.9,30.7,"77.279398986","93.058805109",18.1,48.3
"Stratton, Chris",608717,2023,32,"64","82.2",338,304,69,44,15,2,8,81,25,24,7.4,".227",".368",".285","0.653","32",".222",".392",".283",".296",".284",".170","71.2",23.1,14.6,11.6,35.9,28.5,"7.3",1,8.8,0.1,55.1,31.9,"89.7","17.3",30.4,8.3,39.1,"79.772715526","93.99139141",22,47.5
"Moll, Sam",594580,2024,32,"48","37.2",152,134,27,19,4,1,3,38,14,25,9.2,".201",".313",".283","0.596","13",".194",".327",".261",".269",".280",".134","71",18.3,13.6,10.4,32.4,24.8,"7.1",4,7.5,2.1,48.5,31.7,"88.8","10.1",27.6,6.1,36.7,"78.359457708","93.818633125",25.6,45
"Marsh, Alec",679525,2023,25,"17","74.1",342,290,77,39,17,5,16,85,39,24.9,11.4,".266",".524",".369","0.893","32",".254",".495",".381",".369",".360",".240","72",29,16.4,11.8,36.3,26.2,"7.5",12,11.9,-3.1,52.1,32.8,"89.7","14.2",40.4,9.6,41.8,"79.174797941","94.346829314",29.6,45.5
"Musgrove, Joe",605397,2023,30,"17","97.1",399,365,90,63,17,0,10,97,21,24.3,5.3,".247",".375",".301","0.676","82",".223",".345",".295",".275",".279",".123","71.1",16.7,16,12.7,37,29.4,"7.4",2,11,-3.4,47.6,34.2,"87.5","11.1",32.4,5.1,33.5,"76.963213382","93.134513137",26,49.4
"Cobb, Alex",502171,2023,35,"28","151.1",646,600,163,107,33,4,19,131,37,20.3,5.7,".272",".435",".319","0.754","74",".273",".445",".325",".333",".322",".172","71.9",24.4,16.9,13.8,38.5,31.4,"7.3",6,9.5,0.4,58.5,33.9,"89.8","1.3",33.1,7,43.4,"78.162474979","94.959257569",21.7,44.9
"Herget, Jimmy",623474,2026,32,"37","35.0",162,134,39,22,10,1,6,35,20,21.6,12.3,".291",".515",".381","0.896","7",".232",".401",".380",".323",".337",".169","72.4",27.3,16,11.9,30.4,22.7,"7.6",7,13.3,-8.2,49.8,31.9,"88.7","20.6",33.3,10.5,37.1,"76.918521373","94.247607843",27.2,46.4
"Fitts, Richard",690916,2025,25,"11","45.0",195,171,43,30,2,0,11,40,16,20.5,8.2,".251",".456",".323","0.779","21",".266",".488",".337",".361",".342",".221","71.1",22.8,16,12.5,32.3,25.2,"7.1",12,8.3,0.5,54.5,31.2,"90.7","11.8",39.6,12.8,48.5,"79.695850909","95.34205947",25.3,53.2
"Junk, Janson",676083,2025,29,"21","110.0",447,421,112,74,29,1,8,77,13,17.2,2.9,".266",".397",".289","0.686","54",".277",".453",".295",".326",".304",".176","72.4",27.3,18.6,15.3,35.7,29.4,"7.3",5,8.9,0.8,54.3,32.1,"91.6","14.7",35.1,8.5,47.3,"81.205599371","95.649523095",18.2,52.5
"Shaw, Bryan",543766,2023,35,"38","45.2",190,166,39,28,8,0,3,40,17,21.1,8.9,".235",".337",".326","0.663","21",".231",".356",".299",".305",".323",".125","71.2",20.8,9.8,7.4,32.1,24.4,"7.2",1,9.4,0.8,43,34.1,"88.3","11.8",34.6,3.9,36.2,"78.456962969","93.371465906",23.4,45.3
"Quintana, Jose",500779,2023,34,"13","75.2",319,289,75,57,11,2,5,60,24,18.8,7.5,".260",".363",".314","0.677","38",".273",".430",".297",".330",".328",".157","72.4",29.1,12.8,10.1,33.4,26.5,"7.4",7,10,-0.4,53.4,32.9,"88.1","11.9",36.8,5.1,32.5,"77.668845897","93.358287339",21.6,45.5
"Wrobleski, Justin",680736,2024,23,"8","36.1",154,137,34,16,9,0,9,26,16,16.9,10.4,".248",".511",".331","0.842","28",".276",".534",".361",".381",".356",".258","71",20.4,17.8,13.9,38.2,29.8,"7",1,6.7,4.3,47,31.8,"90","21.7",44.1,11.7,36.9,"79.894842182","94.253606727",22.3,46.1
"Giolito, Lucas",608337,2023,28,"33","184.1",794,705,169,87,34,7,41,204,73,25.7,9.2,".240",".482",".317","0.799","106",".236",".449",".339",".329",".314",".213","71.4",24.8,16.1,11.8,33.3,24.4,"7.5",7,14.2,-7.3,41.1,32.4,"89.2","18.5",33.3,11,41.6,"77.97955087","94.420691621",28.8,46.8
"Fuentes, Didier",800311,2026,21,"44","53.2",218,197,42,31,7,0,4,69,15,31.7,6.9,".213",".310",".272","0.582","41",".216",".335",".258",".269",".275",".119","71.9",25.1,9.3,6.6,24.3,17.3,"7.1",8,7,3.3,42.7,31.2,"88.8","15.7",35.6,6.1,36.4,"79.075005538","93.362713411",30.5,52.6
"Greene, Hunter",668881,2023,23,"22","112.0",498,438,111,55,33,4,19,152,48,30.5,9.6,".253",".477",".337","0.814","60",".213",".389",".349",".303",".301",".176","70.6",16.6,9.1,6.8,28.2,20.9,"7.3",7,10.1,-4.7,45.6,30.6,"90.1","17.4",34.1,9,44.1,"79.486794615","94.826537544",30.7,49.2
"Simpson, Josh",681006,2025,27,"31","30.2",151,125,34,23,5,1,5,36,22,23.8,14.6,".272",".448",".393","0.841","23",".240",".383",".367",".333",".367",".143","72.4",30.8,16.1,12.5,31.2,24.2,"7.3",8,10.3,-1.1,52.8,32.8,"90.1","4.9",29.2,6.7,44.9,"79.500046444","95.10063382",26.1,45.7
"Matz, Steven",571927,2026,35,"24","64.1",275,249,61,34,12,2,13,49,21,17.8,7.6,".245",".466",".305","0.771","27",".278",".471",".332",".349",".337",".194","71.8",25.2,13.9,11,33,26.1,"7.3",6,8.7,0.2,52.4,32.8,"88.1","14.3",42.4,12.3,36,"76.543402376","94.012222475",21.4,47.3
"García, Luis",472610,2023,36,"61","59.2",267,234,59,44,8,1,6,53,24,19.9,9,".252",".372",".336","0.708","24",".252",".362",".313",".313",".336",".110","70.7",14.5,16.4,13.1,33.3,26.6,"7.2",0,8.3,-0.2,40.7,34.8,"87.1","-1.1",27.2,4.9,36.4,"75.00247956","93.714576685",25.4,47.5
"McDonald, Trevor",686790,2026,25,"14","70.1",310,271,69,49,12,1,7,57,23,18.4,7.4,".255",".384",".338","0.722","29",".246",".359",".323",".311",".332",".113","72.4",26.7,15.8,13,38,31.3,"7.6",20,9.9,-1.8,44,33.4,"89","3.7",27.6,4.2,37.8,"78.341862897","94.047566121",21.3,44.5
"Gray, Peyton",682608,2026,31,"42","48.1",213,191,46,29,9,2,6,50,14,23.5,6.6,".241",".403",".300","0.703","25",".231",".348",".302",".280",".293",".118","72",24.3,12.4,9.2,30,22.3,"7.5",0,11.9,-4.7,47.8,31.9,"86.3","19.3",31.7,6.3,33.1,"74.908177183","92.937333688",26.2,50.1
"Scott, Tanner",656945,2025,30,"61","57.0",237,213,54,34,7,2,11,60,17,25.3,7.2,".254",".460",".318","0.778","11",".246",".418",".332",".317",".313",".172","72",27.5,12.9,9.4,28.5,20.8,"7.3",13,9.2,-2.2,47.5,32.2,"90.8","18",34,9,42.3,"80.965295065","94.584847386",29.5,55.9
"Assad, Javier",665871,2023,25,"32","109.1",449,402,93,59,18,3,13,94,41,20.9,9.1,".231",".388",".306","0.694","51",".255",".418",".303",".330",".329",".163","71.7",23.9,16.2,13.1,33.9,27.3,"7.1",6,7.5,1.3,45.6,32.9,"87.6","11.4",31.2,9,41.2,"74.988090325","94.258846091",20.8,42.9
"Jackson, Luke",592426,2025,33,"52","51.0",219,182,41,33,4,0,4,38,28,17.4,12.8,".225",".313",".333","0.646","18",".239",".398",".286",".321",".346",".160","71.9",24,16.5,13.1,37.7,29.8,"7.5",8,10.8,-3.4,58.5,32.8,"90.8","7.7",28,6.7,44,"80.147962466","95.393444932",22.7,46.7
"Skubal, Tarik",669373,2023,26,"15","80.1",310,292,58,40,11,3,4,102,14,32.9,4.5,".199",".298",".242","0.540","52",".194",".293",".238",".237",".239",".099","70.5",17.2,13.6,9.5,30.7,21.5,"7.2",12,8,0.7,40.3,32.5,"88.5","8.7",24.6,4.2,40.3,"76.823271277","94.322965106",31.3,53
"Sterner, Justin",686993,2026,29,"46","42.2",184,168,46,26,9,0,11,40,13,21.7,7.1,".274",".524",".322","0.846","25",".225",".399",".359",".292",".280",".175","71.7",25.9,14.4,10.6,33.8,24.9,"7.3",9,10.6,-2.6,52.9,32,"90.3","14.9",30.5,9.2,45,"80.132451587","94.78859648",29.9,52.1
"Cecconi, Slade",677944,2024,25,"20","77.0",338,313,92,52,23,1,16,64,17,18.9,5,".294",".527",".335","0.862","35",".252",".461",".366",".330",".300",".209","71.1",20.5,13.9,11.3,34.8,28.2,"7.2",4,9.5,-0.6,48.6,32.1,"89","17.9",36,10.3,36.4,"78.3622732","94.005374217",19.6,49
"Hodge, Porter",687863,2024,23,"39","43.0",164,144,19,12,4,1,2,52,19,31.7,11.6,".132",".215",".238","0.453","23",".174",".285",".214",".260",".274",".112","71.2",20.9,11.7,8.3,31.8,22.4,"7.3",12,8.8,-2.1,46.5,32,"88.6","13.4",28.3,3.3,35.9,"77.685125652","93.994984239",32.8,45.2
"Pfaadt, Brandon",694297,2024,25,"32","181.2",760,707,183,122,31,6,24,185,42,24.3,5.5,".259",".421",".302","0.723","105",".243",".402",".312",".303",".289",".159","72",25.9,13.7,10.4,33.1,24.9,"7.4",20,10.8,-3.1,51.2,33.2,"89.4","14.1",33,8.2,39.4,"78.684914866","94.224942476",25.4,49.3
"Cole, Gerrit",543037,2023,32,"33","209.0",821,761,157,110,26,1,20,222,48,27,5.8,".206",".322",".259","0.581","112",".229",".380",".256",".288",".281",".151","71.4",20.8,10.9,8.3,29.6,22.3,"7.2",11,9.2,-0.1,53.3,30.5,"89.2","14.8",33.7,7.6,39.2,"78.703162612","93.996080634",26.2,50.1
"Montero, Rafael",606160,2025,34,"59","60.1",253,215,42,26,11,0,5,58,37,22.9,14.6,".195",".316",".312","0.628","11",".204",".327",".283",".295",".322",".123","72.2",28.8,11.7,8.5,28.1,20.3,"7.4",10,11,-3.3,55.3,31.6,"88.3","11.4",25.3,7,38.6,"76.808366154","94.108485769",29.3,47.1
"Rolison, Ryan",669020,2026,28,"44","49.0",197,173,39,29,5,0,5,47,22,23.9,11.2,".225",".341",".311","0.652","24",".239",".375",".294",".313",".325",".136","72.5",28.8,12.7,10.3,30.9,25,"7.3",9,8.9,0.4,51,33.1,"89.2","12.4",35.2,7,41.3,"79.324739206","93.83427873",21.5,44.3
"Trivino III, Lou",642152,2025,33,"47","47.2",207,178,46,34,5,1,6,37,18,17.9,8.7,".258",".399",".340","0.739","29",".252",".443",".323",".346",".342",".191","72.1",25.4,11.3,8.7,30.2,23.1,"7.4",4,10.9,-2.8,59.1,31.5,"87.1","20.1",34.2,9.6,30.8,"75.917096901","93.161742766",25.1,46.4
"Miller, Bobby",676272,2024,25,"13","56.0",258,226,69,44,7,1,17,52,30,20.2,11.6,".305",".571",".391","0.962","42",".293",".535",".411",".396",".381",".242","71.9",25.9,17,13.3,36.4,28.5,"7.4",10,11.4,-3.4,49.5,32.3,"91.5","10.4",34.5,11.6,47.7,"81.357185581","95.547014269",23.7,46.1
"Bello, Brayan",678394,2025,26,"29","166.2",700,620,147,107,23,1,16,124,59,17.7,8.4,".237",".355",".314","0.669","94",".258",".409",".297",".327",".333",".151","72.1",27.8,15.1,12.2,32.2,26.2,"7.4",18,10.4,-2.6,52.3,33.8,"88.8","9",30.8,7.1,39.3,"77.392833825","94.176171155",20.1,45.8
"Williams, Devin",642207,2025,30,"67","62.0",259,228,45,28,11,1,5,90,25,34.7,9.7,".197",".320",".287","0.607","27",".192",".314",".271",".272",".285",".122","72",25.9,12.3,7.7,28.8,18,"7.4",4,11.5,-4.9,48.3,31.4,"89.5","11.3",32.1,9.3,35.7,"79.328970286","94.280628201",37.7,50
"Rogers, Tyler",643511,2025,34,"81","77.1",299,288,66,54,7,1,4,48,7,16.1,2.3,".229",".302",".248","0.550","37",".246",".311",".241",".256",".266",".065","70.7",16.3,15.8,13.5,35.7,30.5,"6.9",9,0.6,9.6,28.1,34.6,"85.8","-2.9",26,2.1,33.1,"73.504614202","93.082203445",15.9,54.6
"Dollander, Chase",801403,2025,23,"21","98.0",441,381,103,70,14,1,18,82,49,18.6,11.1,".270",".454",".359","0.813","26",".249",".448",".354",".347",".344",".199","71.3",20.1,12.9,10.1,31.2,24.5,"7.1",14,6.4,2.3,39.8,33,"88.7","12.5",36.5,11.5,40.5,"77.237025033","94.268447185",22.9,47
"Santana, Dennis",642701,2024,28,"62","71.2",287,259,57,33,18,2,4,69,21,24,7.3,".220",".351",".287","0.638","36",".222",".347",".281",".283",".289",".125","70.7",16.1,9.4,6.8,31.1,22.5,"7.5",7,12,-5.9,50.8,33,"86.3","14.3",37.3,4.7,32.6,"75.299087917","92.748697016",28.2,50.7
"Raley, Brooks",548384,2026,38,"50","46.1",192,168,35,20,10,1,4,47,16,24.5,8.3,".208",".351",".284","0.635","35",".218",".346",".279",".288",".298",".128","72.1",23.5,10.8,8.4,29.6,23.2,"7.4",5,12.5,-4.8,47.9,32.1,"86.5","16.6",38.1,5.6,31,"74.869357833","93.110647731",23.8,47.2
"Henry, Tommy",674072,2024,26,"9","38.1",182,157,49,26,12,2,9,30,18,16.5,9.9,".312",".586",".392","0.978","37",".285",".520",".414",".385",".371",".235","72.6",31.8,16.5,14,33.9,28.7,"7.4",1,10.6,-1,54.9,33.6,"91.3","13.1",34.6,11.5,46.2,"81.22754","95.232340698",16.7,46.7
"Lucchesi, Joey",664192,2023,30,"9","46.2",195,175,44,27,13,0,4,32,17,16.4,8.7,".251",".394",".325","0.719","34",".267",".476",".316",".352",".339",".210","72.6",33.6,19.3,16,34.9,29,"7.3",1,8.2,3.2,47.8,31.7,"88.8","12.3",34,10.4,38.2,"76.992813286","94.404763813",17.4,43.8
"Garrett, Reed",657585,2024,31,"53","57.1",247,212,50,35,9,0,6,83,30,33.6,12.1,".236",".363",".333","0.696","33",".199",".312",".310",".280",".303",".112","71.3",26.1,12.5,8.1,28.3,18.3,"7.6",9,11.8,-7.2,51.4,33,"87.5","13.5",28,5.3,37.1,"75.597467692","93.735074385",37.6,45.9
"Funderburk, Kody",681892,2026,29,"41","39.2",167,139,27,24,1,0,2,33,22,19.8,13.2,".194",".245",".311","0.556","22",".221",".318",".263",".297",".334",".097","70.7",19.3,12.5,9.7,30.4,23.5,"6.9",3,5.6,6,40.7,31,"84.5","3.6",23.6,5.5,27.3,"72.148950192","92.548325825",22.6,43.1
"Brazobán, Huascar",623211,2026,36,"52","59.2",235,206,38,21,12,1,4,52,24,22.1,10.2,".184",".311",".270","0.581","40",".212",".307",".260",".274",".299",".095","72.6",30.9,8.6,6.6,23,17.5,"7.7",6,13.5,-8.1,53.8,32.8,"85.2","9.6",27.2,3.8,29.1,"73.466915769","92.579996",25.2,49.9
"Bido, Osvaldo",674370,2024,28,"16","63.1",259,224,43,28,12,0,3,63,26,24.3,10,".192",".286",".295","0.581","34",".180",".279",".265",".260",".284",".100","72.1",27.6,8.9,6.6,24.9,18.5,"7.4",8,12.3,-5.1,54.9,31.8,"85.6","21.7",32.5,4.3,27,"74.007599753","92.559819136",26.4,47.7
"Ortiz, Luis",682847,2023,24,"18","86.2",400,344,99,71,14,1,13,59,48,14.8,12,".288",".448",".372","0.820","42",".296",".529",".356",".388",".380",".234","72.4",30.3,16.3,12.4,37,28.2,"7.4",0,9.9,0,55.4,33.9,"92.4","6.7",31.6,10,49.1,"82.468997639","95.88325434",22.6,45.5
"Gray, Josiah",680686,2023,25,"30","159.0",698,605,152,100,29,1,22,143,80,20.5,11.5,".251",".412",".345","0.757","91",".250",".435",".332",".342",".346",".185","72.1",27.6,10.9,8.5,28.7,22.3,"7.4",2,11.9,-5.7,49.4,33.1,"87.6","16.8",35,9.5,36.7,"75.912309009","93.710812694",26.2,46.4
"Pepiot, Ryan",686752,2024,26,"26","130.0",539,481,102,65,18,2,17,142,48,26.3,8.9,".212",".364",".292","0.656","52",".214",".379",".290",".298",".294",".165","71.6",23.8,11.4,8.1,31.8,22.5,"7.2",26,9.5,0.7,54.5,30.9,"89.3","19.1",31.4,9.1,37.2,"79.441531647","93.814038824",29.9,48
"Wacha, Michael",608379,2024,32,"29","166.2",685,625,154,104,29,4,17,145,45,21.2,6.6,".246",".387",".300","0.687","95",".249",".415",".300",".314",".303",".166","70.9",18.6,12.1,9.4,32.6,25.4,"7.3",17,11.1,-4.7,46.1,32.3,"86.9","15.7",32.7,8.2,32.5,"75.614261583","93.109005646",23.3,48.5
"Battenfield, Peyton",685410,2023,25,"7","34.2",146,133,34,19,8,0,7,27,12,18.5,8.2,".256",".474",".315","0.789","4",".277",".540",".336",".375",".338",".264",,,,,,,,,,,,,"93.5","14.6",36.4,14,50.5,"85.020688333","95.86235757",24.7,49.9
"Paxton, James",572020,2024,35,"21","100.1",437,379,95,63,18,2,12,73,50,16.7,11.4,".251",".404",".336","0.740","80",".252",".416",".324",".338",".341",".164","71.3",21,15.8,13,35.5,29.2,"7.1",14,8.3,0.8,48.7,30.7,"90.5","16",32.6,8,43.1,"80.362296013","94.558863072",21.1,47.2
"Allen, Logan",671106,2024,25,"20","97.1",432,383,113,62,26,3,22,79,41,18.3,9.5,".295",".551",".367","0.918","91",".270",".502",".390",".369",".346",".232","71.6",24.3,20.5,16.7,38.3,31.2,"7.3",14,9.3,-1.3,50.8,32.9,"91","13.4",36,11.4,46.4,"80.018277434","95.493760921",21.2,45
"Scholtens, Jesse",669947,2026,32,"10","40.2",177,159,41,23,8,1,9,32,13,18.1,7.3,".258",".491",".322","0.813","28",".273",".471",".347",".349",".337",".198","73.1",34,14,11.7,28.4,23.7,"7.3",10,10.7,-3.1,55.4,33.3,"87.9","19.4",38.8,10.9,37.2,"76.759830625","93.641264252",19.7,48.9
"Kikuchi, Yusei",579328,2025,34,"33","178.1",772,689,180,120,35,1,24,174,74,22.5,9.6,".261",".419",".333","0.752","84",".250",".428",".327",".327",".325",".178","72.5",30.1,15.4,12,32.3,25.2,"7.3",16,8.5,-0.3,47.7,32.1,"91","14.5",34.2,9.4,42.2,"80.679269806","95.007564466",23.6,48.3
"Smith, Burch",572143,2024,34,"50","56.1",241,222,64,45,13,0,6,46,12,19.1,5,".288",".428",".328","0.756","21",".265",".442",".328",".329",".309",".177","71",19.5,16.9,13.7,38.5,31.2,"7.1",8,7.7,3.9,50.9,31.2,"90.7","12.9",34.8,9.4,44.8,"80.714325955","94.889536124",20.7,51.3
"Anderson, Drew",623454,2026,32,"43","76.1",328,291,70,46,12,1,11,87,30,26.5,9.1,".241",".402",".319","0.721","35",".217",".354",".318",".292",".299",".137","71.8",25.8,12.6,9.2,31.8,23.2,"7.2",16,8.3,-0.1,53.3,31.6,"90","10.9",30.4,8.3,37.7,"80.443891287","94.026216683",28.4,48.2
"Crochet, Garrett",676979,2026,27,"6","30.0",138,122,33,19,9,0,5,37,11,26.8,8,".270",".467",".350","0.817","14",".262",".442",".358",".344",".344",".180","72.3",28.7,14.5,11.1,29.5,22.7,"7.3",3,9.6,1.4,50,31.8,"89.6","14.3",41.9,10.7,45.3,"78.163401905","94.816238434",24,49
"Holderman, Colin",670059,2026,30,"49","49.0",199,171,28,22,4,1,1,46,17,23.1,8.5,".164",".216",".273","0.489","22",".212",".332",".233",".296",".319",".120","71.7",21.3,14.2,10.8,33,25.1,"7.4",10,9.9,-2.1,43.3,32.6,"87.4","7.8",24.4,7.9,42.5,"74.913260476","94.25061984",27.6,43.9
"Thorpe, Drew",689672,2024,23,"9","44.1",190,165,35,16,11,0,8,25,21,13.2,11.1,".212",".424",".302","0.726","23",".238",".439",".315",".336",".325",".202","71.6",24.4,16.9,12.9,36.4,27.7,"7.6",3,14.3,-10.4,50.2,31.9,"87.4","16.1",34.5,7,37.3,"75.101293662","93.96069617",23.9,45.9
"Matsui, Yuki",673513,2026,30,"36","48.0",195,160,27,14,7,0,6,50,28,25.6,14.4,".169",".325",".292","0.617","22",".169",".322",".275",".282",".298",".153","71.9",24.2,10.8,7.2,25.5,17,"7.6",11,12.9,-7.5,54.9,32.9,"86.7","27.2",27,8.8,30.4,"76.013895273","92.725185321",35.7,47.2
"Hatch, Thomas",641672,2025,30,"12","34.0",152,135,40,26,7,0,7,22,17,14.5,11.2,".296",".504",".375","0.879","21",".253",".449",".376",".337",".337",".196","73",33.5,13,10.8,29.2,24.2,"7.5",5,12.4,-3.7,58.6,33.2,"87.6","13.4",34.5,8,38.1,"75.422428772","94.029478142",19.2,48.8
"Madden, Ty",680744,2026,26,"14","34.1",139,126,23,16,4,0,3,35,12,25.2,8.6,".183",".286",".259","0.545","14",".205",".311",".248",".266",".279",".107","72",30.8,8,6.3,25.5,20,"7.4",9,10.9,-4.4,53.3,31.6,"87","18.1",24.2,5.5,30.8,"76.344399565","92.962988242",24.7,48.8
"Civale, Aaron",650644,2025,30,"23","102.0",435,392,96,54,26,0,16,88,33,20.2,7.6,".245",".434",".313","0.747","41",".233",".423",".323",".314",".303",".190","71.6",24.7,14.3,11.3,32.7,25.8,"7.3",5,11.8,-3.5,56.5,31.4,"88.5","19.2",34.9,9.8,39.1,"77.580307632","93.781385182",21.8,45.4
"Morgan, David",688158,2025,25,"41","47.1",193,168,35,24,6,1,4,50,23,25.9,11.9,".208",".327",".311","0.638","20",".223",".348",".287",".301",".325",".125","71.1",18.1,13.1,10.2,30.1,23.5,"7.2",13,8.7,-1.6,48.4,32,"91.1","10.9",33.9,7.7,45.8,"81.12097569","94.875696379",25.5,49.6
"Rogers, Taylor",573124,2023,32,"60","51.2",216,185,39,25,7,1,6,64,25,29.6,11.6,".211",".357",".312","0.669","32",".205",".358",".292",".291",".307",".153","71.8",22.1,23.7,18,34.4,26.2,"7.5",3,12,-6.3,41.5,33,"89.7","15.9",25.8,9.7,45.2,"78.206038","94.86508375",26.7,41.7
"Murphy, Chris",669684,2025,27,"23","34.2",148,122,21,15,2,0,4,30,20,20.3,13.5,".172",".287",".311","0.598","19",".212",".341",".276",".311",".345",".129","71.8",22.7,16.2,12.5,35.3,27.3,"7.4",10,10.9,-4.3,56.1,32.8,"89.1","9.8",23.7,7.5,46.2,"78.07668413","94.38600087",26.5,44.5
"Lively, Ben",594902,2024,32,"29","151.0",632,577,139,86,26,4,23,118,49,18.7,7.8,".241",".419",".305","0.724","93",".239",".411",".315",".314",".304",".173","71.6",21.5,15.6,12.9,36,29.7,"7.2",13,9.1,-0.4,48.6,31.2,"90.2","14",30.7,6.6,41.5,"80.455663231","94.191914792",18.6,46.6
"Holmes, Clay",605280,2023,30,"66","63.0",262,234,51,39,9,1,2,71,23,27.1,8.8,".218",".291",".294","0.585","13",".206",".289",".265",".262",".284",".083","71.6",20.6,15.9,12.9,41.3,33.5,"7.3",1,10.6,-0.9,50.6,33.1,"89.5","-3.4",23,2.4,43,"78.759462892","94.387747152",26.2,43.9
"Orze, Eric",679358,2026,28,"36","41.1",189,159,42,27,13,1,1,36,21,19,11.1,".264",".377",".348","0.725","14",".253",".367",".318",".312",".342",".114","72",29.3,13.1,10.3,33.5,26.2,"7.6",2,12.9,-6.4,54.6,30.6,"86.3","12.8",36.2,7,29.2,"74.549417813","93.146678976",21.8,43.4
"Clarke, Taylor",664199,2023,30,"58","59.0",266,234,71,47,11,1,12,65,24,24.4,9,".303",".513",".371","0.884","21",".246",".474",".376",".344",".325",".228","71.5",24.3,12.5,9,31.3,22.6,"7.5",2,12.3,-4.1,61.8,32.2,"89.6","19.8",36.4,12.7,41.6,"78.229226977","94.730639942",27.7,50.3
"Ragans, Cole",666142,2026,28,"8","35.1",151,127,27,12,5,0,10,45,23,29.8,15.2,".213",".488",".331","0.819","13",".218",".452",".354",".344",".336",".234","72.3",28.3,13.2,9.1,29.9,20.5,"7.4",4,11.2,-3.8,51.6,32.5,"89.6","20.2",32.5,15.7,39.8,"79.173246585","94.156201829",31.7,45.4
"Rasmussen, Drew",656876,2023,27,"8","44.2",177,163,36,28,6,0,2,47,11,26.6,6.2,".221",".294",".273","0.567","35",".225",".321",".253",".265",".276",".096",,,,,,,,,,,,,"87.3","9",29.7,4.2,32.2,"76.58317931","92.998889741",23.7,50.1
"Waldron, Matt",663362,2026,29,"13","35.0",159,145,46,28,9,2,7,30,10,18.9,6.3,".317",".552",".367","0.919","21",".236",".395",".394",".305",".295",".159","71.4",23.8,13.3,11.1,36.5,30.3,"7.1",3,9.7,-1.3,48.2,32.3,"88.9","17",26.5,6.8,38.5,"79.149801579","93.612119558",17.3,48.1
"Kahnle, Tommy",592454,2023,33,"42","40.2",165,142,26,15,6,0,5,48,19,29.1,11.5,".183",".331",".280","0.611","15",".183",".297",".272",".264",".281",".115","71.8",24.4,7.3,4.7,31.8,20.3,"7.7",2,15.1,-9.2,59.5,31.8,"86.8","8.2",29.9,4.1,22.7,"76.311426875","92.701005313",35.2,45.3
"López, Jorge",605347,2023,30,"61","59.0",266,231,67,40,15,0,12,49,22,18.4,8.3,".290",".511",".366","0.877","46",".281",".454",".370",".352",".361",".173","70.8",18.4,15,11.6,40.6,31.4,"7.2",4,9,1,52.4,32.4,"90.9","9.4",36.9,6.4,45.5,"80.901915484","94.963574486",23.2,47.3
"Steele, Justin",657006,2024,28,"24","134.2",555,506,111,76,23,0,12,135,37,24.3,6.7,".219",".336",".276","0.612","80",".212",".317",".271",".265",".271",".105","71.7",24.2,10.2,8,28.1,21.8,"7.2",19,7.6,2.6,47.5,33.3,"86.9","12.3",30.9,4.2,33.2,"75.731326576","93.083319918",23.7,51.5
"Gausman, Kevin",592332,2024,33,"31","181.0",756,693,165,101,41,3,20,162,56,21.4,7.4,".238",".392",".296","0.688","111",".253",".460",".300",".336",".312",".206","71.9",25.5,15,11.6,32,24.7,"7.3",14,9.7,-1.1,49.9,33.9,"90.2","16.1",35.5,9.9,42.4,"79.496181832","94.740771683",23.4,49.9
"McClanahan, Shane",663556,2026,29,"20","99.0",423,382,80,55,16,1,8,94,35,22.2,8.3,".209",".319",".283","0.602","56",".241",".405",".272",".315",".312",".164","72.7",33,14.4,10.7,31.6,23.4,"7.4",16,10.8,-4.5,50.1,31.8,"89.5","10.4",32.2,8.7,41.5,"78.427580863","94.555186223",26.9,48.4
"Sims, Lucas",608371,2024,30,"58","49.1",215,179,41,25,7,1,8,49,30,22.8,14,".229",".413",".341","0.754","32",".219",".397",".331",".324",".333",".178","71.1",19.1,11.6,8.8,25.9,19.7,"7.5",9,13.1,-6.4,57,31.4,"85.4","24.1",32.8,9.7,31.3,"72.820974545","92.992474394",25.8,46.4
"Ritchie, JR",702275,2026,23,"14","58.0",256,213,47,32,6,0,9,53,36,20.7,14.1,".221",".376",".344","0.720","34",".240",".408",".324",".343",".362",".167","72.4",28.6,14.2,11.1,34.9,27.2,"7.3",9,11.6,-3.7,56.1,32.5,"89.6","12.1",30.2,9.3,39.5,"79.788373625","93.89552325",23.3,41.1
"Mejia, Juan",675848,2025,24,"55","61.1",261,226,52,31,13,2,6,68,25,26.1,9.6,".230",".385",".319","0.704","12",".199",".297",".309",".271",".296",".098","70.8",16.9,10,7.4,28.1,20.9,"7.1",19,6.8,2.8,45.5,32.4,"85.8","15.5",34,5.1,34.6,"72.991299231","93.351381346",30.4,48
"Stephenson, Robert",596112,2023,30,"60","52.1",201,182,30,14,8,0,8,77,16,38.3,8,".165",".341",".230","0.571","37",".179",".363",".243",".260",".245",".184","71.1",19.1,6.8,3.2,24.3,11.5,"7.9",8,17.7,-13.9,48.4,32.7,"87","19.4",31.5,13,32.4,"75.278738704","93.543032991",46.6,53.7
"Hancock, Emerson",676106,2026,27,"23","128.0",516,477,110,76,18,0,16,119,32,23.1,6.2,".231",".369",".285","0.654","69",".244",".410",".288",".308",".298",".166","72.2",27.7,12.6,9.7,29.2,22.4,"7.2",9,7.9,1.3,43.1,33.4,"89.5","14",31.4,8.4,41.1,"78.838729385","94.3246693",23.7,51.5
"Martin, Davis",663436,2026,29,"24","125.0",530,478,127,86,29,0,12,111,39,20.9,7.4,".266",".402",".331","0.733","75",".271",".422",".324",".333",".337",".151","72.4",30.5,15.7,12.1,32.8,25.3,"7.3",15,10,-2,55.4,33.7,"90.1","12.4",35.8,6.8,44.4,"79.149941271","94.860071136",24,48.6
"Rolison, Ryan",669020,2025,27,"31","42.1",193,170,55,37,6,1,11,25,20,13,10.4,".324",".565",".391","0.956","29",".284",".491",".406",".363",".356",".207","72.1",26.4,15.7,13.4,38,32.3,"7.2",6,9.8,-0.4,56.3,32.2,"87.5","6.1",33.1,9.6,38.5,"75.114833973","94.058196207",17.4,46
"Lee, Dylan",669276,2026,31,"58","56.1",208,192,28,18,4,3,3,70,13,33.7,6.3,".146",".245",".198","0.443","42",".177",".293",".198",".235",".230",".116","72.6",28.8,11.3,7.1,25.9,16.3,"7.8",10,15.5,-12.8,49.9,32.1,"87.1","20.2",33.6,6.4,30.4,"76.497379672","92.827278607",37.4,52.7
"Loáisiga, Jonathan",642528,2026,31,"51","48.1",193,176,42,29,10,0,3,36,11,18.7,5.7,".239",".347",".283","0.630","25",".234",".356",".273",".280",".283",".122","71.5",23,10.6,8.2,29.1,22.4,"7.2",5,8.6,1.4,50.8,32.6,"87","7.4",30.3,4.8,34.5,"75.328978169","93.387029577",23.1,52.6
"Freeland, Kyle",607536,2025,32,"31","162.2",709,657,193,132,34,5,22,124,38,17.5,5.4,".294",".461",".335","0.796","60",".282",".473",".341",".342",".325",".191","72.8",32.2,18.3,14.9,37.2,30.2,"7.5",33,10.8,-3.9,55.6,33.6,"91.1","12.7",36.8,9.4,47.3,"81.013744552","95.077603477",21,51.3
"Webb, Logan",657277,2024,27,"33","204.2",841,783,202,152,35,4,11,172,50,20.5,5.9,".258",".355",".302","0.657","107",".270",".421",".288",".325",".316",".151","71.8",25.9,17.6,14.2,36.3,29.3,"7.3",19,7.1,2.4,48.4,35,"89.8","2.5",32.1,7,46.2,"77.927662825","95.233452829",20.8,46.2
"Smith, Cade",671922,2026,27,"52","55.0",226,204,43,29,10,0,4,77,18,34.1,8,".211",".319",".274","0.593","9",".206",".346",".263",".276",".274",".140","70.9",16.9,13,8.8,33.3,22.7,"7.1",12,7.2,3.3,41.8,32,"91.7","14.3",35.4,9.2,45.3,"81.993062462","95.005287154",34.2,49.1
"Thompson, Ryan",657044,2025,33,"48","41.1",175,160,42,31,7,0,4,36,13,20.6,7.4,".263",".381",".326","0.707","14",".234",".381",".308",".295",".300",".147","71.7",25.4,20.5,16.2,37.6,29.6,"7.4",8,9.7,-4.2,46.7,34.8,"89.9","7.8",30.6,8.1,40.3,"78.281544839","94.890948145",25.3,48.6
"Kelly, Merrill",518876,2026,37,"22","125.0",542,480,132,82,22,3,25,82,53,15.1,9.8,".275",".490",".348","0.838","59",".302",".552",".361",".397",".375",".250","72.7",31.8,19.1,15.4,35.2,28.4,"7.5",20,11.8,-4.7,58,33.6,"90.3","13.1",39,12.7,44.9,"79.0817078","95.0534262",21.3,48.8
"Wilson, Steven",621051,2023,28,"52","53.0",219,189,35,17,11,0,7,57,27,26,12.3,".185",".354",".297","0.651","13",".179",".347",".289",".284",".291",".169","72.1",26.6,11.8,8.6,32.3,23.4,"7.4",1,11.7,-7.6,48.4,30.5,"87.2","27.7",28.8,8.3,33.3,"76.25042197","93.07623697",26.7,44.2
"Funderburk, Kody",681892,2025,28,"39","41.0",183,160,44,33,9,0,2,40,18,21.9,9.8,".275",".369",".355","0.724","26",".244",".340",".321",".298",".328",".097","70.4",15.7,15,11.8,37.5,29.4,"7",4,5.7,6.8,45.9,31.8,"90.4","6.9",29.5,4.9,42.6,"80.192307333","94.409817833",21.4,41.9
"Hoffman, Jeff",656546,2025,32,"71","68.0",287,253,54,25,14,0,15,84,27,29.3,9.4,".213",".447",".298","0.745","10",".199",".408",".320",".301",".286",".209","71.7",23.3,13.8,9.7,29.5,20.7,"7.4",21,11.9,-5.2,53.8,30.9,"89.3","15.7",31.4,12.8,39.5,"77.817843765","94.667665118",31.6,50.7
"Ramírez, Yohan",670990,2025,30,"24","33.1",155,134,33,21,8,0,4,45,16,29,10.3,".246",".396",".342","0.738","7",".234",".409",".324",".328",".334",".176","71.3",21.3,13.1,9.9,28.1,21.3,"7.4",7,9.3,-4.4,49.2,31.6,"89.7","13.5",40,13.3,45.6,"78.336311333","94.628384556",25.8,49.5
"Cortes, Nestor",641482,2024,29,"31","174.1",710,661,162,94,44,0,24,162,39,22.8,5.5,".245",".421",".290","0.711","84",".233",".407",".307",".298",".279",".174","71.8",26.1,14.2,10.8,30.4,23.2,"7.3",18,8.7,-0.4,56.3,30.8,"89.7","22.4",35,7.9,43.6,"79.122676225","94.470879177",24.2,50.4
"Myers, Tobias",668964,2024,25,"27","138.0",569,520,126,88,19,1,18,127,36,22.3,6.3,".242",".387",".295","0.682","95",".248",".422",".297",".317",".303",".174","71.8",23.1,14.7,11.7,31.9,25.4,"7.3",15,10.4,-1.4,51.4,31.9,"89.8","16.4",36.4,8,38.7,"79.298209695","94.361623995",21.3,49.6
"Sproat, Brandon",687075,2026,25,"21","95.2",414,355,88,54,17,0,17,100,48,24.2,11.6,".248",".439",".352","0.791","46",".245",".406",".350",".336",".350",".162","71.7",21.9,11.9,9.2,29.3,22.7,"7.2",17,8.9,0.6,52,33.7,"90","13.1",35,8.7,43.1,"79.436102857","94.652124087",25.1,45.9
"Scott, Tayler",605463,2024,32,"62","68.2",282,239,45,31,6,1,7,71,35,25.2,12.4,".188",".310",".299","0.609","42",".215",".320",".275",".293",".323",".105","70.5",16.4,11,8,33.4,24.1,"7.3",11,10.1,0.2,54.3,31.2,"88","13.5",33.3,3.5,35.7,"77.730330353","93.408071",29.5,44.2
"Davidson, Tucker",656353,2023,27,"38","51.1",236,209,64,40,18,0,6,46,19,19.5,8.1,".306",".478",".371","0.849","31",".288",".449",".364",".347",".354",".161","72",28.4,17.2,12.7,34.3,25.4,"7.4",1,10.1,-1.9,57.2,33.5,"88.5","12.2",36.1,7.2,34.3,"77.368361463","93.846414233",23.9,46.4
"Akin, Keegan",669211,2025,30,"64","63.1",268,232,54,35,9,0,10,59,33,22,12.3,".233",".401",".328","0.729","34",".238",".439",".318",".333",".333",".201","71",19.3,14.8,11.2,28.3,21.4,"7.3",9,9.1,0.4,49.3,31.4,"89.4","16.7",36.6,9.7,41.7,"78.311395747","94.332622312",25.6,51.2
"Williamson, Brandon",682227,2023,25,"23","117.0",491,447,111,66,26,1,18,98,39,20,7.9,".248",".432",".311","0.743","71",".260",".449",".321",".334",".322",".189","71.9",25.9,14.5,11.5,34.8,27.6,"7.2",4,7.7,0.9,52.1,31.8,"90.1","17.2",35.8,8.2,41.2,"80.073373333","94.384521379",22.1,46.6
"Dubin, Shawn",681869,2024,28,"31","45.1",207,176,45,30,12,0,3,49,26,23.7,12.6,".256",".375",".353","0.728","27",".217",".346",".324",".312",".326",".129","72.1",25.3,15.5,11.5,36.5,27.2,"7.2",8,9,1.4,51.7,31.9,"89.5","12.1",31.5,7.7,42.3,"78.970994769","94.306383488",26.3,42.5
"Crawford, Kutter",676710,2023,27,"31","129.1",527,484,107,62,26,2,17,135,36,25.6,6.8,".221",".388",".281","0.669","62",".205",".380",".290",".281",".266",".175","71.9",23.9,10.6,8,26,19.5,"7.3",7,10.7,-2.2,56.4,31.3,"87.8","20.4",30.5,7.7,35.3,"76.355210455","93.712169573",26.8,52.4
"Bowlan, Jonathan",680742,2026,29,"47","44.2",182,166,34,26,3,1,4,57,12,31.3,6.6,".205",".307",".264","0.571","29",".196",".302",".256",".253",".260",".105","71.5",20.8,9.6,6.6,27.4,18.9,"7",8,7.7,4,49.8,31.3,"86.5","11.1",33.3,5.4,36,"75.257774909","93.047399725",32.9,50
"Gil, Luis",661563,2024,26,"29","151.2",637,550,104,56,28,2,18,171,77,26.8,12.1,".189",".345",".297","0.642","99",".205",".363",".288",".304",".312",".158","72",25.8,11.5,8.4,30.5,22.1,"7.3",26,10.7,-2.4,58.6,30.7,"89.3","19",33.7,9.5,37.4,"78.931048895","94.034939077",29,45.5
"Bielak, Brandon",656232,2023,27,"15","80.0",353,311,86,54,19,1,12,62,36,17.6,10.2,".277",".460",".361","0.821","34",".263",".462",".357",".353",".349",".200","72.5",35.8,15.9,12.3,32.5,25.3,"7.4",2,11.8,-1.6,56,33.8,"90.5","8.8",30,10.4,48.4,"79.612117317","95.15938249",23.7,45
"García, Luis",472610,2025,38,"58","55.1",233,203,55,36,15,2,2,48,26,20.6,11.2,".271",".394",".351","0.745","30",".262",".419",".320",".326",".345",".156","71.3",21,15.2,12.2,32.1,25.8,"7.2",7,9.7,-1.1,49.4,33.4,"90.8","4.9",35.8,7.5,48.4,"79.68230641","95.325510256",24.1,48.7
"Leahy, Kyle",681517,2026,29,"23","117.1",498,454,122,80,29,1,12,105,35,21.1,7,".269",".416",".327","0.743","53",".276",".456",".327",".344",".334",".180","72.6",30.5,19.4,15.5,36.8,29.4,"7.3",25,9.5,-0.3,54.5,31.7,"91.3","9.5",36.4,10.2,47.7,"80.819900286","95.4856662",22.2,46.4
"Ferguson, Caleb",657571,2025,28,"70","65.1",270,236,54,41,11,0,2,51,22,18.9,8.1,".229",".301",".307","0.608","38",".237",".329",".271",".290",".318",".092","70.8",17,9,7.1,27.6,21.9,"6.9",9,4.6,6.3,41.4,32.6,"84.8","5.6",35.6,3.2,27.7,"72.885195806","92.37738129",21.4,47.9
"Skubal, Tarik",669373,2024,27,"31","192.0",753,705,142,99,24,4,15,228,35,30.3,4.6,".201",".311",".247","0.558","134",".204",".331",".246",".258",".251",".127","71.1",21.2,12.1,8.3,31,21.3,"7.2",17,8.1,0.5,42.3,31.5,"87.5","12",33.1,6.7,33.9,"76.236530506","93.34039981",31.9,51.8
"Suarez, Robert",663158,2025,34,"70","69.2",269,249,47,34,6,1,6,75,16,27.9,5.9,".189",".293",".243","0.536","9",".237",".402",".235",".298",".289",".166","71.4",22.9,11.8,8.8,28.6,21.3,"7",3,6.4,4.2,46.3,32,"90.5","15.5",37.5,9.1,42.6,"80.061594023","95.062653121",24,54.3
"Burnes, Corbin",669203,2025,30,"11","64.1",265,233,49,29,13,0,7,63,26,23.8,9.8,".210",".356",".297","0.653","29",".227",".385",".288",".305",".312",".158","72.5",31.2,14.9,11.4,32.6,24.9,"7.6",9,11.6,-4.3,55.3,35.2,"89.5","6.6",33.5,8.1,41.6,"77.976536977","94.85857848",25.7,46.3
"Greinke, Zack",425844,2023,39,"30","142.1",593,561,158,106,25,2,25,97,23,16.4,3.9,".282",".467",".312","0.779","48",".286",".484",".332",".344",".318",".199","71.2",20.3,17.2,14.5,38.1,32,"7.3",1,9.8,-0.6,55,32.2,"89.6","11.9",32.6,7.7,38.8,"79.099913176","94.182767312",17.3,46.8
"Gordon, Tanner",685299,2026,28,"17","71.1",312,291,90,50,24,1,15,62,13,19.9,4.2,".309",".553",".340","0.893","29",".266",".485",".378",".337",".302",".219","72.2",24.3,16.1,12.5,38.9,30.1,"7.3",3,9.3,-0.9,51.7,33.1,"91.6","19.6",36.2,11.1,45.1,"82.451870522","94.843311572",23,52
"Detmers, Reid",672282,2025,25,"61","63.2",266,238,58,43,9,0,6,80,25,30.1,9.4,".244",".357",".320","0.677","17",".231",".363",".295",".296",".311",".132","71",18.2,14.2,10,34.2,24,"7.1",20,7.3,2.5,45.3,31.4,"90.1","9.9",32.7,8.2,42.8,"79.347347848","94.748538662",32.7,49.7
"Ashcraft, Graham",668933,2024,26,"15","77.1",350,316,89,63,15,0,11,57,27,16.3,7.7,".282",".434",".349","0.783","49",".275",".443",".342",".349",".344",".169","71.5",21.5,13.7,11,33.5,27,"7.1",18,6.5,4.6,48.9,33.3,"90.6","8.8",31.9,7.8,42.7,"80.638921406","94.586504314",22.1,49.3
"Stripling, Ross",548389,2023,33,"22","89.0",381,362,104,69,14,1,20,70,16,18.4,4.2,".287",".497",".320","0.817","26",".287",".507",".348",".356",".322",".220","71.7",20.5,15.4,12,40.4,31.6,"7.4",4,11.8,-0.7,51.5,33.4,"89.5","10.8",39.6,10.3,41.3,"78.684940959","94.417360342",23.7,48.2
"Greene, Hunter",668881,2025,25,"19","107.2",420,391,75,37,22,1,15,132,26,31.4,6.2,".192",".368",".246","0.614","49",".201",".372",".267",".272",".255",".171","71.1",19.8,13.4,9.5,30.4,21.7,"7.2",24,9,-0.7,51.1,31.6,"90.4","20.2",35.8,9.7,45,"79.966168837","94.82207358",31.4,53.4
"Wrobleski, Justin",680736,2025,24,"24","66.2",280,255,65,45,14,0,6,76,17,27.1,6.1,".255",".380",".306","0.686","31",".244",".359",".299",".288",".297",".115","71.3",21.7,15.9,12.1,32.6,24.8,"7",4,5.6,5.8,40.9,31.7,"92","6.9",30.4,3.8,47.8,"81.742858778","95.696025111",24.6,50.6
"Banks, Tanner",621383,2024,32,"63","72.1",310,277,69,51,11,1,6,78,24,25.2,7.7,".249",".361",".311","0.672","27",".229",".349",".293",".288",".296",".120","70.7",17.5,12.6,9.5,35.1,26.4,"7",9,5.4,6.9,47.7,32.6,"87.5","10.8",30.2,6.3,34.1,"76.503108137","93.296796305",26.1,48.2
"Buttó, José",676130,2024,26,"30","74.0",294,246,41,26,9,0,6,79,38,26.9,12.9,".167",".276",".287","0.563","34",".190",".334",".260",".294",".309",".144","72.1",26.4,14.3,9.9,31,21.5,"7.5",13,11.4,-3.9,53.6,32.7,"88.7","15.9",30.2,7.6,37.8,"78.053468953","93.911438421",32,43.8
"Koenig, Jared",657649,2025,31,"72","66.0",268,241,57,39,11,1,6,68,20,25.4,7.5,".237",".365",".305","0.670","41",".198",".324",".294",".263",".270",".126","71.4",21.2,11,8.8,31.4,25.1,"7.1",8,7.2,1.9,48.8,33.3,"88.7","12.9",29.5,5.1,34.7,"78.564919655","93.512511561",22.9,43.9
"Hader, Josh",623352,2025,31,"48","52.2",206,184,29,11,10,0,8,76,16,36.9,7.8,".158",".342",".232","0.574","11",".149",".271",".249",".221",".224",".123","71",20.6,9.5,6,26.1,16.4,"7.5",18,12,-7,50.6,31.2,"88","29.2",34.2,8.1,34.2,"77.681164074","93.2392575",40.5,55.1
"Thielbar, Caleb",573204,2023,36,"36","30.2",120,113,23,10,5,1,7,36,6,30,5,".204",".451",".244","0.695","16",".219",".427",".293",".293",".259",".208","71.8",26.1,12.4,9.4,26.7,20.3,"7.2",1,9,-1.8,54.2,30.7,"88.6","20.4",37.2,11.5,35.9,"77.961406667","93.743461948",24.1,50.1
"Miller, Mason",695243,2024,25,"55","65.0",249,225,36,25,5,0,6,104,21,41.8,8.4,".160",".262",".233","0.495","11",".149",".233",".218",".209",".226",".084","70.2",15.5,7.7,4.8,23.2,14.3,"7.1",12,7.3,2.9,45.8,30.7,"86.1","17.9",28.5,5.7,32.5,"74.737690484","92.801441301",40.1,52.3
"Marinaccio, Ron",676760,2026,30,"41","57.2",260,226,61,37,11,2,11,48,27,18.5,10.4,".270",".482",".365","0.847","29",".261",".427",".371",".347",".357",".166","71.8",25.2,17.6,13.3,33.5,25.5,"7.2",9,8.7,-1.9,45.8,32.6,"88.9","16",34.3,7.9,41,"77.869593146","94.238099382",25.3,47.1
"Jansen, Kenley",445276,2026,38,"36","32.2",140,118,20,13,2,0,5,39,20,27.9,14.3,".169",".314",".286","0.600","9",".203",".335",".270",".291",".314",".133","72.3",31.9,9.8,7.3,23.9,17.7,"7.2",2,10.1,-4.3,59.8,29.5,"87.8","27.7",37,7.4,34.6,"76.8213445","93.565977468",26.8,48.7
"Muñoz, Andrés",662253,2024,25,"60","59.1",232,202,31,22,3,0,6,77,26,33.2,11.2,".153",".257",".259","0.516","12",".177",".312",".233",".269",".282",".135","70.1",14.1,10.6,6.6,32.4,20.2,"7.5",16,10.3,-5,45,33.3,"86.3","1.5",31,8.7,33.3,"74.798663968","92.94803352",39.8,45.4
"Holton, Tyler",663947,2025,29,"70","78.2",312,287,65,43,7,0,15,64,17,20.5,5.4,".226",".408",".266","0.674","43",".250",".414",".288",".303",".289",".164","71.8",25.4,17,13.2,36.7,28.5,"7.3",17,10.6,-2.6,54.1,32.6,"87.7","10.2",31.2,8.2,37.7,"75.511923982","94.106642522",24.6,47.6
"De Los Santos, Enyel",660853,2025,29,"65","66.0",280,252,61,37,16,1,7,62,24,22.1,8.6,".242",".397",".312","0.709","34",".246",".413",".308",".316",".316",".168","71.8",24.7,14.8,10.3,29,20.2,"7.4",4,10.8,-2.3,48.9,32.3,"87.6","16.8",38,8.9,40.1,"74.797166146","94.296939162",30,51.6
"Brito, Jhony",666745,2024,26,"26","43.2",185,173,49,40,4,1,4,29,10,15.7,5.4,".283",".387",".321","0.708","17",".261",".415",".308",".315",".302",".154","71.4",20.6,14.3,11.7,32,26.3,"7.2",3,9.9,-0.5,53.8,30.6,"87.3","9",30.1,6.2,35.6,"75.888233151","93.492310966",19,48.7
"Lawrence, Justin",664875,2023,28,"69","75.0",326,277,65,45,12,3,5,78,36,23.9,11,".235",".354",".334","0.688","22",".218",".337",".303",".299",".324",".119","69.9",16.4,15.1,11.5,36.7,27.9,"7.3",3,9.7,-3.2,43.1,33.7,"89.5","7.8",32.2,5.4,39,"79.216335051","94.027269747",24.1,41.7
"Nance, Tommy",667297,2025,34,"30","31.2",126,117,25,23,2,0,0,32,7,25.4,5.6,".214",".231",".262","0.493","17",".266",".388",".225",".306",".311",".122","71.5",22,18.6,15.3,34.5,28.2,"7.4",14,9.8,-1,60.7,30.1,"89.1","3.3",32.6,8.2,45.3,"76.64744619","95.076024286",24.7,46.6
"McHugh, Collin",543521,2023,36,"41","58.2",268,239,70,55,10,0,5,47,22,17.5,8.2,".293",".397",".362","0.759","49",".286",".432",".335",".346",".356",".147","71.3",24.4,16.9,12.5,33.1,24.4,"7.3",4,8.7,-0.5,44,33,"88.6","10.5",33.5,6.2,35.6,"78.113725895","93.630827632",25.7,47
"DeSclafani, Anthony",543101,2025,35,"13","38.2",169,148,37,18,8,0,11,36,12,21.3,7.1,".250",".527",".321","0.848","10",".232",".425",".354",".317",".308",".193","72.5",28.6,16.2,12.3,38.2,29,"7.5",7,11.7,-6,50,32.5,"89.9","15",31.9,8.6,43.1,"79.321170351","94.710647544",25.9,46.8
"Erceg, Lucas",668674,2024,29,"61","61.2",253,231,49,35,10,1,3,72,16,28.5,6.3,".212",".303",".281","0.584","28",".221",".342",".259",".281",".289",".121","71.1",20.3,10.2,7.2,29.5,20.8,"7.3",11,8.4,-0.8,46.6,32.2,"85.9","6.6",31.4,6.3,33.3,"74.037423125","92.89598956",31,47.6
"Sánchez, Cristopher",650911,2026,29,"25","155.2",673,628,159,119,27,0,13,187,38,27.8,5.6,".253",".358",".301","0.659","100",".237",".358",".293",".284",".286",".121","72.6",29.6,15.3,10.4,35.5,24.2,"7.6",19,12.9,-6.1,48,34.4,"89.3","2.8",31.8,7.2,41.8,"78.104468636","94.431290615",32.8,50
"King, John",667463,2025,30,"51","48.1",222,206,65,50,7,0,8,28,14,12.6,6.3,".316",".466",".357","0.823","14",".290",".441",".357",".337",".335",".151","71.6",19.3,17.9,14.8,40.1,33.2,"7.2",9,7.5,3.8,45.3,35.7,"89.7","-0.4",28.9,5.1,43.3,"78.141769205","94.955228523",19.9,50.1
"McGough, Scott",543518,2023,33,"63","70.1",301,266,60,31,15,0,14,86,30,28.6,10,".226",".440",".306","0.746","26",".235",".416",".318",".319",".316",".180","72.1",25.4,22,16.1,35.5,25.9,"7.5",4,11.6,-5.3,50.7,32.2,"91.3","10.5",30.1,10.4,48.6,"80.605606374","95.733735249",32,47.7
"Pérez, Eury",691587,2025,22,"20","95.1",385,349,68,37,17,2,12,105,32,27.3,8.3,".195",".358",".268","0.626","73",".203",".366",".275",".281",".275",".163","71.9",24.9,11.8,8.8,29.3,21.8,"7.4",16,11.3,-4.6,52.1,32,"90.5","22.3",31.8,9,46.5,"79.803726066","95.063994016",28.4,50.3
"Montero, Rafael",606160,2023,32,"68","67.1",298,265,74,46,14,3,11,79,29,26.5,9.7,".279",".479",".356","0.835","42",".242",".422",".359",".327",".323",".180","71.4",21.8,7.2,5,22.9,15.9,"7.1",6,8.9,2.3,56.4,31.2,"87.9","11.1",33.7,9.1,41.7,"75.219854839","94.495087473",30.1,49.1
"Turnbull, Spencer",605513,2023,30,"7","31.0",145,127,37,22,10,0,5,24,15,16.6,10.3,".291",".488",".379","0.867","12",".284",".479",".376",".372",".373",".195",,,,,,,,,,,,,"88.4","9.6",35.9,8.7,36.9,"77.376548039","93.969568515",21.9,45.2
"Suárez, Albert",544150,2026,36,"23","51.0",215,193,47,27,11,2,7,34,19,15.8,8.8,".244",".430",".307","0.737","28",".254",".421",".319",".328",".323",".167","71.9",24,12.1,9.3,36.8,28.2,"7.3",4,10.5,-1.7,57.4,30.1,"89.4","19.1",40.7,8,40.7,"79.422703038","94.051547975",22.9,49.2
"Bello, Brayan",678394,2024,25,"30","162.1",702,622,157,107,31,0,19,153,64,21.8,9.1,".252",".394",".330","0.724","103",".254",".405",".319",".330",".334",".151","71.9",23.4,14.6,11,32.5,24.5,"7.4",23,10.7,-2.4,44.7,33.9,"88.5","6.2",34.2,7.4,41.1,"76.384630975","94.524067665",25.9,46.3
"Perkins, Jack",678022,2025,25,"12","38.2",161,140,27,17,6,0,4,37,18,23,11.2,".193",".321",".292","0.613","37",".214",".351",".277",".297",".311",".137","71.2",20.7,13.3,9.3,26.6,18.5,"7.2",8,10.3,-2.3,51.6,33.2,"85.7","15.7",29.8,9.6,35.6,"72.800128846","93.284277981",32.2,48.2
"Pivetta, Nick",601713,2025,32,"31","181.2",721,660,129,86,19,2,22,190,50,26.4,6.9,".195",".330",".253","0.583","93",".228",".424",".256",".309",".286",".196","71.8",23.6,16,12.3,33.3,25.6,"7.3",25,10.8,-2.2,56.5,30,"90.3","19.1",36.4,10.9,45,"79.736148771","94.701402267",24.6,47.7
"Thornton, Trent",663423,2023,29,"27","31.1",125,119,30,18,7,0,5,26,6,20.8,4.8,".252",".437",".288","0.725","21",".225",".371",".310",".274",".262",".146","71.8",21.7,12.3,9.6,33.8,26.5,"7.4",2,12.6,-7.1,52.4,30.6,"85.9","14.9",32.3,4.3,29,"74.541244894","92.718846344",22,47.6
"Lynn, Lance",458681,2023,36,"32","183.2",808,729,189,116,26,3,44,191,67,23.6,8.3,".259",".484",".328","0.812","117",".247",".461",".347",".336",".318",".214","72",24.5,15.2,11.7,33.8,25.9,"7.2",9,9.5,1.5,61.2,31,"88.7","17",35.2,10.4,39.3,"77.065476868","94.313936189",28.8,50.1
"McCullers Jr., Lance",621121,2026,32,"10","44.0",195,166,41,21,12,1,7,48,27,24.6,13.8,".247",".458",".359","0.817","36",".236",".378",".359",".328",".350",".142","73.2",33.3,17.2,12.7,34.4,25.4,"7.6",8,13.2,-5.4,51.7,33,"90.5","13.4",37.3,7.6,47.5,"80.217222034","95.041010254",27.9,41.6
"Severino, Luis",622663,2025,31,"29","162.2",705,630,162,111,35,0,16,124,50,17.6,7.1,".257",".389",".324","0.713","90",".266",".416",".313",".331",".335",".149","71.5",21.8,15.1,12.4,31,25.4,"7.1",15,8,1.9,50.7,31.5,"88.3","14",35.3,6,41.9,"75.840911693","94.478741811",18.3,47.3
"Ginn, J.T.",669372,2026,27,"25","127.1",533,466,102,70,18,0,14,114,53,21.4,9.9,".219",".348",".307","0.655","88",".238",".361",".294",".308",".326",".124","72.7",31,12.4,9.1,30.9,22.8,"7.5",10,13.1,-4.2,56.5,33.7,"87.3","10.4",30.7,5.6,35.2,"75.709374489","93.536508661",27.3,45.8
"Harrison, Kyle",690986,2023,21,"7","34.2",147,131,29,15,5,1,8,35,11,23.8,7.5,".221",".458",".299","0.757","8",".234",".443",".324",".326",".311",".210","71.1",16.9,12.2,9.5,36,28,"7.2",1,7.6,1.2,51.6,31.9,"89.4","18.3",42.3,9.3,38.1,"79.652369796","93.854538454",23.6,46.1
"Chapman, Aroldis",547973,2026,38,"42","40.2",171,151,31,19,9,1,2,52,18,30.4,10.5,".205",".318",".294","0.612","5",".186",".298",".278",".262",".277",".113","71.9",26.1,11.5,8.3,27.5,19.8,"7.2",5,7.6,0.2,50.3,31.1,"88.4","13",26,8,38,"76.5551625","94.475738438",28.4,53.1
"Thielbar, Caleb",573204,2025,38,"67","58.0",220,204,38,23,9,1,5,56,13,25.5,5.9,".186",".314",".232","0.546","41",".200",".321",".236",".247",".246",".122","71.5",22.3,14.8,10.9,33.2,24.5,"7.4",8,11.7,-5,60.2,30.4,"87.9","19.3",29.8,6.6,31.8,"77.406978933","93.279437133",26.9,49.7
"Stone, Gavin",694813,2024,25,"25","140.1",580,537,133,88,25,2,18,116,37,20,6.4,".248",".402",".297","0.699","81",".252",".406",".304",".312",".302",".154","71.7",26.4,14,10.6,34,25.9,"7.4",13,10.3,-2.6,49.8,33.4,"88.2","11.2",32.5,6.4,36.2,"77.107440095","93.702925548",24.7,50.4
"Williams, Gavin",668909,2023,23,"16","82.0",345,302,66,39,17,2,8,81,37,23.5,10.7,".219",".368",".310","0.678","41",".241",".385",".299",".317",".331",".144","71",17,11.4,8.3,29.3,21.1,"7.2",9,9.1,1.2,41.5,32.4,"88","14.6",34.1,5.4,38.6,"76.800011518","93.71581704",27.8,47.5
"Legumina, Casey",668984,2026,29,"42","53.2",229,201,53,35,14,0,4,40,13,17.5,5.7,".264",".393",".326","0.719","34",".267",".410",".313",".323",".330",".144","72.2",27.5,10.8,8.6,31.4,25,"7.1",7,7.6,1.5,51,32.4,"87.1","12.5",39.3,7.1,36.6,"75.802563133","93.294985576",21.4,52.4
"Long, Sam",669674,2023,27,"40","45.0",199,174,49,32,12,0,5,32,21,16.1,10.6,".282",".437",".359","0.796","17",".271",".430",".341",".336",".350",".159","70.8",18.1,9.9,8.4,35.2,30.1,"7.3",1,8.9,-0.2,52.9,32.7,"89.1","14.7",32.4,9,37.9,"79.424599444","93.568113566",20.1,48.2
"Lopez, Jacob",682052,2026,28,"20","88.0",396,340,89,59,15,0,15,81,46,20.5,11.6,".262",".438",".351","0.789","47",".208",".331",".347",".288",".305",".123","72.4",29.3,9.6,7.3,25.8,19.8,"7.5",13,11.9,-6.1,49.5,31.4,"84.6","22",30.8,5.3,28.9,"72.482927939","92.421905632",24.4,45.4
"Díaz, Edwin",621242,2024,30,"54","53.2",216,192,36,24,4,1,7,84,20,38.9,9.3,".188",".328",".273","0.601","14",".164",".291",".269",".249",".252",".128","71.1",19.8,6.7,4.3,24.3,15.5,"7.4",11,10.6,-2.8,47.5,31.9,"85.9","13.9",32.1,7.3,30.3,"74.696999818","92.653119817",38.1,48.9
"Sears, JP",676664,2024,28,"32","180.2",758,685,172,102,39,3,28,137,49,18.1,6.5,".251",".439",".311","0.750","69",".240",".454",".324",".328",".301",".215","72.5",29.5,15.9,12.6,33.5,26.6,"7.3",12,9.9,-2.6,52.9,31.3,"89.3","18.1",32.7,10.2,40.2,"78.173332182","94.379787855",21.8,48.7
"Pressly, Ryan",519151,2025,36,"44","41.1",182,160,46,32,8,0,6,28,17,15.4,9.3,".287",".450",".363","0.813","10",".281",".438",".356",".350",".358",".157","71.8",26.2,20,16.8,39.1,33,"7.2",3,8.7,0.2,51.3,33.2,"91.2","8.5",30.6,6.7,50,"80.607058788","95.377848561",17.4,46
"Zeferjahn, Ryan",666171,2026,28,"50","56.0",251,206,38,23,7,1,7,82,34,32.7,13.5,".184",".330",".324","0.654","12",".178",".286",".297",".281",".320",".108","71.5",23.1,10.3,7.1,30,20.7,"7.3",5,8.6,-1.6,43.3,32.7,"89.2","16.1",32,6.5,36.8,"79.872656129","93.469415806",33.3,40
"Bassitt, Chris",605135,2023,34,"33","200.0",826,749,176,108,38,2,28,186,59,22.5,7.1,".235",".403",".299","0.702","114",".238",".409",".304",".310",".303",".171","70.5",16.8,11.6,9.1,31,24.4,"7",7,8.4,0.5,42.7,32.8,"87.5","13.2",36,8.3,35.3,"75.819874626","93.662809412",21.9,47.3
"Ryan, Joe",657746,2025,29,"31","171.0",689,633,138,80,32,0,26,194,39,28.2,5.7,".218",".392",".275","0.667","81",".209",".397",".290",".289",".269",".188","72.1",28.3,13.1,9.8,29.9,22.3,"7.1",23,7.9,0.9,50,30.6,"90.2","18.7",33.1,11.5,41.9,"79.815298733","94.608611131",26.1,49.7
"Davies, Zach",605200,2023,30,"18","82.1",377,332,98,67,17,4,10,72,39,19.1,10.3,".295",".461",".370","0.831","54",".280",".457",".360",".355",".358",".177","72.3",27.9,20,15.9,33.9,26.9,"7.4",2,11.2,-4.2,48.4,34.4,"89.7","11",35.2,8,42.4,"78.341048626","94.848384733",22,40.3
"Hicks, Jordan",663855,2023,26,"65","65.2",285,247,57,41,11,1,4,81,32,28.4,11.2,".231",".332",".326","0.658","28",".207",".311",".296",".283",".308",".104","70.8",19.9,11.1,8.6,35,27.2,"7.1",5,5,5.5,33.8,33.3,"86.7","-0.1",27.4,5.4,35.9,"73.765856747","93.860384157",28.2,41.4
"Ryan, Joe",657746,2026,30,"23","125.2",523,486,116,70,28,1,17,138,27,26.4,5.2,".239",".405",".283","0.688","66",".224",".390",".299",".290",".272",".166","72.4",29,13.1,9.9,30.9,23.5,"7.3",17,9.8,-2.4,53.2,31.3,"89.8","18.7",34.8,10.5,42.2,"79.0089436","94.448329229",25.5,50.2
"Chargois, JT",608638,2024,33,"36","36.1",146,131,24,15,3,0,6,30,13,20.5,8.9,".183",".344",".267","0.611","22",".232",".427",".269",".321",".311",".195","71",15,14.6,11.4,37.4,29.1,"7.3",3,11.4,-3.3,49.3,33.7,"89.7","16.3",38.6,7.9,41.6,"79.274008627","94.218045545",23.7,47.1
"Miller, Mason",695243,2023,24,"10","33.1",139,118,24,17,4,1,2,38,16,27.3,11.5,".203",".305",".309","0.614","14",".185",".311",".280",".279",".299",".126","69.5",10.9,3,2.2,23.9,17.4,"7.2",3,9.3,0.6,52.6,30.7,"89.2","23.8",35.4,3.7,34.1,"80.718649268","93.005963086",26.2,46.3
"Cantillo, Joey",676282,2025,25,"34","95.1",401,357,78,50,18,0,10,108,42,26.9,10.5,".218",".353",".299","0.652","50",".229",".370",".289",".300",".309",".141","71.4",22.1,18.6,13.2,39.3,27.9,"7.5",9,12.8,-8.9,43.5,31.1,"89.5","12.5",34.3,7.2,41.8,"78.3463956","94.47711972",29.7,43.2
"Cease, Dylan",656302,2026,30,"23","137.2",553,487,87,62,16,0,9,201,59,36.3,10.7,".179",".267",".270","0.537","57",".183",".276",".248",".254",".275",".093","71.7",26.5,9.1,6,24.7,16.4,"7.4",19,10.3,-2.8,45.8,32.2,"85.8","13.2",31.7,4.9,32.4,"73.316976528","93.169172544",34.8,46.1
"Cuas, Jose",621016,2023,29,"72","65.1",292,249,63,43,10,2,8,71,35,24.3,12,".253",".406",".360","0.766","32",".251",".446",".339",".352",".358",".196","70.5",17.9,11.9,8.7,34.3,25,"7",5,5.8,3.5,37.3,33.1,"89.9","10.1",36.3,11.7,41.3,"79.528946517","94.366915281",29.7,45.5
"Newcomb, Sean",656794,2025,32,"48","92.1",391,350,94,73,16,0,5,91,31,23.3,7.9,".269",".357",".335","0.692","27",".250",".374",".306",".306",".319",".125","71.4",21,12.8,10.2,32.6,25.9,"7.2",7,7.9,2.3,47.8,33.5,"88.9","9.9",33.8,5.7,41.8,"77.812871395","94.200995837",21.4,46.2
"Eflin, Zach",621107,2024,30,"28","165.1",684,653,166,114,28,2,22,134,24,19.6,3.5,".254",".404",".283","0.687","88",".247",".416",".297",".303",".277",".169","71.5",22.1,15.6,12.5,35,28,"7.4",22,11,-2,50.5,32.9,"88.1","13.3",30,7.5,36.1,"76.388751434","94.040596667",21.6,50
"Thornton, Trent",663423,2026,32,"37","38.1",149,132,27,17,6,0,4,21,15,14.1,10.1,".205",".341",".291","0.632","30",".253",".425",".279",".328",".334",".172","72.4",30.1,15.9,13,36.9,30.1,"7.3",5,9.2,0,54.5,30.9,"90.4","11.9",32.1,8,45,"80.3968125","94.535749369",21,49.4
"Kirby, George",669923,2024,26,"33","191.0",778,740,181,118,38,3,22,179,23,23,3,".245",".393",".272","0.665","112",".232",".403",".287",".290",".263",".171","71.1",19,11.3,8.8,31.4,24.6,"7",36,7.6,2.8,51,30.9,"89","14.8",30.5,8.1,36.3,"78.774593274","93.753520357",24.1,53.4
"Alvarado, Elvis",665660,2026,27,"38","38.2",159,137,29,12,9,0,8,48,19,30.2,11.9,".212",".453",".314","0.767","18",".205",".451",".334",".339",".313",".246","72.2",27.6,14,9.4,29,19.6,"7.3",2,9.4,-0.7,52.2,31.8,"90.6","15",31.1,17.8,50,"79.648584889","95.359116742",32.7,51.2
"Suarez, José",660761,2023,25,"11","33.2",165,142,46,28,8,0,10,28,20,17,12.1,".324",".592",".409","1.001","16",".269",".503",".421",".369",".361",".234","71.2",13.6,14.3,10.6,32.7,24.2,"7.4",0,12.5,-1.6,43.3,34.4,"88.7","23.9",34.5,11.2,39.7,"77.648675614","93.966659027",28.5,48.1
"Neris, Héctor",593576,2023,34,"71","68.1",273,236,41,27,7,0,7,77,31,28.2,11.4,".174",".292",".277","0.569","43",".192",".331",".259",".283",".294",".139","71.6",23.2,8.1,5.9,28.6,20.9,"7.4",4,12.2,-4.4,57,31.8,"86.5","19.4",29.2,8.2,28,"74.983366667","93.067123097",30.6,50.6
"Rodríguez, Manuel",655889,2024,27,"40","37.2",158,137,29,22,4,0,3,34,11,21.5,7,".212",".307",".292","0.599","13",".234",".333",".268",".289",".312",".100","70.9",21.3,14.7,11.1,30.9,23.3,"7.2",6,8.4,2,49.4,31.4,"88.7","11",30.2,2.8,34.9,"77.480563269","94.094053077",26.6,48.4
"Palencia, Daniel",694037,2025,25,"54","52.2",215,196,44,30,6,3,5,61,16,28.4,7.4,".224",".362",".288","0.650","15",".225",".354",".284",".282",".289",".130","70.9",19.1,11.7,8.7,36.6,27.3,"7",16,8,2.9,51.4,30.2,"90.1","14.4",38.2,4.4,48.5,"80.17049","94.70085791",27.5,51
"Pruitt, Austin",643493,2023,33,"38","48.1",197,181,44,32,6,1,5,30,13,15.2,6.6,".243",".370",".294","0.664","14",".247",".412",".288",".306",".298",".165","72",30,13.4,11,35.4,29,"7.4",4,8.3,-1.3,59.2,32.3,"87","16.3",37.3,6.5,30.7,"76.404855526","92.834872105",20.4,48.6
"Harris, Hogan",663687,2024,27,"21","72.1",305,266,65,42,14,2,7,61,33,20,10.8,".244",".391",".333","0.724","39",".260",".441",".320",".347",".348",".182","71",17.9,13.1,10.7,35.4,28.8,"7.1",8,8,0.5,43.4,32.2,"88.9","15.6",36.5,7.2,39.4,"78.64134","93.788121268",21.1,44.2
"Verlander, Justin",434378,2023,40,"27","162.1",669,615,139,89,30,2,18,144,45,21.5,6.7,".226",".369",".283","0.652","93",".225",".394",".284",".295",".283",".169","71.6",25,14,11.1,32.1,25.6,"7.3",13,10.6,-0.5,60.1,30.6,"90","18.9",30.5,8.2,41.3,"79.990406017","94.269512972",22.5,49.6
"Manaea, Sean",640455,2025,33,"15","60.2",263,241,62,37,11,1,13,75,12,28.5,4.6,".257",".473",".310","0.783","33",".240",".422",".337",".310",".294",".182","71.4",20.8,12.7,9.5,27.1,20.2,"7.1",9,8.6,0.6,40,32.2,"89.8","17.3",39.6,8.9,42.6,"78.665863012","94.746596121",26.8,52.4
"Garcia, Robert",676395,2025,29,"71","64.0",269,242,58,42,8,0,8,68,22,25.3,8.2,".240",".372",".305","0.677","9",".235",".399",".295",".304",".301",".165","72",24,15.1,10.9,31.8,22.9,"7.3",12,8.3,3,52.9,31.7,"88.6","11.9",38.2,7.9,34.3,"77.653895909","93.978746286",28.6,51
"Sisk, Evan",681895,2026,29,"36","40.2",174,144,33,22,9,0,2,47,18,27,10.3,".229",".333",".343","0.676","23",".194",".277",".310",".277",".314",".083","70.7",17.4,12.3,9.3,27.7,20.8,"7.3",7,10.4,-4.7,51.3,32.1,"85","13.3",28.7,3,30.7,"72.6317744","92.781910707",26.5,41.7
"Junis, Jakob",596001,2023,30,"40","86.0",367,335,90,54,23,1,12,96,21,26.2,5.7,".269",".451",".318","0.769","45",".238",".404",".328",".300",".291",".166","71.7",26.9,12.9,9.7,31.5,23.5,"7.6",6,11.5,-5.1,49,33.6,"88.5","13.1",32.9,8.2,35.4,"77.203347131","93.956878724",27.3,46.7
"Sulser, Cole",642121,2026,36,"41","46.1",197,180,47,28,13,0,6,48,14,24.4,7.1,".261",".433",".313","0.746","21",".253",".461",".319",".325",".306",".207","72.3",29.9,15.4,11.5,28.3,21.3,"7.3",8,10.2,-2.8,53.6,31.6,"87.2","15.4",37.8,11.9,39.3,"74.425593333","94.11528803",26.9,51.3
"Suter, Brent",608718,2025,35,"48","67.2",291,269,69,47,10,1,11,53,18,18.2,6.2,".257",".424",".307","0.731","50",".250",".425",".316",".314",".302",".175","70.9",18.4,13.8,10.9,32.8,25.9,"7.2",2,7.6,1.7,44.5,31.9,"85.8","13.5",33.9,8,32.9,"73.570382885","93.10736599",21.4,48
"Strider, Spencer",675911,2025,26,"23","125.1",539,475,124,74,29,1,20,131,51,24.3,9.5,".261",".453",".340","0.793","68",".253",".454",".344",".340",".333",".202","71.6",22.8,18.3,13.3,37.5,27.2,"7.4",29,11,-4.4,42.2,32.2,"91.3","14.8",39.5,10.6,42.7,"81.059995116","95.310076308",30.6,47.6
"Slaten, Justin",686580,2026,28,"36","31.1",137,127,35,25,6,0,4,39,8,28.5,5.8,".276",".417",".319","0.736","19",".223",".332",".323",".266",".269",".109","71.8",26.9,11.4,9,26.7,21.1,"7.2",7,7.8,1.5,46.2,32.1,"88.3","7.7",36.7,4.4,36.7,"77.338378864","93.940124253",25.2,50.8
"Ober, Bailey",641927,2025,29,"27","146.1",624,579,159,92,37,0,30,120,31,19.2,5,".275",".494",".314","0.808","73",".248",".462",".344",".323",".291",".214","72.1",25.3,16.9,13.1,34.9,26.9,"7.5",14,14.4,-9.2,51.8,31.3,"89.6","22.5",33.8,10.9,39.1,"78.771571293","94.459521595",24.1,51.7
"Zerpa, Angel",672582,2024,24,"60","53.2",240,216,59,44,8,1,6,49,20,20.4,8.3,".273",".403",".339","0.742","40",".259",".419",".323",".328",".327",".161","70.4",12.1,11.9,10.1,35.7,30.2,"6.9",2,4.8,7,42,33.1,"90.3","2.8",27.8,7.1,43.8,"80.144588072","94.736351394",16,43.3
"Suarez, Ranger",624133,2023,27,"22","125.0",540,483,129,87,26,3,13,119,48,22,8.9,".267",".414",".333","0.747","61",".257",".408",".325",".322",".326",".151","71.4",24.4,13.4,10.5,32.3,25.4,"7.4",6,9.2,-1.5,45.3,33.5,"87.8","8.1",35.3,7.5,36.1,"76.421901685","93.62207436",23.1,45
"Megill, Tylor",656731,2025,29,"14","68.1",305,261,60,43,10,1,6,89,33,29.2,10.8,".230",".345",".329","0.674","44",".220",".347",".303",".306",".324",".128","71.5",25.6,13.5,9.9,34.9,25.6,"7.3",19,8.9,-0.3,50.3,32.3,"90.3","14.8",30.1,6.4,43.8,"79.63753","95.034338421",30.7,44.9
"Ramírez, Erasmo",541640,2023,33,"38","60.1",274,250,82,57,13,1,11,43,13,15.7,4.7,".328",".520",".361","0.881","33",".288",".494",".372",".350",".328",".206","71.8",26.8,12.9,9.8,30.2,23,"7.4",2,12.2,-4.7,50.9,32.6,"89.7","10",37.4,8.4,43.5,"78.90707514","94.533381831",20.2,51.5
"Anderson, Grant",681982,2026,29,"45","49.1",194,173,36,15,12,2,7,41,19,21.1,9.8,".208",".422",".289","0.711","28",".211",".343",".305",".279",".292",".132","71.7",22.3,13.1,10.2,36.4,28.2,"7.4",10,11.3,-4.7,52.9,32.4,"88.7","22.3",33.8,7.5,37.6,"78.731629091","93.562874809",25.3,49.3
"Miles, Spencer",693686,2026,25,"37","78.0",316,294,68,53,9,1,5,73,20,23.1,6.3,".231",".320",".279","0.599","47",".234",".328",".266",".271",".284",".093","71.4",23.7,10.8,9,29.6,24.7,"7",8,6.9,3.8,44,32.6,"86.5","6.3",27.8,3.6,35,"75.100928559","93.0328",18.6,48.4
"Daniel, Davis",669721,2024,27,"6","30.1",134,127,39,23,11,0,5,28,6,20.9,4.5,".307",".512",".343","0.855","10",".274",".439",".367",".327",".312",".165","71.9",25.1,14.3,11.6,31,25.1,"7.3",3,11.7,-2.7,48.9,32.8,"87.2","17.9",39.4,10.1,39.4,"74.7893132","93.91111303",20.2,49.8
"Brown, Hunter",686613,2024,25,"31","170.0",712,645,156,120,16,2,18,179,60,25.1,8.4,".242",".357",".310","0.667","89",".223",".338",".296",".286",".295",".115","71.3",22,9.9,7.5,28.7,21.8,"7",25,7.5,4.5,48.8,31.5,"86.2","9.6",28,4.5,30.3,"74.687517768","92.855098176",25.1,46.3
"Kelly, Merrill",518876,2024,35,"13","73.2",300,277,67,39,16,1,11,63,19,21,6.3,".242",".426",".294","0.720","49",".262",".482",".311",".345",".313",".221","72.7",30.6,14.2,11.4,32.1,25.7,"7.5",7,11.5,-3.5,59.7,35,"90.5","11",33.5,10.8,40.9,"80.356688571","94.677066333",21.3,48.2
"Quantrill, Cal",615698,2023,28,"19","99.2",444,398,111,74,22,4,11,58,35,13.1,7.9,".279",".437",".345","0.782","38",".284",".488",".339",".364",".353",".204","71.3",20.1,14.4,11.4,30.4,24,"7.4",3,10.4,-1.2,58,31.6,"87.9","13.4",37.2,8.5,39.2,"76.12958117","94.010311696",18.9,47
"Holmes, Clay",605280,2026,33,"11","63.1",255,230,47,34,9,0,4,49,21,19.2,8.2,".204",".296",".273","0.569","32",".256",".372",".258",".309",".323",".117","72.4",28.8,13.9,11.3,33.3,27.2,"7.6",4,12.3,-4.2,55.3,34.8,"89.9","4.4",25.7,4.9,43.7,"79.315381099","94.524201484",20.4,46.6
"Milner, Hoby",571948,2026,35,"38","35.2",149,133,34,23,7,0,4,18,9,12.1,6,".256",".398",".313","0.711","14",".296",".450",".310",".351",".353",".155","71.7",25.6,20.2,17,37.2,31.4,"7.2",4,7.5,-0.1,52.8,34.6,"88.5","13",37,5.9,37.8,"77.81207431","93.638742759",17.1,45.4
"Herz, DJ",687792,2024,23,"19","88.2",382,340,76,53,11,1,11,106,36,27.7,9.4,".224",".359",".303","0.662","42",".207",".352",".294",".286",".288",".145","71.7",25.1,10.8,7.8,29.6,21.4,"7.3",13,8.7,0.5,48.7,31.4,"89.4","18",30.9,8.1,34.7,"79.798700259","93.635577013",29.3,48.9
"Hill, Tim",657612,2025,35,"70","67.0",269,251,58,41,9,0,8,37,16,13.8,5.9,".231",".363",".276","0.639","37",".241",".383",".274",".288",".286",".143","71.9",26.7,19.1,16.1,37.1,31.2,"6.9",6,3.1,8.9,37.8,32.5,"90","-2.2",21.4,7.9,45.1,"78.716354906","95.046864739",16.4,54.2
"Miller, Bryce",682243,2025,26,"18","90.1",392,348,93,53,22,1,17,74,34,18.9,8.7,".267",".483",".333","0.816","47",".274",".463",".349",".351",".343",".189","71.8",25.8,16.8,12.8,34.4,26.1,"7.3",4,10.1,-2.5,53.3,31.8,"92.4","16.8",34.3,9.4,48.6,"82.570913551","95.807492873",24.2,50.9
"Lorenzen, Michael",547179,2025,33,"27","141.2",606,557,149,90,30,4,25,127,39,21,6.4,".268",".470",".320","0.790","66",".260",".451",".339",".331",".315",".191","71.9",26,14.1,11,35.6,27.7,"7.4",21,11.6,-4.3,50,33,"89.3","15.3",36.6,8.8,39.2,"78.770731389","94.056205903",23.4,48.1
"Domínguez, Seranthony",622554,2025,30,"67","62.2",261,222,44,31,8,0,5,79,36,30.3,13.8,".198",".302",".314","0.616","34",".198",".297",".280",".282",".316",".099","71.3",22.6,9.8,6.8,26,18.2,"7.3",10,9.3,-2.3,41.8,31.3,"87.5","13.4",34.7,6.9,36.8,"76.211899028","93.430835764",33.3,44.6
"Ureña, Walbert",700712,2026,22,"22","107.2",459,392,78,58,14,0,6,102,57,22.2,12.4,".199",".281",".312","0.593","68",".199",".296",".276",".282",".313",".097","72.9",35,11.9,8.8,26.7,19.7,"7.4",17,10.9,-3.2,50.5,32.4,"87","5.5",25.3,4.8,33.6,"75.306666828","93.42799782",27.5,45.4
"Hendricks, Kyle",543294,2025,35,"31","164.2",695,638,167,102,37,3,25,114,43,16.4,6.2,".262",".447",".311","0.758","85",".246",".408",".324",".308",".299",".162","72.2",27.6,15.7,12.8,31.7,25.9,"7.4",4,9.9,-2.2,49.3,32.6,"86.1","16.3",32.6,8.3,34.3,"73.673250302","93.310892792",18.3,48
"Smyly, Drew",592767,2023,34,"41","142.1",626,554,147,83,36,2,26,141,56,22.5,8.9,".265",".478",".335","0.813","108",".237",".403",".348",".313",".312",".166","71.7",22.8,10.8,7.6,32.3,22.8,"7.5",10,12.4,-5.6,49.4,32.6,"87.6","19.2",35.9,7.3,33.6,"76.258119279","93.493708582",27.1,46.6
"Thornton, Trent",663423,2024,30,"71","72.1",294,265,63,38,16,1,8,77,19,26.2,6.5,".238",".396",".299","0.695","24",".227",".361",".302",".291",".291",".134","70.9",16.1,11.4,8.8,31.3,24.1,"7.3",19,9.2,-2.2,53.5,31.8,"87.9","16.2",31.1,7.8,37.3,"76.988763723","93.50760367",27.3,50.6
"Duarte, Daniel",650960,2023,26,"31","31.2",136,114,24,17,2,0,5,23,20,16.9,14.7,".211",".360",".331","0.691","11",".190",".312",".310",".291",".317",".123","71.2",17.3,4.6,3.6,19.8,15.5,"7.1",5,7.4,3.3,53.9,32.8,"85.6","12.6",20.7,4.3,32.6,"73.925526739","92.683037174",24.5,47.9
"Alexander, Jason",669920,2025,32,"18","77.1",336,305,80,49,14,2,15,65,26,19.3,7.7,".262",".469",".324","0.793","46",".270",".443",".341",".338",".334",".173","72.5",30.4,20.9,15.9,40.1,30.6,"7.5",1,12.8,-6.5,46.4,34,"89.8","10.8",35.1,8.3,45.9,"77.843607833","95.370083264",24.6,43.8
"López, Pablo",641154,2024,28,"32","185.1",772,715,180,121,33,0,26,198,41,25.6,5.3,".252",".407",".298","0.705","116",".237",".402",".306",".302",".286",".165","71.5",20.5,11.5,8.5,29.5,22,"7.2",29,10.2,-1.1,50.8,32.3,"87.9","13.3",35.9,8.2,37.5,"76.717040308","93.587928673",27,51.8
"Leclerc, José",600917,2023,29,"57","57.0",233,202,37,25,7,0,5,67,28,28.8,12,".183",".292",".288","0.580","29",".183",".336",".261",".276",".287",".154","71.4",24.6,11.1,7.4,24.4,16.3,"7.7",9,14,-8.2,53,30.7,"85.9","25.1",29.4,8.1,32.4,"74.117229706","92.838483824",35.6,48
"Speier, Gabe",642100,2026,31,"39","32.1",139,117,26,16,7,0,3,29,13,20.9,9.4,".222",".359",".321","0.680","15",".227",".398",".300",".315",".327",".171","71.2",19.9,10.9,8.6,29.7,23.5,"7.1",6,7.9,2,53.3,32,"88.1","14.2",28.3,9.9,37,"76.318091778","94.139849213",23,50.8
"Cox, Austin",680735,2023,26,"24","35.2",149,127,28,19,5,2,2,33,17,22.1,11.4,".220",".339",".315","0.654","11",".255",".395",".291",".337",".353",".140","71.1",17,13,10,36.4,28,"7.3",3,9.7,0.9,44.7,32.6,"90.5","16.9",35.1,7.2,42.3,"81.171646458","94.258560938",27.8,44.1
"Feltner, Ryan",663372,2024,27,"30","162.1",692,628,165,116,27,2,20,138,52,19.9,7.5,".263",".408",".324","0.732","84",".254",".423",".320",".326",".318",".169","71.4",21.4,13.8,10.7,34.3,26.6,"7.3",18,10,-1.7,50.1,31.8,"88.1","11.9",33.1,6.5,36.8,"76.695048857","93.803345297",23.9,48.1
"Rodriguez, Grayson",680570,2023,23,"23","122.0",515,467,121,83,18,4,16,129,42,25,8.2,".259",".418",".321","0.739","82",".251",".411",".320",".317",".315",".160","70.6",18.1,10.9,8.3,29,21.9,"7.1",8,7.5,1.8,42.6,31.2,"89.8","10.4",33.4,7.3,43.7,"79.61343345","94.422562845",26.3,50.4
"Kelly, Kevin",687330,2025,27,"41","39.2",171,160,45,25,7,2,11,35,9,20.5,5.3,".281",".556",".316","0.872","11",".292",".573",".364",".381",".332",".280","72.3",26,24.6,20.8,41.5,35.1,"7.1",4,5.1,4.4,41.7,32.8,"91.1","9.5",40.2,15.7,52.8,"79.152472381","96.20311373",21.2,46.6
"Long, Sam",669674,2024,28,"43","42.2",176,156,34,23,6,0,5,44,17,25,9.7,".218",".353",".297","0.650","24",".236",".408",".286",".316",".314",".173","71.3",18.3,8.4,6.2,33.2,24.5,"7.3",3,10.2,-3.6,54.4,32.3,"87.5","10.2",30.7,8,33.3,"76.673077321","93.262469911",27.8,47.6
"Robertson, David",502085,2024,39,"68","72.0",297,262,53,42,6,0,5,99,28,33.3,9.4,".202",".282",".291","0.573","39",".210",".331",".257",".280",".298",".121","71",19,11.1,8,29.5,21.3,"7.2",7,8.8,1,49.8,32.7,"88.7","9.9",31.1,5.5,37.8,"77.812772805","93.895541534",29.5,43.4
"Martinez, Nick",607259,2023,32,"63","110.1",461,413,99,76,11,0,12,106,40,23,8.7,".240",".354",".311","0.665","59",".242",".388",".294",".308",".313",".146","70.6",18.9,10.2,7.4,32.1,23.3,"7.6",7,14,-8.5,48.5,33.7,"84.7","6.4",30.5,7.1,29.9,"72.647017961","92.400089572",28.6,46.9
"Freeland, Kyle",607536,2024,31,"21","113.1",490,460,134,84,23,5,22,85,26,17.3,5.3,".291",".507",".329","0.836","45",".274",".488",".357",".345",".314",".214","72.4",28.4,14.6,12.6,33.3,28.6,"7.4",16,10.5,-3,52.3,33.9,"90.3","15.2",34.7,10.6,40.7,"79.590418883","94.84659904",17.1,50
"Houser, Adrian",605288,2025,32,"21","125.0",518,467,122,88,20,4,10,92,38,17.8,7.3,".261",".385",".325","0.710","60",".254",".387",".312",".312",".320",".133","72.3",26.5,16.6,13.8,35.5,29.4,"7.3",14,9.3,-1.1,52.3,33.3,"90.2","9.3",30.3,6.1,47.6,"79.183997937","95.051249788",18.1,49.6
"Ohtani, Shohei",660271,2026,31,"14","85.2",340,305,55,38,13,0,4,95,26,27.9,7.6,".180",".262",".257","0.519","41",".201",".288",".239",".257",".276",".086","71.2",21.5,11.1,8,27.8,20.1,"7.3",10,8.7,-1.3,43.3,32.1,"87.4","11.2",26.8,3.8,33.8,"76.583839906","93.134880616",30.4,47.5
"Okert, Steven",595345,2026,34,"61","61.2",236,215,40,27,6,1,6,62,12,26.3,5.1,".186",".307",".240","0.547","29",".201",".333",".244",".260",".255",".132","71.5",23.5,10.6,7.3,30,20.9,"7.5",5,13.9,-7.8,49.9,31.4,"87.2","27",31.6,4.5,33.5,"76.609949481","93.027910196",30.4,50
"Eflin, Zach",621107,2025,31,"14","71.1",309,289,88,51,19,0,18,50,13,16.2,4.2,".304",".557",".336","0.893","44",".265",".468",".378",".327",".299",".203","72.3",26.8,17.6,14.5,36.5,30.1,"7.5",12,11.3,-3.4,46.7,34.1,"89.6","11.4",34,9.4,40.6,"78.828693833","94.433231088",20.5,50.1
"Parker, Mitchell",680730,2024,24,"29","151.0",646,595,154,103,31,2,18,133,43,20.6,6.7,".259",".408",".309","0.717","85",".255",".443",".311",".326",".306",".188","72.2",26.7,13.9,10.9,34.5,27.1,"7.4",19,10.4,-2.9,51.3,31.9,"89.6","15.3",35.3,8.2,38.9,"79.509350699","94.140672817",22.3,51.4
"Harrison, Kyle",690986,2026,24,"19","93.1",384,356,81,52,15,1,13,114,24,29.7,6.3,".228",".385",".284","0.669","56",".225",".352",".294",".281",".282",".127","71.9",24.1,9.3,6.7,28.3,20.5,"7.1",13,6.2,3.4,42.1,31.5,"89.2","14.1",36.8,7,36,"79.078859333","93.871678326",29,48.9
"Drohan, Shane",675660,2026,27,"24","98.1",412,373,91,59,21,2,9,98,31,23.8,7.5,".244",".383",".304","0.687","72",".230",".366",".303",".293",".294",".136","72.5",29.7,14.7,10.7,31.6,23,"7.4",12,10.1,-2.2,49.2,34.1,"88.2","14.2",35.4,8.6,37.9,"76.9303375","93.798241919",27.5,48.2
"Suarez, Ranger",624133,2026,30,"21","108.0",445,408,97,69,21,1,6,110,31,24.7,7,".238",".338",".294","0.632","52",".251",".350",".282",".294",".309",".100","72",26.5,13.1,10.1,31.9,24.8,"7.4",12,10.8,-3.4,48.6,33.1,"86.7","13.2",38.2,4.7,33.2,"75.226115235","93.101225268",23.2,45.8
"Gibson, Trey",694346,2026,24,"8","33.0",161,134,38,26,5,0,7,30,25,18.6,15.5,".284",".478",".398","0.876","24",".291",".487",".385",".391",".406",".196","72.5",28.3,19.8,15.9,34.6,27.9,"7.3",8,7.9,1.1,47.6,33.6,"91.2","8.7",32.4,9.6,47.6,"80.213684808","95.65797875",22.7,41.2
"Quintana, Jose",500779,2025,36,"24","131.2",556,497,120,86,16,0,18,89,50,16,9,".241",".382",".315","0.697","87",".269",".462",".308",".349",".341",".193","72",25.2,18.4,15.3,38.1,31.8,"7.4",13,10,0.1,55.5,32.9,"88.7","13.1",35,9.7,41.7,"77.284315171","94.323604352",18.4,43.2
"Milner, Hoby",571948,2024,33,"61","64.2",268,244,63,44,11,2,6,64,14,23.9,5.2,".258",".393",".299","0.692","31",".245",".348",".297",".282",".289",".103","71.1",20.5,16.2,13.5,36.6,30.5,"7.1",8,6.8,2.7,43.3,34.8,"87.7","8.4",30.9,2.7,36.2,"75.77361","93.945962541",19.3,43.2
"Kershaw, Clayton",477132,2023,35,"24","131.2",523,479,100,62,19,0,19,137,40,26.2,7.6,".209",".367",".273","0.640","90",".227",".393",".280",".298",".291",".166","72.9",33.8,19.8,15.1,37.1,28.3,"7.5",3,12.7,-6.7,57.3,34.4,"89","11.8",34.7,9,39.1,"77.970437953","94.209900469",28.1,49.6
"Banda, Anthony",607455,2026,32,"39","34.1",156,132,31,15,13,0,3,33,15,21.2,9.6,".235",".402",".348","0.750","15",".234",".375",".334",".325",".348",".141","71.8",24.7,13.5,10.4,34.3,26.4,"7.3",6,9.5,-1.4,52.8,31.4,"90.2","16.1",32,7.1,39,"80.496835625","94.254916042",26.7,44.9
"Ferrer, José A.",678606,2024,24,"31","32.0",129,119,27,24,1,1,1,25,6,19.4,4.7,".227",".277",".271","0.548","10",".230",".296",".245",".263",".281",".066","71.2",18.5,15.5,12.3,35.7,28.4,"7.2",2,6.5,4.3,42.9,33.6,"90.7","5.4",21.9,1.1,47.9,"80.350325625","95.012319895",22,48.7
"Garrett, Reed",657585,2025,32,"58","55.1",238,211,47,30,12,0,5,64,26,26.9,10.9,".223",".351",".311","0.662","18",".227",".342",".292",".292",".315",".114","72.1",24.1,13.4,9.5,32.5,23,"7.5",14,12.2,-4.8,52.3,34,"88","12.7",36.1,4.8,40.8,"75.675475753","94.289357534",30.5,45.3
"Severino, Luis",622663,2024,30,"31","182.0",761,684,166,118,23,2,23,161,60,21.2,7.9,".243",".383",".313","0.696","108",".239",".381",".308",".307",".310",".142","71.5",22.5,10.8,8.5,28.2,22.3,"7.1",26,7.3,2.5,50.2,32.1,"87.1","12.7",30.4,5.7,35.6,"75.272418577","93.515669191",22,50.6
"Soriano, José",667755,2026,27,"24","133.2",553,483,105,80,12,0,13,134,62,24.2,11.2,".217",".323",".311","0.634","81",".247",".394",".288",".327",".339",".146","72.4",27.5,14,10,32.6,23.2,"7.4",30,11.4,-3.1,57.8,34.1,"88.8","6.6",32,8,38.8,"77.745807989","94.159475259",31.2,46.9
"Yamamoto, Yoshinobu",808967,2024,25,"18","90.0",368,340,78,48,21,2,7,105,22,28.5,6,".229",".365",".275","0.640","60",".232",".367",".278",".292",".281",".135","71.3",23.8,13.2,9.8,28.3,21,"7.3",6,8.8,-1.4,48.8,33.6,"88.4","8.4",34.2,8.4,41.3,"76.219423782","94.490868143",27,48.3
"Márquez, Germán",608566,2025,30,"26","126.1",591,530,168,99,40,6,23,83,48,14,8.1,".317",".545",".378","0.923","56",".287",".504",".393",".366",".351",".218","72.5",32.2,18.9,15.9,39.1,32.9,"7.4",20,10.3,-2.8,53.6,34,"91.7","15.6",35.8,11.1,48.5,"81.597628348","95.499986518",18.6,48
"Gallen, Zac",668678,2025,29,"33","192.0",813,737,176,104,37,4,31,175,66,21.5,8.1,".239",".426",".303","0.729","109",".242",".434",".315",".320",".307",".192","72",27.6,17,13.4,36.4,28.7,"7.4",36,11.8,-5,54.4,33.5,"90.1","12.4",34.3,9.7,43,"79.464557057","94.701400977",23.7,44.9
"Cabrera, Edward",665795,2023,25,"22","99.2",434,363,78,49,18,0,11,118,66,27.2,15.2,".215",".355",".341","0.696","54",".196",".331",".315",".300",".326",".136","71.7",24.3,7.3,5.6,23,17.8,"7.4",12,11.3,-4.3,59,32.2,"87.6","7.6",24,7,35.4,"76.188126311","93.597034733",30.9,43.1
"Stanek, Ryne",592773,2026,34,"53","47.1",211,182,44,28,7,1,8,50,27,23.7,12.8,".242",".423",".343","0.766","17",".236",".401",".338",".325",".338",".165","71.8",22.5,11.8,8.4,31.2,22.2,"7.3",5,9.8,-0.9,59,31.5,"89.5","14.4",32.6,8.3,37.1,"78.556045303","94.425540382",28.4,48.4
"Smyly, Drew",592767,2024,35,"50","58.2",257,226,57,40,7,0,10,56,25,21.8,9.7,".252",".416",".333","0.749","30",".232",".373",".325",".302",".316",".141","71.1",20.2,13.2,10.4,29.4,23,"7.4",17,10.9,-4.5,52.3,32.8,"89.2","19.5",34.1,6.4,38.2,"78.341442024","94.083570476",25.2,48.1
"Kerkering, Orion",689147,2025,24,"69","60.0",266,231,55,38,11,0,6,65,27,24.4,10.2,".238",".364",".323","0.687","43",".227",".353",".300",".298",".319",".125","71.7",23.8,10,8,29.6,23.8,"7.2",12,7.8,1.7,50.8,33.1,"85.9","15",36.5,6.5,33.5,"73.900155357","93.028676407",23.7,42.9
"Lively, Ben",594902,2025,33,"9","44.2",178,163,38,24,8,0,6,29,15,16.3,8.4,".233",".393",".298","0.691","16",".246",".460",".302",".332",".310",".214","72.1",26.9,15.5,13.3,37,31.7,"7.2",5,7.3,1.3,50.2,29.9,"92.1","20.4",35.1,10.4,44.8,"82.966507313","95.267296791",16.2,47.1
"Voth, Austin",608723,2023,31,"25","34.2",160,140,39,27,5,1,6,34,15,21.3,9.4,".279",".457",".358","0.815","12",".241",".393",".352",".315",".325",".152","71.7",25,27.8,17.9,50,32.1,"7.2",0,7,3.5,60.7,34,"88.4","17.3",31.5,5.6,35.2,"77.863921852","93.685382243",24,47.8
"Imai, Tatsuya",837227,2026,28,"17","64.2",288,239,53,37,7,0,9,80,42,27.8,14.6,".222",".364",".345","0.709","63",".228",".402",".322",".338",".352",".174","72.2",29,13.9,9.4,32.5,21.9,"7.4",8,11,-4,39.4,33.4,"89.9","12.8",38.3,10.5,46.3,"79.30510725","94.701050813",32.3,43.7
"Minter, A.J.",621345,2024,30,"39","34.1",134,121,24,16,2,0,6,35,11,26.1,8.2,".198",".364",".271","0.635","18",".204",".364",".277",".282",".276",".160","71.9",28.2,12.1,8.8,27.3,19.8,"7.4",5,9.3,-1.3,59.9,31.1,"87.3","15.3",26.4,6.9,33.3,"75.611607674","93.756282588",28.4,52.7
"Graceffo, Gordon",700669,2026,26,"49","60.2",245,211,40,24,11,0,5,37,28,15.1,11.4,".190",".313",".286","0.599","41",".254",".449",".269",".343",".342",".195","72.1",30.7,16,13.5,41,34.6,"7.2",5,9.1,0.1,51.6,32.2,"91.4","10.3",33.1,10.1,44.9,"82.120662022","95.119896497",16.9,44.6
"Lugo, Seth",607625,2025,35,"26","145.1",611,546,133,82,23,1,27,125,55,20.5,9,".244",".438",".319","0.757","75",".256",".480",".329",".348",".331",".224","72",24.7,18.2,14.8,37.2,30.2,"7.4",15,11.9,-3.3,52.4,32.5,"90.7","14.2",34.8,11.1,45.2,"80.328886381","94.977892339",20.6,43.9
"Seymour, Ian",693855,2025,26,"19","57.0",242,217,48,35,8,0,5,64,19,26.4,7.9,".221",".327",".290","0.617","24",".237",".383",".274",".308",".308",".146","72.7",29.6,13.9,10.2,27.6,20.1,"7.4",4,10.8,-2.7,51.1,31.5,"88.7","15.1",39.7,7.1,37.8,"77.591748553","93.983770066",27,49.5
"Castillo, Luis",622491,2024,31,"30","175.1",719,663,158,95,36,2,25,175,47,24.3,6.5,".238",".412",".293","0.705","97",".243",".422",".305",".313",".298",".179","71.2",19,13.4,10,32,24,"7.2",25,8.2,0.3,48.6,32,"89.7","16.3",37,8.5,41.9,"78.938131564","94.546516728",25.9,50.6
"Dunning, Dane",641540,2024,29,"26","95.0",421,373,97,59,19,1,18,91,40,21.6,9.5,".260",".461",".340","0.801","64",".257",".470",".347",".349",".337",".213","72",27.6,17.3,13.6,35.5,27.9,"7.4",6,12.6,-4.3,51,32.7,"90.4","13.6",33.8,10.9,45.8,"79.435209433","95.254082242",23.7,45.5
"Oller, Adam",670124,2024,29,"8","42.1",189,165,43,28,8,0,7,36,22,19,11.6,".261",".436",".354","0.790","19",".233",".421",".347",".332",".331",".188","71.6",22,14.4,11.4,39.4,31.1,"7.2",5,9.3,-0.3,57.4,31.6,"90.4","18.2",28.7,8.6,38.8,"81.188518438","94.207483228",21.5,43.2
"Ober, Bailey",641927,2024,28,"31","178.2",709,655,136,75,29,5,27,191,43,26.9,6.1,".208",".391",".261","0.652","90",".209",".384",".282",".284",".264",".175","71.6",23.1,10.7,7.6,31.3,22.3,"7.5",22,13.6,-8.3,52.6,31.5,"87.5","20.4",34.8,8.3,34.3,"76.699154464","93.270078151",29,52.4
"Cease, Dylan",656302,2023,27,"33","177.0",784,689,172,112,32,9,19,214,79,27.3,10.1,".250",".405",".332","0.737","92",".238",".386",".321",".314",".324",".148","71.3",23.7,10.1,7.3,30.5,21.9,"7.4",27,11.3,-3.5,50.3,33,"90","15.4",36.8,6.2,41.6,"79.788605816","94.355014456",31,46.3
"Rocker, Kumar",677958,2026,26,"23","116.0",506,451,115,75,20,4,16,106,47,20.9,9.3,".255",".424",".328","0.752","57",".257",".420",".330",".330",".332",".163","72.3",30.5,14.9,11.6,33,25.6,"7.4",29,12.1,-5.6,51.3,33.1,"88.8","12.6",31.5,7.5,40.7,"77.266910694","94.388675434",25.9,47.6
"Headrick, Brent",687396,2026,28,"63","62.1",254,231,52,37,10,2,3,77,19,30.3,7.5,".225",".325",".284","0.609","41",".226",".336",".271",".274",".285",".110","72",27.3,11.5,8.1,28.2,20,"7.4",13,11,-4.2,48.3,32.3,"88","16.8",39.2,5.1,37.3,"76.412031842","93.876874868",31.7,54
"Medina, Luis",665622,2026,27,"42","55.0",242,207,53,36,10,1,6,67,27,27.7,11.2,".256",".401",".346","0.747","34",".236",".396",".330",".320",".330",".161","71.6",22,11.6,8.2,32.2,22.9,"7.4",11,10.6,-3.8,49.7,32.4,"90.2","14.8",39.3,8.5,39.3,"80.460035714","94.340468417",30.3,43.4
"Waldichuk, Ken",686610,2023,25,"35","141.0",639,550,149,84,39,2,24,132,71,20.7,11.1,".271",".480",".360","0.840","71",".239",".423",".361",".332",".334",".183","71.3",20.4,13.1,9.8,31.7,23.8,"7.3",8,10.1,-1.8,49.2,31.6,"88.3","14.5",34.7,7.7,38.5,"77.103488815","93.79839827",25.1,47.5
"Banks, Tanner",621383,2023,31,"32","61.0",255,232,59,32,13,4,10,51,16,20,6.3,".254",".474",".310","0.784","24",".250",".453",".331",".324",".307",".203","71.1",19.8,15.1,11.9,36.2,28.6,"7.1",3,6.5,5.2,44.9,33.1,"90.3","16.9",35.3,9.2,37,"80.889155543","94.06682612",24.8,46.4
"Schultz, Noah",702273,2026,22,"15","65.1",291,247,62,39,12,2,9,59,31,20.3,10.7,".251",".425",".352","0.777","38",".273",".454",".345",".364",".372",".181","72.3",28.9,15.8,12.8,29.9,24.2,"7.3",9,8.8,-1.5,46.9,31.6,"89.2","16.6",38.9,9.4,40.4,"78.237856489","94.303944706",21,44.5
"Kirby, George",669923,2026,28,"23","136.2",567,532,148,101,27,3,17,114,31,20.1,5.5,".278",".436",".321","0.757","53",".253",".397",".330",".303",".298",".144","71.9",26,13.4,10.6,32,25.3,"7.2",18,8.4,0.5,51.8,31.1,"89.5","12.5",32,7.2,41.1,"79.154865288","94.107613822",21.9,51.9
"Bido, Osvaldo",674370,2025,29,"26","79.2",363,313,93,57,16,1,19,68,35,18.7,9.6,".297",".537",".370","0.907","45",".253",".487",".384",".354",".336",".235","72",23.9,14.6,11.3,34.6,26.8,"7.3",18,10.9,-3.1,54.7,31.2,"90.4","20.1",33.1,11.9,40.9,"80.021885079","94.687870913",25,49.5
"Curtiss, John",595928,2025,32,"30","36.2",141,135,29,16,8,0,5,24,5,17,3.5,".215",".385",".243","0.628","20",".263",".462",".270",".320",".289",".200","71.9",26.7,12.6,10.2,30.4,24.7,"7.1",5,9,0.5,58.6,30.3,"90","16.6",44.6,8.9,42.9,"79.690204727","94.392163455",20.4,52.3
"Bratt, Mitch",683352,2026,22,"7","33.2",159,135,32,17,9,1,5,25,22,15.7,13.8,".237",".430",".348","0.778","18",".218",".365",".342",".311",".332",".147","72.6",29.2,11.6,9.8,25.9,22,"7.3",2,9.2,-1.8,54.1,31.9,"87.4","24.7",31.5,8.1,35.1,"76.802871091","93.017872569",15.6,47.8
"Sugano, Tomoyuki",608372,2025,35,"30","157.0",675,626,173,116,21,3,33,106,36,15.7,5.3,".276",".478",".321","0.799","77",".289",".524",".342",".366",".335",".235","72.4",28,16.8,13.8,36.4,30,"7.4",10,10.7,-2.9,56.5,32.6,"90","14.5",38.5,11.8,39.8,"79.557564154","94.37679225",18.5,47
"Hancock, Emerson",676106,2024,25,"12","60.2",266,239,62,41,7,2,12,39,19,14.7,7.1,".259",".456",".327","0.783","34",".286",".500",".339",".372",".356",".213","72",26,16,12.6,34.3,27,"7.3",5,9.2,0,48.7,32.6,"88.5","16.5",39.6,9.9,46,"76.538445842","94.375983366",21.9,50
"Leasure, Jordan",673929,2025,26,"68","64.1",269,237,49,22,14,1,12,81,30,30.1,11.2,".207",".426",".297","0.723","27",".190",".348",".312",".279",".282",".158","71.6",22.8,11,7.8,27.3,19.4,"7.4",10,11.5,-5.9,55,30.5,"89.1","24.3",36.9,10.8,37.6,"78.435208846","94.011580968",31.9,48.8
"Graveman, Kendall",608665,2023,32,"68","66.1",282,238,51,33,8,1,9,66,36,23.4,12.8,".214",".370",".329","0.699","32",".231",".385",".312",".328",".345",".155","72.2",26.3,11,8,29.1,21.1,"7.2",5,8.8,1.4,57.9,32.1,"88.6","16",32.2,6.9,35.6,"78.124939425","93.688025491",29.2,43.6
"Lowder, Rhett",695076,2026,24,"21","94.1",452,403,108,72,21,2,13,82,42,18.1,9.3,".268",".427",".342","0.769","35",".265",".454",".338",".346",".341",".189","72.3",26.6,14.6,12.1,34.1,28.2,"7.4",17,10.6,-1.2,51.3,33,"90.3","14.9",36.2,9.6,37.8,"80.400742372","94.256946699",19.9,45.1
"Lawrence, Justin",664875,2024,29,"56","59.2",279,233,73,52,11,1,9,45,33,16.1,11.8,".313",".485",".408","0.893","41",".296",".463",".387",".380",".396",".168","70.3",20.1,17.2,13.5,37.3,29.4,"7.3",11,9,-0.3,42.4,34.3,"90","5.7",32.5,7.8,42.3,"78.840013125","94.88308445",22.6,43.4
"Adams, Travis",701519,2026,26,"28","38.0",174,156,39,24,6,3,6,46,17,26.4,9.8,".250",".442",".324","0.766","21",".229",".399",".334",".309",".304",".171","71.8",26.8,11.5,8.3,30.2,21.9,"7.4",6,11.5,-5.4,55.4,32.4,"87.3","15.4",40.5,8.2,30.6,"75.723663396","93.561258774",27.5,47.7
"Evans, Logan",688138,2025,24,"16","81.1",350,313,82,52,15,2,13,59,31,16.9,8.9,".262",".447",".335","0.782","53",".271",".465",".339",".350",".344",".194","72.4",28.3,17.8,14.5,33.4,27.2,"7.4",7,11,-3.4,54.6,32.8,"89.9","13.6",36.3,10.5,42.6,"79.041787969","94.565172078",19.4,45
"Ureña, José",570632,2025,33,"19","55.0",245,217,57,33,15,1,8,34,23,13.9,9.4,".263",".452",".340","0.792","32",".292",".542",".342",".389",".369",".251","72.7",31.7,14.4,11.5,31.8,25.4,"7.5",3,12.8,-5.8,52.1,33.9,"89.6","15.5",36.8,13,40,"78.45246044","94.656698297",19.8,48.2
"Montero, Keider",672456,2024,23,"19","98.1",412,378,100,65,14,2,19,77,31,18.7,7.5,".265",".463",".325","0.788","54",".282",".464",".341",".351",".341",".183","71.7",23.5,15.2,12.2,34.2,27.5,"7.3",11,10.6,-2.7,52.7,31.6,"88.9","15.5",34.6,7.6,37.9,"78.394926093","93.862829269",21.5,48.3
"DeSclafani, Anthony",543101,2023,33,"19","99.2",419,388,105,64,25,1,15,79,20,18.9,4.8,".271",".456",".311","0.767","44",".282",".492",".328",".347",".322",".210","72.3",32.6,20.6,15.2,38.2,28.3,"7.4",0,9.3,-0.9,50,33.9,"90.1","11.4",34.6,8.3,45.1,"78.587614774","95.105318387",20.3,46.7
"Megill, Trevor",656730,2023,29,"31","34.2",148,132,35,24,8,1,2,52,12,35.1,8.1,".265",".386",".324","0.710","20",".209",".337",".309",".275",".278",".128","70.4",17.3,11.3,7.9,32,22.3,"7",7,5.1,6.8,39.7,31.4,"90.7","16.7",43.4,7.2,38.6,"81.657132927","94.418573415",32.5,46.7
"Ragans, Cole",666142,2024,26,"32","186.1",762,685,146,96,32,3,15,223,67,29.3,8.8,".213",".334",".289","0.623","86",".213",".344",".277",".284",".289",".130","71.5",22.6,10.2,7,28,19.2,"7.4",17,11,-4.6,45.8,32.4,"88.3","15.2",31.8,6.2,35.4,"77.675891223","93.553010853",32,48.9
"Peralta, Freddy",642547,2026,30,"25","128.0",573,510,136,82,32,2,20,123,53,21.5,9.2,".267",".455",".342","0.797","62",".242",".383",".348",".312",".320",".141","71.8",23.9,12.6,9.5,30.5,22.9,"7.2",21,9.7,-1.1,49.8,32.4,"88","16.3",34.8,6.1,39.4,"76.797446804","93.702176512",26.4,47.1
"Taylor, Grant",691799,2026,24,"46","64.0",255,232,45,32,9,0,4,81,20,31.8,7.8,".194",".284",".259","0.543","33",".185",".276",".246",".241",".254",".092","70.6",16.6,12.1,9.3,30.2,23.2,"7",23,5.6,5,42,30.9,"89.9","9.5",26.8,5.9,40.5,"80.324887895","94.105492053",28,47
"Alcala, Jorge",660896,2025,29,"56","55.0",257,221,66,36,17,0,13,61,30,23.7,11.7,".299",".552",".379","0.931","6",".236",".428",".393",".327",".326",".192","71.2",23.5,11.7,8.6,29.4,21.7,"7.2",4,10,-0.8,59.5,31.3,"88.8","20.2",33.9,10.9,37.6,"77.521894444","94.258767654",25.7,47.4
"Abbott, Andrew",671096,2024,25,"25","138.0",586,529,127,73,28,1,25,114,52,19.5,8.9,".240",".439",".309","0.748","73",".231",".411",".323",".312",".302",".181","71.6",23.1,11.9,9.4,32.3,25.4,"7.3",4,8.9,-0.4,51.3,31.2,"88.2","21.3",36.6,9.4,33.5,"78.18333039","93.177609095",22.6,47.6
"Peralta, Wandy",593974,2023,31,"63","54.0",227,189,36,26,2,1,7,51,30,22.5,13.2,".190",".323",".319","0.642","23",".234",".371",".293",".329",".356",".137","72",27.2,13,8.8,23,15.6,"7.4",1,13.5,-5.7,59.6,35.5,"86.8","3.6",26.4,7.2,34.3,"74.522176471","93.562167037",29.7,46.8
"Vasquez, Andrew",607755,2023,29,"42","48.1",219,186,46,36,4,2,4,43,23,19.6,10.5,".247",".355",".350","0.705","28",".221",".353",".316",".307",".328",".133","70.7",20.6,12.9,11.3,25.9,22.7,"7.3",3,9.5,-0.7,45.9,32.3,"85.7","11.4",30.8,5.5,30.8,"74.769348592","92.348956809",17.5,42.9
"Boyle, Joe",671212,2024,24,"13","47.2",226,179,42,31,6,1,4,56,40,24.8,17.7,".235",".346",".382","0.728","25",".214",".330",".334",".323",".366",".116","70.3",19.9,9.4,6.8,31,22.6,"7.1",8,7.2,2.7,50,31.9,"88.2","16.2",32.5,4,40.5,"77.449081746","93.74519008",30.2,39.4
"Burke, Sean",680732,2025,25,"28","134.1",596,522,131,77,30,1,23,133,63,22.3,10.6,".251",".444",".337","0.781","64",".246",".457",".340",".342",".333",".211","71.6",23.3,14.9,11.3,33.3,25.2,"7.2",21,10.5,-1.5,54.4,31.6,"89.6","17.5",39.4,10.5,42.7,"78.283710052","94.73809907",25.1,46.9
"Peralta, Wandy",593974,2024,32,"46","38.1",162,143,33,24,3,0,6,22,13,13.6,8,".231",".378",".315","0.693","24",".263",".445",".307",".355",".347",".182","72.3",28.8,16.1,13.2,32.2,26.3,"7.6",2,11.7,-4.9,52.4,34,"89.1","7",32,8.3,43.4,"77.147804167","94.761495126",19.1,48.6
"Marsh, Alec",679525,2024,26,"26","129.0",548,493,123,73,28,3,19,123,39,22.4,7.1,".249",".434",".316","0.750","76",".261",".461",".325",".343",".328",".201","71.5",22.3,14,11.1,34.3,27.1,"7.3",21,10.7,-2.2,51.4,32.4,"89.7","15",38,9.7,40.9,"78.827178162","94.623945041",23.5,47.6
"Williams, Devin",642207,2026,31,"42","38.2",178,155,43,31,9,0,3,51,21,28.7,11.8,".277",".394",".364","0.758","3",".219",".310",".337",".282",".312",".091","71.8",23.7,8.8,5.6,29,18.7,"7.4",3,11.3,-4.7,50.9,32.1,"87.5","16.6",36.8,4.7,29.2,"77.829179615","92.704312115",34.9,50.8
"Díaz, Alexis",664747,2024,27,"60","56.1",242,204,42,27,9,0,6,55,31,22.7,12.8,".206",".338",".326","0.664","6",".203",".334",".300",".300",".325",".131","71.8",22.2,11.6,8.7,29.9,22.5,"7.3",6,10.3,-1.9,54,32,"88.5","22.6",31.3,6.7,38,"77.94858863","93.632788904",26.6,46.2
"Whitlock, Garrett",676477,2025,29,"62","72.0",293,262,54,44,8,0,2,91,24,31.1,8.2,".206",".260",".283","0.543","47",".200",".311",".247",".262",".278",".111","71.5",21.8,13.2,9.2,28,19.5,"7.2",15,8,0.6,46.2,32.6,"88.5","11.2",35.3,8.7,36.4,"77.149183678","94.074555491",32.8,53
"Newcomb, Sean",656794,2026,33,"46","68.0",276,243,50,36,7,5,2,64,25,23.2,9.1,".206",".300",".295","0.595","26",".245",".348",".267",".302",".330",".102","71.2",17.9,13.7,10.5,35.1,27,"7.1",9,6.4,3.7,47,33.1,"87.9","9.3",34.3,5.5,35.9,"76.796878182","93.581185682",25.1,44.3
"Gordon, Tanner",685299,2025,27,"15","75.1",337,316,96,59,18,3,16,62,17,18.4,5,".304",".532",".344","0.876","41",".294",".530",".374",".368",".335",".237","72",26.4,14.9,12.4,30.9,25.5,"7.3",6,8.8,0,42.6,33.5,"90.1","17",42.4,11.5,41.2,"78.86339336","94.88351372",18,53.2
"Vásquez, Randy",681190,2025,26,"28","133.2",570,506,125,89,19,1,16,78,52,13.7,9.1,".247",".383",".323","0.706","65",".267",".481",".311",".354",".342",".214","72.3",28.6,15.3,12.9,33.4,28.2,"7.3",7,10.2,-1.5,55.8,32.8,"89.1","17.2",34.2,10.9,39.3,"78.051658102","94.305900278",15.7,46.4
"Bradish, Kyle",680694,2025,28,"6","32.0",126,115,23,18,2,0,3,47,10,37.3,7.9,".200",".296",".270","0.566","12",".210",".341",".255",".275",".279",".131","71.8",28.1,12.6,8.5,29.6,20.1,"7.3",6,10.9,-2,55.5,32.4,"89.8","20.3",45.6,8.8,38.2,"79.437979706","94.417301029",34.8,45.3
"Peralta, Freddy",642547,2024,28,"32","173.2",725,639,143,92,24,1,26,200,68,27.6,9.4,".224",".387",".307","0.694","85",".221",".386",".305",".307",".306",".165","71.1",20.2,11.6,8.2,27.8,19.7,"7.2",25,9.8,-2,45.8,31.9,"87.6","17.3",35.3,8.7,36.9,"75.95026724","93.640809751",31.1,46.9
"Ginn, J.T.",669372,2024,25,"8","34.0",142,131,36,27,5,0,4,29,9,20.4,6.3,".275",".405",".331","0.736","13",".267",".434",".321",".331",".324",".167","72.4",28.3,21.3,15.7,38.4,28.3,"7.4",6,10.6,-1.6,54,34,"90.3","11.3",34.3,6.9,45.1,"79.443806863","94.82273402",28.3,47.4
"Suter, Brent",608718,2024,34,"47","65.2",270,253,63,41,11,1,10,50,12,18.5,4.4,".249",".419",".289","0.708","19",".268",".422",".305",".318",".308",".154","71.1",19.7,11.9,9.6,32.7,26.4,"7.2",8,8.8,1.2,42.9,31.3,"86.1","13.8",33.7,7.3,30.2,"74.757662549","92.793075567",20.2,49.8
"Mlodzinski, Carmen",669387,2024,25,"40","50.2",209,184,41,30,8,0,3,46,19,22,9.1,".223",".315",".297","0.612","30",".225",".340",".272",".288",".303",".115","70.8",14.7,9.7,7.2,31.9,23.8,"7.2",10,8.1,-0.4,46.3,31.7,"89.3","12.9",29.6,2.8,35.2,"79.432965571","93.818028357",26.1,48.2
"Moore, Matt",519043,2024,35,"51","48.1",210,179,39,22,6,0,11,41,26,19.5,12.4,".218",".436",".324","0.760","26",".214",".424",".329",".324",".320",".210","71.4",22,12.9,9.4,32.8,24,"7.4",1,11.6,-4.4,55.7,30.5,"88.8","23",38.3,9.2,35.5,"78.595674559","93.797852941",26.7,48.6
"Gonsolin, Tony",664062,2023,29,"20","103.0",435,381,86,52,15,0,19,82,40,18.9,9.2,".226",".415",".307","0.722","71",".268",".513",".312",".365",".345",".245","72",29.5,18.3,14.4,36.2,28.4,"7.4",4,11.5,-4,51.6,32.3,"90.2","16.2",35.9,11.4,41.8,"80.064225855","94.496690495",21.5,49.4
"Matthews, Zebby",805673,2026,26,"16","91.0",387,350,93,56,18,1,18,77,30,19.9,7.8,".266",".477",".326","0.803","54",".256",".440",".346",".332",".321",".183","72.3",29.8,16,12.7,38,30.2,"7.3",7,10.8,-2.4,50.1,32.9,"90.6","13.2",34.3,11.6,41.5,"80.629988321","94.751747299",21.9,46.4
"Lynn, Lance",458681,2024,37,"23","117.1",511,458,113,75,21,1,16,109,44,21.3,8.6,".247",".402",".316","0.718","68",".257",".461",".314",".342",".325",".204","71.8",24.7,12.3,9.5,30.2,23.3,"7.1",15,8.1,3.4,55.4,31.8,"88.9","17",37,10.5,39.3,"77.577234686","94.259379457",24.1,48.4
"Baz, Shane",669358,2026,27,"24","139.1",598,534,143,90,41,2,10,122,47,20.4,7.9,".268",".408",".324","0.732","52",".257",".402",".319",".316",".319",".145","72",26.6,14.2,11.3,35.6,28.4,"7.2",25,8.5,-0.9,51.2,31.1,"90.4","13.5",36.6,6.6,42.3,"80.528757156","94.530332678",22.1,48.9
"Luzardo, Jesús",666200,2026,28,"25","150.1",621,560,127,86,28,1,12,185,46,29.8,7.4,".227",".345",".294","0.639","86",".207",".304",".286",".264",".278",".097","71.7",22.1,10.2,7.2,29.7,21,"7.4",32,11.1,-5,44.4,33.3,"87.2","8.8",33.6,5.8,31.8,"76.571692513","92.985012306",31.9,46.5
"Ferrer, José A.",678606,2026,26,"56","51.0",224,203,55,40,9,0,6,41,14,18.3,6.3,".271",".404",".333","0.737","28",".238",".369",".324",".294",".303",".131","71.2",21.4,10.5,8.6,30.4,24.9,"7.1",6,4.6,5.1,34.3,33.8,"87.1","4.6",28.7,6.1,36,"75.196866375","93.502505875",19.7,50.9
"Lovelady, Richard",663992,2026,30,"33","30.1",146,119,34,23,7,0,4,27,21,18.5,14.4,".286",".445",".406","0.851","19",".282",".423",".371",".361",".405",".140","72.1",25.5,12.2,10,32.9,27,"7.2",5,6.5,2,39.8,33.6,"87.1","10.6",35.8,6.5,32.6,"75.340152444","93.549859444",22.9,44.5
"Hill, Tim",657612,2026,36,"56","47.2",198,179,45,32,4,0,9,21,11,10.6,5.6,".251",".425",".315","0.740","32",".261",".425",".321",".325",".324",".164","71.9",25.2,19.4,17.1,36.1,31.9,"7",2,4,6.8,37.3,33.2,"89.2","-3.5",24.4,6.9,42.5,"77.30518859","94.7902675",12.4,51.1
"Blach, Ty",621389,2023,32,"20","78.0",352,315,104,71,16,2,15,50,24,14.2,6.8,".330",".537",".381","0.918","45",".327",".549",".389",".399",".382",".222","72.3",30.3,18.6,15.9,34.8,29.8,"7.3",8,8.7,-1.3,49.7,34.5,"90.1","13.2",41.9,11.1,43.4,"78.337754925","95.196757079",15.3,49.2
"Morejon, Adrian",670970,2024,25,"60","63.2",272,246,63,40,17,2,4,71,21,26.1,7.7,".256",".390",".314","0.704","26",".220",".349",".304",".286",".285",".129","70.9",18.5,10.3,7.6,28.6,21.1,"7.2",11,7.6,1.4,50.5,31.5,"86.6","7.1",31.8,8.4,32.4,"74.824847865","93.308896384",27.3,52.1
"Morton, Charlie",450203,2024,40,"30","165.1",701,613,154,94,35,2,23,167,65,23.8,9.3,".251",".427",".339","0.766","73",".242",".415",".335",".331",".332",".174","71.5",23.5,13.2,10,32.2,24.4,"7.5",22,11.5,-4.6,48.9,33.3,"88.7","9",33,9.3,38.4,"77.729736875","93.929105313",26.1,46.6
"Shugart, Chase",663767,2026,29,"35","41.0",176,151,37,22,5,1,9,49,17,27.8,9.7,".245",".470",".330","0.800","18",".222",".409",".343",".317",".315",".188","71.8",22.2,14,10.5,34.4,25.8,"7.1",3,8.3,2,48.4,32.8,"86.7","15.6",35.8,11.3,34,"74.588081509","93.42628934",25,39.6
"Taillon, Jameson",592791,2025,33,"23","129.2",519,489,110,61,23,2,24,98,27,18.9,5.2,".225",".427",".265","0.692","82",".241",".424",".297",".305",".281",".183","71.9",24.5,15.2,12.3,34.4,27.9,"7.4",19,11.6,-5.1,55.9,30.6,"88.3","19.7",33,8.1,38.3,"77.113366359","93.815742513",20.8,48.5
"Martinez, Nick",607259,2025,34,"40","165.2",683,621,158,91,44,1,22,116,42,17,6.1,".254",".435",".304","0.739","88",".257",".410",".317",".312",".308",".153","71.8",24.1,12.3,10.1,33.9,27.9,"7.4",18,11,-2.7,51.7,32.2,"88.3","16.2",37,7,34.5,"78.23181311","93.267375748",19.9,47.1
"Bernardino, Brennan",657514,2026,34,"58","50.2",214,191,48,31,12,1,4,37,14,17.3,6.5,".251",".387",".310","0.697","19",".260",".399",".305",".312",".318",".139","71.4",20.3,12.6,10.2,37.4,30.2,"7.3",7,9.3,-1.5,45.5,33.5,"87","11.3",30.8,5.7,32.1,"76.235963974","92.965298065",21.9,46.5
"Erceg, Lucas",668674,2025,30,"61","61.1",249,227,54,40,9,1,4,48,18,19.3,7.2,".238",".339",".305","0.644","29",".248",".388",".283",".305",".314",".141","71.4",22.6,15.6,12,32.8,25.3,"7.2",4,9,0.3,41.8,33.2,"89.1","8.2",27.9,7.3,37.4,"77.802849663","94.233063785",24.7,48.7
"Detmers, Reid",672282,2026,26,"25","143.0",579,522,108,68,21,2,17,167,43,28.8,7.4,".207",".352",".269","0.621","60",".214",".363",".274",".283",".277",".149","72.1",26.3,13,9.6,33.6,24.6,"7.4",33,10.2,-3.2,52,31.4,"90","18.4",31.9,8.3,38.2,"80.056205667","94.302156389",29.6,49.2
"Musgrove, Joe",605397,2024,31,"19","99.2",410,375,94,59,21,0,14,101,23,24.6,5.6,".251",".419",".310","0.729","46",".245",".430",".317",".324",".307",".185","71.4",24.7,15.8,11.7,34.3,25.4,"7.3",16,10.7,-2.1,53.6,32,"90.3","13.8",35.5,10.6,40.6,"80.599201739","94.1443128",28.3,47.4
"Ginkel, Kevin",656464,2024,30,"72","70.0",291,270,69,46,16,1,6,77,15,26.5,5.2,".256",".389",".300","0.689","45",".229",".367",".300",".283",".277",".138","70.6",18,13.1,10.1,33.1,25.4,"7.1",16,7.8,2.2,48.6,32,"89.8","10",35.2,5.6,40.8,"79.446978557","94.349364691",27.9,49.3
"Diekman, Jake",518617,2024,37,"43","32.0",145,114,23,10,5,1,7,40,24,27.6,16.6,".202",".447",".354","0.801","20",".217",".400",".350",".348",".370",".183","70.9",21.1,10.7,7.7,27.3,19.6,"7.2",4,7.4,3.9,48.8,32.3,"87","10.8",36.4,10.5,39,"74.985509474","93.756943733",28.7,42.3
"Weaver, Luke",596133,2026,32,"45","47.0",184,168,30,22,4,1,3,48,12,26.1,6.5,".179",".268",".240","0.508","21",".208",".353",".228",".271",".268",".145","72",23.4,12.7,8.9,30,21,"7.4",5,10.8,-4.2,53.5,32.1,"88.6","18.5",29.5,8.2,35.2,"78.484165333","93.518118319",30.7,53.1
"Woodruff, Brandon",605540,2023,30,"11","67.0",253,233,40,23,8,0,9,74,15,29.2,5.9,".172",".322",".229","0.551","38",".203",".334",".241",".262",".260",".131","70.9",20.4,13.7,10.2,30.6,22.8,"7.2",10,9.4,-1.9,49.5,30.9,"89","18.3",32.9,6.8,41.6,"77.742251519","94.345438797",28.3,50.1
"O'Brien, Riley",676617,2026,31,"50","49.2",211,178,35,27,6,0,2,52,20,24.6,9.5,".197",".264",".311","0.575","4",".232",".362",".268",".318",".344",".130","72",24.9,13.5,10.2,31,23.3,"7.3",12,9.8,-0.6,47.4,32.9,"87.9","4.7",31.8,7,39.5,"75.643369032","94.211179516",27.2,43.5
"Arrighetti, Spencer",681293,2024,24,"29","145.0",632,557,139,85,32,1,21,171,65,27.1,10.3,".250",".424",".334","0.758","70",".227",".393",".332",".314",".315",".166","71.5",25.3,11.9,8.9,30.8,23.1,"7.4",21,11.7,-3.9,50.5,31.7,"88.9","16.4",38.3,7.7,39.8,"77.934348615","94.124621851",27.7,47.2
"Holton, Tyler",663947,2026,30,"53","58.0",243,224,59,41,10,1,7,45,14,18.5,5.8,".263",".411",".318","0.729","28",".247",".363",".321",".295",".303",".116","72",23.4,14.7,11.7,31.7,25.2,"7.4",8,10.2,-3.2,56.4,32.2,"87.5","9.5",32.8,6.1,37.8,"76.08388236","93.455280169",22.6,46.8
"Eisert, Brandon",685126,2026,28,"32","34.1",150,136,36,19,11,0,6,40,12,26.7,8,".265",".478",".324","0.802","24",".229",".370",".347",".291",".291",".141","72",28.3,12,8.5,32.6,23.3,"7.4",4,10.7,-2.9,49,34.4,"89.5","12.7",35.7,7.1,38.8,"79.354935417","93.956386771",30.2,45.5
"Flexen, Chris",623167,2025,30,"21","43.2",178,164,38,29,2,0,7,22,12,12.4,6.7,".232",".372",".281","0.653","33",".275",".478",".285",".346",".323",".203","71.9",26.2,14.9,12.6,37.6,31.8,"7.3",6,10.2,-1.8,58.8,30.3,"90.9","15.8",34.7,9,41.7,"81.779611408","94.462315177",16.7,49.8
"Severino, Luis",622663,2023,29,"19","89.1",417,375,113,66,22,2,23,79,34,18.9,8.2,".301",".555",".366","0.921","47",".281",".498",".390",".365",".349",".217","71.7",23.7,13.2,10.6,29.2,23.5,"7.3",5,9,0.6,49.1,32.5,"90.2","13.6",37.9,10.4,45,"79.671218108","94.773724493",20.8,51.5
"Painter, Andrew",691725,2026,23,"18","85.1",383,338,98,66,14,1,17,71,34,18.5,8.9,".290",".488",".361","0.849","35",".267",".445",".369",".344",".341",".178","71.9",26,11.8,9.2,31.9,24.8,"7.4",8,12.3,-5,53.9,31.4,"87.3","15.7",30.4,8.4,35.5,"75.542087407","93.663051815",22.9,48.1
"Bibee, Tanner",676440,2026,27,"26","150.1",613,559,130,85,19,1,25,117,43,19.1,7,".233",".404",".291","0.695","51",".252",".423",".304",".320",".310",".171","71.8",23.6,14.5,11.2,37.5,29.1,"7.4",14,12.1,-5.2,52.5,31.5,"89.4","16.8",33.9,8.3,39.3,"79.093556878","93.997625724",23.8,46.9
"Peterson, David",656849,2025,29,"30","168.2",723,643,166,118,35,2,11,150,65,20.7,9,".258",".370",".331","0.701","90",".270",".407",".311",".331",".344",".137","72.2",27.2,17.6,13.5,35.9,27.6,"7.4",25,10,-1,49.5,33.2,"90.6","4.3",34.4,6.4,46,"79.61366252","95.237705996",24,46.8
"Leclerc, José",600917,2024,30,"64","66.2",288,247,56,40,9,0,7,89,32,30.9,11.1,".227",".348",".323","0.671","39",".212",".353",".300",".297",".311",".141","71.4",21.3,11,7.4,29,19.5,"7.5",11,12.7,-8,52.6,32.1,"87.4","18",36.2,7.4,30.7,"75.98134481","93.541971266",36,47.3
"Miller, Mason",695243,2026,27,"49","51.1",196,174,24,22,2,0,0,93,19,47.4,9.7,".138",".149",".230","0.379","15",".130",".172",".185",".189",".223",".043","70.5",18.4,5.9,3.3,24.3,13.4,"7.2",15,9.2,-3,46,31.1,"85","10.8",29.3,3.7,26.8,"73.496002683","92.260749756",46.9,47
"Lauer, Eric",641778,2025,30,"28","104.2",426,396,90,51,22,2,15,102,26,23.9,6.1,".227",".407",".278","0.685","81",".240",".419",".295",".306",".290",".179","72.1",23.9,14.2,11.1,34.2,26.6,"7.2",11,8.5,1.3,54,31.4,"90.6","21.6",38.5,8.1,41.9,"81.159901438","94.514243505",23.7,48.7
"Leiter, Jack",683004,2025,25,"29","151.2",646,571,127,84,25,0,18,148,67,22.9,10.4,".222",".361",".309","0.670","82",".235",".427",".298",".326",".320",".192","72.3",26.8,13.8,10.6,31.5,24.3,"7.2",22,9.6,-0.9,55.1,30.9,"90.5","16.1",33.8,10.8,43.9,"80.051937028","94.832958467",24.3,47.8
"Castillo, Luis",622491,2023,30,"33","197.0",802,735,160,91,36,5,28,219,56,27.3,7,".218",".395",".276","0.671","119",".226",".414",".289",".302",".285",".188","71.7",24.7,11.5,8.3,29.6,21.4,"7.3",6,10.3,-0.6,47,32.7,"90","15.9",31,9.4,41.8,"78.960209073","94.709603649",30.6,52.1
"Strider, Spencer",675911,2026,27,"8","39.0",165,142,33,14,9,1,9,46,20,27.9,12.1,".232",".500",".327","0.827","33",".188",".359",".355",".290",".291",".171","72.4",25.3,10.1,7.2,28.5,20.2,"7.4",7,12.2,-6.4,44.9,32.6,"89.1","22.2",35.7,11.2,36.7,"79.165809184","93.837080619",30.7,46.6
"Poche, Colin",621363,2024,30,"43","37.1",153,138,30,20,3,0,7,33,13,21.6,8.5,".217",".391",".281","0.672","17",".231",".412",".287",".301",".293",".181","72.1",25.1,19.6,15.7,38,30.5,"7.3",6,11.9,-3.9,58.8,31.2,"91.1","20.3",28,8.4,42.1,"81.679298113","94.799158095",23.4,48.1
"Adams, Travis",701519,2025,25,"18","33.2",158,132,39,23,9,1,6,31,17,19.6,10.8,".295",".515",".376","0.891","21",".293",".505",".378",".393",".384",".212","71.7",22.4,12.1,9.4,31.2,24.2,"7.3",10,9.7,0.5,49.1,33.3,"88.9","16.3",40.6,12.3,40.6,"77.732760755","94.18605981",25.6,46.6
"Blalock, Bradley",687134,2024,23,"7","30.2",147,126,35,20,10,1,4,20,20,13.6,13.6,".278",".468",".381","0.849","22",".291",".501",".371",".388",".393",".210","71.6",24.1,18.7,14.7,37.9,29.7,"7.3",1,10.4,1,51.9,31.7,"90.5","14.3",42.5,10.5,47.2,"79.473810943","95.306191714",20.6,46.6
"Mahle, Tyler",641816,2026,31,"20","106.2",448,400,102,68,17,2,15,105,39,23.4,8.7,".255",".420",".321","0.741","37",".240",".384",".325",".306",".309",".145","72.3",28,14.1,11,33.2,25.8,"7.3",10,10.8,-1.2,51.8,31.7,"89.9","13.6",32.8,7,37.1,"80.324656892","93.995026757",23,44.7
"Roupp, Landen",694738,2026,27,"24","129.1",548,479,108,70,25,3,10,128,60,23.4,10.9,".225",".353",".317","0.670","64",".230",".345",".301",".300",".321",".115","72",25,10.8,8.2,29.1,22.1,"7.4",19,12.3,-5.9,49.7,33.8,"86.3","9.8",33.2,5.1,29.9,"75.288889419","92.616296512",25.5,43.5
"Soto, Gregory",642397,2024,29,"66","53.0",244,206,56,40,10,2,4,65,27,26.6,11.1,".272",".398",".374","0.772","32",".234",".381",".340",".328",".347",".146","70.5",16.3,10.5,7.3,30.6,21.5,"7.4",8,9.6,-1.9,44.1,33.1,"88.6","6.2",34.7,7.6,43.8,"77.25008","94.261321127",31,47.1
"Voth, Austin",608723,2024,32,"68","61.0",248,226,46,28,8,1,9,61,18,24.6,7.3,".204",".367",".271","0.638","18",".212",".374",".281",".288",".279",".162","71.3",19.5,13.4,9.5,32.2,22.9,"7.4",13,11.3,-4.5,52.2,31.9,"85.8","16.2",40.4,7.8,29.5,"74.551087439","92.540165854",31.6,48.4
"Hendricks, Kyle",543294,2024,34,"29","130.2",567,514,147,110,15,1,21,87,43,15.3,7.6,".286",".442",".340","0.782","58",".273",".431",".339",".338",".332",".159","71.5",22.9,13.8,11.3,31.5,25.9,"7.4",9,10.9,-4.1,49.9,33.4,"85.9","13",36.4,7.4,33.4,"73.587198843","93.098027796",18.9,46.2
"Duran, Jhoan",661395,2024,26,"58","54.1",228,204,48,31,12,1,4,66,15,28.9,6.6,".235",".363",".305","0.668","26",".207",".291",".292",".265",".282",".084","70.5",18.6,11.6,8.2,29.3,20.8,"6.9",8,4.3,6.4,41.8,31.8,"87","-3.1",28.4,3.6,36.2,"74.911012754","93.699657153",32.9,49
"Gausman, Kevin",592332,2023,32,"31","185.0",763,700,163,100,43,1,19,237,55,31.1,7.2,".233",".379",".291","0.670","73",".231",".406",".292",".303",".290",".176","72",25.5,12.1,8.6,29.2,20.6,"7.4",8,10.8,-3.7,44.2,34.7,"89.4","12.3",36.9,9.9,43.3,"77.897586061","94.803198308",28.9,49.3
"Severino, Luis",622663,2026,32,"12","62.2",271,236,61,40,10,2,9,65,31,24,11.4,".258",".432",".349","0.781","23",".231",".388",".345",".318",".326",".157","71.7",23.2,11.2,8.6,29.2,22.6,"7.1",10,6.5,2.7,44.1,32,"88.8","11.6",34.1,8.7,38.7,"78.384796047","93.696996959",23,47.6
"Sborz, Josh",622250,2023,29,"44","52.1",215,196,43,28,6,1,8,66,17,30.7,7.9,".219",".383",".285","0.668","35",".211",".367",".291",".283",".278",".156","71.6",23.1,21.5,15.4,43.1,30.8,"7.5",2,10.3,-0.3,57.4,31.3,"89.9","12",30.8,8.5,40.8,"79.353664923","94.555186923",37.2,47.1
"Cousins, Jake",664776,2024,29,"37","38.0",155,130,20,13,1,1,5,53,20,34.2,12.9,".154",".292",".290","0.582","28",".183",".327",".268",".295",".315",".144","69.8",11.9,11.1,8,25,17.9,"7.5",14,14,-11.4,36.6,32.9,"86.2","14.1",31.2,7.8,33.8,"73.749845526","93.3060275",35.8,43.3
"Shreve, Chasen",592741,2023,32,"50","44.2",193,173,46,31,6,2,7,45,14,23.3,7.3,".266",".445",".318","0.763","20",".244",".422",".325",".315",".303",".178","72",26.3,14.3,10,39.3,27.5,"7.7",0,12.4,-7.7,53.1,34.2,"88.3","12.5",30.8,9.2,38.2,"77.289517692","93.683012077",28.5,47.9
"Valdez, Framber",664285,2026,32,"24","133.0",613,543,140,103,22,2,13,111,54,18.1,8.8,".258",".378",".338","0.716","74",".258",".391",".320",".324",".338",".133","72.3",29.2,17.4,14.2,38.1,31,"7.4",23,10.7,-3.7,51.8,33.6,"90.2","6.2",29.7,6.2,43.7,"79.658335841","94.768382827",20.6,46.3
"Alcantara, Sandy",645261,2025,29,"31","174.2",745,669,165,104,39,0,22,142,57,19.1,7.7,".247",".404",".310","0.714","94",".262",".436",".311",".332",".326",".175","72.3",27.9,14.1,11.3,32.5,26,"7.4",17,10.2,-1.5,50.9,33.6,"90.7","9.4",33,8.6,45,"80.162512584","95.038047336",20.9,49.5
"Morton, Charlie",450203,2023,39,"30","163.1",716,615,150,103,30,3,14,183,83,25.6,11.6,".244",".371",".344","0.715","122",".244",".403",".318",".330",".345",".158","71.9",26.3,16,11.4,35.7,25.4,"7.5",10,11.7,-5.2,51,33.8,"88.9","9.9",36.8,7.8,39.1,"77.30793493","94.400073953",32.2,42.9
"Barlow, Scott",605130,2024,31,"63","55.0",241,204,44,27,11,0,6,68,31,28.2,12.9,".216",".358",".328","0.686","16",".230",".367",".306",".317",".341",".137","70.8",18.2,11.4,8.1,30.5,21.7,"7.6",13,13.7,-11.3,50.4,33.2,"86.2","9",33.3,5.8,32.6,"73.846792464","93.298851159",33.6,42.6
"Montero, Rafael",606160,2024,33,"41","38.1",164,141,35,22,4,1,8,23,19,14,11.6,".248",".461",".348","0.809","14",".266",".482",".352",".368",".363",".216","71",20.1,13,10.6,31.4,25.6,"7.1",2,8.5,2.3,59.2,30.8,"89.8","11.3",36.1,10.1,42,"79.6057485","94.228808319",17.9,45.1
"Rodríguez, Randy",678495,2024,24,"35","52.1",221,196,47,31,10,2,4,53,18,24,8.1,".240",".372",".311","0.683","26",".209",".355",".301",".285",".284",".146","70.8",17.7,12.6,9.3,33.9,24.9,"7.3",9,8.6,-1,48.4,33.4,"88.1","13.4",26,7.5,37.7,"76.90087875","93.790205",29.6,48.1
"Abel, Mick",690953,2025,23,"10","39.0",174,157,43,31,2,2,8,39,16,22.4,9.2,".274",".465",".345","0.810","17",".269",".455",".351",".346",".341",".186","71.5",23.8,14.3,10.8,33.2,25.1,"7.1",6,9.6,-0.1,49.7,31.1,"91.3","15.9",38.1,8.5,49.2,"81.778570339","94.893442881",25.4,49.7
"Varland, Louis",686973,2024,26,"16","49.2",238,214,68,48,8,0,12,49,16,20.6,6.7,".318",".523",".371","0.894","10",".281",".472",".382",".356",".342",".191","71.2",21.5,13.5,10.5,33.6,26.1,"7",8,7.6,4,49.9,31.9,"90.6","11.1",41.4,8.9,45,"80.289034524","94.924498204",23.2,50.7
"Ogasawara, Shinnosuke",829272,2025,27,"23","38.2",173,149,43,26,8,0,9,30,17,17.3,9.8,".289",".523",".364","0.887","14",".263",".469",".377",".355",".347",".206","72",21.9,19.7,15.2,36.5,28.1,"7.5",1,12.3,-6.6,47.4,32.2,"90.8","13.5",34.1,10.6,41.5,"80.859079508","94.705759669",23.5,45.5
"Boushley, Caleb",676961,2025,31,"25","43.1",193,177,54,37,12,0,5,41,14,21.2,7.3,".305",".458",".363","0.821","13",".306",".496",".356",".370",".363",".191","71.4",18.1,19.3,15.3,40.4,31.9,"7.3",1,10.1,0.4,54.6,31.7,"90.8","11.9",41.9,11.8,50,"80.443002059","95.271632148",20.8,42.2
"Kaprielian, James",621076,2023,29,"14","61.0",280,241,66,41,16,0,9,57,31,20.4,11.1,".274",".452",".367","0.819","24",".242",".435",".356",".340",".341",".193",,,,,,,,,,,,,"89.6","22.8",36.6,7.1,38.7,"79.709583516","93.935672363",25,48.5
"Medina, Luis",665622,2023,24,"23","109.2",495,427,109,61,31,3,14,106,57,21.4,11.5,".255",".440",".352","0.792","35",".250",".413",".343",".336",".349",".164","70.7",15.8,11.4,8.6,32.8,24.7,"7.3",5,9.5,-2.1,42.5,34.2,"89.3","11.5",36.4,6.2,41,"78.648992375","94.171801406",24.5,46.1
"Pfaadt, Brandon",694297,2026,27,"22","92.2",379,348,81,56,16,1,8,61,24,16.1,6.3,".233",".353",".288","0.641","51",".235",".373",".284",".294",".293",".138","72.4",27.3,13.3,11,33.4,27.5,"7.4",14,10.8,-2,55.4,33.9,"88.6","11.2",30.7,7.2,34.8,"78.328712069","93.501799793",20.7,49.2
"Nance, Tommy",667297,2026,35,"45","45.1",190,169,40,32,3,0,5,47,18,24.7,9.5,".237",".343",".307","0.650","16",".252",".387",".289",".310",".321",".135","71.7",22.9,10.5,8.2,31.6,24.7,"7.3",12,10.5,-2.8,54.7,31.7,"87.9","8.2",30.4,5.6,34.4,"77.012599355","93.495692114",24.4,47.9
"Wesneski, Hayden",669713,2023,25,"34","89.1",379,339,82,49,12,1,20,83,32,21.9,8.4,".242",".460",".311","0.771","51",".259",".477",".330",".346",".329",".218","70.5",17.6,15.1,11.5,35.7,27.3,"7.1",7,7.3,1.2,41.8,32.8,"88.7","14.1",37.3,12.4,38.1,"77.298453594","94.21268251",22.7,44.6
"Hurt, Kyle",669165,2026,28,"38","39.2",172,148,33,23,6,0,4,49,22,28.5,12.8,".223",".345",".327","0.672","24",".208",".339",".303",".293",".315",".131","72.5",28.6,12.9,8.3,31.4,20.3,"7.4",1,8.9,-1.5,50.5,31.2,"89.7","13.3",32,7,42,"79.362556","94.258036162",35.7,51.9
"Martin, Davis",663436,2024,27,"11","50.0",220,192,50,40,5,0,5,47,23,21.4,10.5,".260",".365",".355","0.720","19",".224",".378",".324",".316",".323",".154","71.6",22.7,13,9.8,30.5,23,"7.3",13,11.2,-1.5,49.7,32.7,"87.9","11.9",26.2,7.6,37.9,"76.248378194","93.839174792",27,48.5
"Bednar, David",670280,2026,31,"50","54.1",221,199,38,29,4,2,3,61,18,27.6,8.1,".191",".276",".262","0.538","18",".206",".286",".241",".253",".277",".080","72",25.1,10,6.8,26.2,18,"7.3",5,10.5,-3.2,54.9,31.3,"86.1","7.2",24.3,3.6,34.3,"74.239549855","93.031320435",31.1,53.1
"Williams, Gavin",668909,2026,26,"25","149.0",597,547,116,69,22,1,24,190,45,31.8,7.5,".212",".388",".276","0.664","71",".228",".410",".291",".305",".290",".182","71.5",20.7,14.6,10.5,31.5,22.7,"7.3",37,9.3,-0.6,46.8,31.5,"90.1","10.9",34.8,11.7,47.6,"79.047506517","95.035226966",31.2,49.6
"Spence, Mitch",687765,2025,27,"32","84.2",375,342,96,60,20,0,16,66,26,17.6,6.9,".281",".480",".337","0.817","33",".284",".508",".350",".363",".342",".224","72",27.6,17.2,13.1,34.5,26.2,"7.5",22,11.7,-5.1,52.7,32.8,"90.2","12.5",37.8,11.9,42.8,"79.322783986","94.752186945",25.7,50.8
"Kelly, Merrill",518876,2025,36,"32","184.0",748,696,157,96,35,3,23,167,48,22.3,6.4,".226",".384",".277","0.661","96",".250",".431",".288",".316",".300",".181","72.7",33.1,15.7,12.2,32.6,25.4,"7.5",33,11.2,-3.4,54.3,33.6,"90.2","13.8",32.4,9.3,43.5,"79.116163359","94.908594218",24.1,49.3
"Senga, Kodai",673540,2025,32,"22","113.1",482,420,94,52,24,6,12,109,55,22.6,11.4,".224",".395",".317","0.712","48",".225",".373",".313",".309",".320",".148","71.8",25.7,14.1,10.6,32.7,24.7,"7.5",26,11.8,-5.6,50.6,33,"88.9","12.5",29.7,8,40.6,"77.128245355","94.410346065",27.4,45.5
"Halvorsen, Seth",678020,2025,25,"42","39.2",172,150,41,23,10,1,7,36,20,20.9,11.6,".273",".493",".357","0.850","9",".238",".417",".364",".323",".326",".179","71.2",22,13.5,9.7,33.5,23.9,"7.1",6,6.5,2.6,50.6,32.8,"89","6.1",29.3,9.5,39.7,"77.340176667","94.422480442",29.4,48.1
"López, Reynaldo",625643,2024,30,"26","135.2",543,492,108,74,22,2,10,148,42,27.3,7.7,".220",".333",".280","0.613","68",".238",".401",".271",".310",".301",".163","71.1",19.6,13,9.7,32.6,24.3,"7.3",22,8.4,-0.2,44.7,33.4,"89.8","13.8",37.3,8.8,42.2,"79.439650977","94.317767471",27.5,49
"Winn, Cole",668390,2025,25,"33","41.2",162,138,23,12,7,1,3,35,17,21.6,10.5,".167",".297",".275","0.572","13",".216",".407",".255",".317",".320",".191","72.7",31.3,18.4,14.2,34.2,26.4,"7.3",5,8.3,0.8,48.6,31.6,"91.4","10.4",29.2,10.5,48.1,"80.866703654","95.652362427",22.9,45.9
"Santillan, Tony",663574,2024,27,"29","30.0",122,113,21,14,3,0,4,46,9,37.7,7.4,".186",".319",".246","0.565","19",".183",".304",".250",".245",".244",".121","70.9",19.6,10.1,7.1,28.3,20.1,"6.9",3,5.6,5.7,43.2,30.9,"90.2","19.7",29.9,6,40.3,"80.446815758","94.230051538",30,50.2
"Ober, Bailey",641927,2023,27,"26","144.1",577,539,125,78,24,1,22,146,29,25.3,5,".232",".403",".279","0.682","53",".222",".412",".294",".293",".270",".190","71.7",23.5,10.2,7.1,30.3,21,"7.3",6,12.6,-5.2,54,30,"88.2","20",33.4,9.6,35.7,"77.740159286","93.490782916",28.7,53.1
"Barlow, Scott",605130,2025,32,"75","68.1",303,250,50,33,8,1,8,75,45,24.8,14.9,".200",".336",".333","0.669","34",".227",".365",".301",".323",".356",".138","71.6",24,10.7,7.7,27.7,20,"7.7",12,14,-9.3,44.6,34,"86.2","17",32.2,7.4,30.5,"74.790501818","92.875805543",30.8,41.3
"Faucher, Calvin",676534,2024,28,"53","53.2",235,199,49,34,11,4,0,63,26,26.8,11.1,".246",".342",".339","0.681","27",".230",".340",".299",".302",".330",".110","71.2",18.8,14.1,10.5,30.4,22.6,"7.2",11,6.6,5.1,50.5,32.2,"89.6","9",32.4,7.8,39.4,"79.359793857","94.07162446",28.1,43.6
"Lynch IV, Daniel",663738,2025,28,"57","67.2",289,254,66,46,12,0,8,45,26,15.6,9,".260",".402",".341","0.743","38",".253",".414",".327",".329",".335",".162","71.5",21,19.2,15,40.5,31.7,"7.4",4,11,-3.3,54.9,32.7,"88.6","10.4",28.3,8.1,42.5,"76.90873625","94.451533462",22.3,42.9
"Bachar, Lake",669199,2025,30,"53","71.0",296,258,55,33,9,3,10,75,30,25.3,10.1,".213",".388",".298","0.686","45",".228",".441",".296",".327",".316",".213","71.6",20.4,13.6,9.7,37.2,26.5,"7.5",15,12.1,-5.1,57.4,32.7,"90.3","17.7",38.3,10.7,41.5,"80.383076196","94.506561793",30.2,46.3
"Velasquez, Vince",592826,2023,31,"8","37.1",162,146,35,22,9,0,4,37,14,22.8,8.6,".240",".384",".311","0.695","23",".247",".401",".305",".316",".317",".155",,,,,,,,,,,,,"88.3","19.5",37.3,6.4,39.1,"76.945370182","94.173883303",27.2,46.9
"Pérez, Cionel",672335,2026,30,"36","41.2",181,165,44,34,2,1,7,41,16,22.7,8.8,".267",".418",".331","0.749","21",".265",".470",".331",".346",".330",".205","71.9",24.8,19.3,15.2,36.3,28.7,"7.2",12,7.2,3,51.6,32.8,"91.7","4.7",26.6,13,50,"80.468019836","96.087990082",25.2,45.9
"López, Pablo",641154,2025,29,"14","75.2",312,285,64,44,13,1,6,73,20,23.4,6.4,".225",".340",".282","0.622","47",".249",".398",".274",".309",".307",".149","71.5",22.7,11.6,8.6,33.1,24.6,"7.2",12,9.1,-1.2,48.3,32.6,"88.7","14.4",39.5,6,35.3,"77.770456355","93.87682108",25.9,48.5
"Fernandez, Ryan",681676,2024,26,"62","66.2",285,246,58,43,8,3,4,71,32,24.9,11.2,".236",".341",".325","0.666","19",".219",".327",".291",".294",".316",".108","71.5",23.7,12.2,8.7,31.8,22.5,"7.5",14,11.8,-3.7,50.3,31.9,"89","10.4",35.6,7.2,33.9,"78.88783427","93.727534407",31.5,47.9
"Díaz, Alexis",664747,2023,26,"71","67.1",286,236,44,30,10,0,4,86,36,30.1,12.6,".186",".280",".317","0.597","19",".190",".297",".279",".288",".322",".107","71.1",23.6,12.4,8.9,34.5,24.6,"7.4",9,10.4,-4.1,48.6,33.5,"89.8","18",29.2,6.6,41.6,"79.712143514","94.261263986",34.8,47
"Peralta, Wandy",593974,2025,33,"71","71.2",313,277,66,46,13,2,5,63,30,20.1,9.6,".238",".354",".315","0.669","28",".252",".385",".293",".311",".328",".133","72.6",27.9,15.7,11.3,33.6,24.2,"7.6",10,11.5,-4.4,54.5,34.1,"87.6","3.7",29.4,6.9,36.2,"75.314537685","94.024205442",29,48.5
"Schwellenbach, Spencer",680885,2025,25,"17","110.2",434,410,89,56,18,2,13,108,18,24.9,4.1,".217",".366",".252","0.618","62",".251",".395",".266",".294",".285",".144","71.6",23.7,16.7,12.3,35.2,25.9,"7.3",14,8.3,-0.4,45.2,32.5,"88.8","8.3",34.3,7.5,41.5,"76.928233856","94.493622852",28.3,51.8
"Iglesias, Raisel",628452,2026,36,"45","45.2",188,173,41,28,8,0,5,49,14,26.1,7.4,".237",".370",".298","0.668","6",".223",".361",".296",".286",".286",".138","71.9",27.6,10.6,7.3,26.8,18.6,"7.4",0,11.4,-4.3,50.1,33.2,"88.2","18.9",31.5,9.8,37.1,"77.572107581","93.504254228",30.2,52.9
"Jansen, Kenley",445276,2023,35,"51","44.2",188,169,40,26,9,0,5,52,17,27.7,9,".237",".379",".314","0.693","9",".202",".355",".303",".280",".283",".153","72",28.8,6.2,4.5,30.9,22.5,"7.4",2,11.8,-3.1,62.2,31.2,"89.8","28.6",29.9,6.8,35.9,"80.87029931","93.556746609",29,52.1
"Sears, JP",676664,2025,29,"27","135.2",583,534,143,76,36,1,30,117,36,20.1,6.2,".268",".507",".319","0.826","83",".241",".446",".352",".319",".295",".205","71.7",24.6,14,11.1,31.3,24.8,"7.2",13,9.1,-1.2,50.7,31.4,"89.2","21.2",33.5,9.4,39.4,"78.488716143","94.093992714",21.6,47.3
"Jax, Griffin",643377,2024,29,"72","71.0",276,256,47,33,7,3,4,95,15,34.4,5.4,".184",".281",".234","0.515","57",".186",".312",".227",".243",".236",".126","70.8",15.6,13.7,8.8,33.8,21.8,"7.3",22,9.2,0.7,53.2,31.8,"88.2","6.3",23.9,8,38.7,"77.101383951","93.862430186",37.8,52.1
"Canning, Griffin",656288,2025,29,"16","76.1",327,292,70,51,10,1,8,70,34,21.4,10.4,".240",".363",".319","0.682","40",".252",".434",".303",".334",".331",".182","72.3",28.3,15.6,11.7,33.9,25.5,"7.4",13,10.2,-2.4,53.9,32.6,"91.2","7.8",31.8,9.5,45.7,"81.002928257","95.23954656",25.5,45.8
"Weems, Jordan",607179,2023,30,"51","54.2",232,196,38,18,10,1,9,60,28,25.9,12.1,".194",".393",".300","0.693","21",".221",".430",".294",".320",".325",".209","71.3",19.5,13.9,10,34.2,24.5,"7.3",5,7.7,1.3,53.5,31.8,"89.9","16",36.2,11.4,38.3,"79.22853087","94.579723551",27,44.3
"Agnos, Zach",688642,2026,25,"31","70.2",312,277,78,48,20,2,8,45,25,14.4,8,".282",".455",".347","0.802","25",".287",".463",".347",".355",".356",".176","72.2",26.7,15.6,12.6,34.2,27.7,"7.4",12,11.7,-4.5,58.9,32.4,"89","14.9",39.2,8,41.4,"77.799112308","94.220288675",20.9,50.7
"Shuster, Jared",694363,2023,24,"11","52.2",230,201,53,34,10,2,7,30,26,13,11.3,".264",".438",".348","0.786","39",".265",".445",".341",".352",".352",".180","71.3",19,9.1,6.9,36.4,27.6,"7.3",0,12.1,-4.6,56.9,32.4,"89.4","18.4",34.7,6.9,38.7,"78.88197119","94.197751607",21.6,45.6
"Thornton, Zac",804267,2026,24,"8","45.1",177,161,37,28,5,0,4,29,13,16.4,7.3,".230",".335",".290","0.625","23",".271",".446",".279",".337",".328",".175","72.9",31.9,19.3,16,37,30.6,"7.4",4,11,-3.1,56.2,32,"89.7","13.2",37.3,9,41,"78.885320152","94.543231364",18.9,49.8
"Blackburn, Paul",621112,2026,32,"46","68.0",265,239,46,35,5,0,6,54,25,20.4,9.4,".192",".289",".272","0.561","33",".232",".350",".254",".292",".308",".118","71.9",25.6,13.4,10.7,30,23.9,"7.4",9,10.9,-1.9,48.6,31.8,"86.5","5.5",26.5,5.9,34.1,"74.260474239","93.357269293",21.9,46.3
"Helsley, Ryan",664854,2025,30,"58","56.0",252,222,61,41,12,0,8,63,25,25,9.9,".275",".437",".347","0.784","13",".242",".395",".336",".310",".319",".153","71",21.4,10.9,7.9,32.6,23.8,"7.4",19,11.1,-4.7,46.9,32.4,"91","11.4",37.4,7.4,41.7,"81.211436543","94.813928199",29.5,53
"Luzardo, Jesús",666200,2025,27,"32","183.2",758,696,167,118,33,0,16,216,57,28.5,7.5,".240",".356",".299","0.655","129",".228",".355",".290",".285",".289",".127","71.8",23.7,11.9,8.4,30.3,21.4,"7.4",28,10.6,-2.8,49.3,32.7,"88.5","13.1",34.2,6.7,37.1,"77.489938987","93.779297426",30.8,47.8
"Williams, Trevor",592866,2023,31,"30","144.1",658,593,178,110,32,2,34,111,52,16.9,7.9,".300",".533",".358","0.891","68",".275",".501",".377",".358",".337",".226","72.3",30.3,14.7,11.8,30.4,24.3,"7.3",2,9.3,0.3,50,34.2,"88.3","15.9",36.9,10.3,38.6,"77.005416033","93.997254483",19,47.1
"Sterner, Justin",686993,2025,28,"59","65.0",266,234,47,32,5,0,10,70,21,26.3,7.9,".201",".350",".283","0.633","27",".203",".366",".278",".285",".286",".163","71.4",21.2,12.3,8.9,34.3,24.7,"7.2",18,9.4,-0.5,50.7,30.1,"89.8","22",33.5,9.6,38.9,"79.729549881","94.196491916",30.8,50
"Meyer, Max",676974,2025,26,"12","64.2",285,261,72,48,12,0,12,68,20,23.9,7,".276",".460",".330","0.790","31",".262",".453",".341",".337",".320",".191","72.6",31.4,19.4,14.1,40.8,29.6,"7.4",10,10.2,-1.6,53.9,33.4,"91.9","8.7",30.3,9.2,48.2,"81.961734227","95.684813731",27.4,47.4
"Wantz, Andrew",681806,2023,27,"27","39.1",160,142,28,17,4,3,4,33,15,20.6,9.4,".197",".352",".275","0.627","11",".238",".399",".272",".312",".313",".161","71.4",25.7,10.6,8.3,27.1,21.1,"7.4",6,10,-3.2,60.4,29.7,"85.1","20.3",28.8,8.1,31.5,"72.359705536","93.090521532",26.3,48.5
"Varland, Louis",686973,2026,28,"58","64.1",249,228,45,37,6,0,2,79,17,31.7,6.8,".197",".250",".250","0.500","30",".197",".266",".226",".231",".250",".070","71.6",22.4,8.5,6.1,25,17.9,"7.2",14,7,2.8,46.8,32.9,"87.9","4.7",24.8,4.6,37.3,"77.188738026","93.367966755",29.4,52.4
"Vásquez, Randy",681190,2023,24,"11","37.2",166,142,30,18,7,0,5,33,18,19.9,10.8,".211",".366",".315","0.681","15",".266",".445",".303",".354",".363",".179","71",20.3,9.9,8.1,27.5,22.7,"7.3",1,10.6,-1.4,51.1,30.9,"86.9","13.4",36.4,6.4,38.2,"74.038227091","93.944955505",17.9,46
"Bird, Jake",656234,2024,28,"35","40.0",185,154,43,27,11,0,5,31,25,16.8,13.5,".279",".448",".391","0.839","16",".254",".453",".368",".364",".371",".199","70.8",20.1,11.8,9.4,31.5,25,"7.3",7,10.2,-2.6,46.1,34.4,"88.3","11.3",30.4,8.9,41.6,"75.894677869","94.508409587",22.2,44.2
"Neris, Héctor",593576,2024,35,"62","59.1",260,225,55,34,11,2,8,64,28,24.6,10.8,".244",".418",".331","0.749","28",".233",".410",".324",".320",".322",".177","71.1",21.1,12.2,9.4,31.5,24.4,"7.5",10,12.1,-5.3,54.4,32.2,"88.6","14.8",35.2,9.1,40.6,"77.513193875","94.159873625",25.9,51
"Cleavinger, Garrett",664076,2025,31,"67","61.1",243,217,40,25,5,1,9,82,18,33.7,7.4,".184",".341",".267","0.608","23",".205",".333",".271",".280",".290",".128","71.9",27,17.4,11.6,35.7,23.9,"7.3",12,9.5,-1.3,48.6,31.7,"88.8","11.8",34.6,5.9,41.2,"76.393978485","94.963080076",36,49.5
"Ginn, J.T.",669372,2025,26,"23","90.1",392,354,92,53,20,2,17,99,31,25.3,7.9,".260",".472",".329","0.801","34",".227",".388",".344",".301",".300",".161","72.6",28.9,18.9,13.6,33.1,23.8,"7.4",8,11.8,-4.8,51.4,33.3,"88.4","7.8",26.2,9.8,44.5,"75.355279219","94.914220549",28.7,42.9
"Alvarado, José",621237,2024,29,"66","61.2",258,228,49,33,8,2,6,63,28,24.4,10.9,".215",".346",".302","0.648","18",".234",".374",".288",".311",".320",".141","71.4",22.1,13.1,9.4,32.3,23.1,"7.3",1,11.3,-4.2,55.6,33.8,"89.5","12.6",31.3,6.6,41,"78.485103659","94.479599877",28.4,46.6
"Rutledge, Jackson",671131,2025,26,"63","73.1",331,293,87,56,14,1,16,65,25,19.6,7.6,".297",".515",".361","0.876","32",".255",".448",".374",".335",".325",".193","71.6",23.2,15.7,12.1,36.6,28.3,"7.3",15,11.1,-2.4,52.2,30.4,"91","16.7",30.8,9.9,49.1,"80.477914655","95.404287792",25.3,47.3
"Suarez, José",660761,2024,26,"22","52.1",240,208,57,29,17,4,7,56,27,23.3,11.3,".274",".495",".367","0.862","28",".254",".413",".371",".340",".351",".160","71.5",23.1,16.4,12.3,31.3,23.4,"7.5",10,9.6,-1.4,48.2,33.6,"89","13.4",37.3,8.5,47.7,"76.741386623","94.970841176",27.5,46
"King, Michael",650633,2023,28,"49","104.2",431,390,88,63,13,2,10,127,32,29.5,7.4,".226",".346",".292","0.638","34",".225",".367",".281",".290",".291",".142","71",21.5,13.9,10.1,33.8,24.6,"7.4",7,11.2,-3.3,45.7,32.2,"86.8","12.5",36.7,7.1,33.3,"75.062077803","93.303324394",29.4,42.5
"Mayza, Tim",641835,2023,31,"69","53.1",215,199,50,36,12,0,2,53,15,24.7,7,".251",".342",".302","0.644","40",".250",".355",".279",".285",".302",".105","71.5",19.2,12.5,10,34.6,27.7,"7.1",0,6,3,43.6,34.5,"87.3","1.9",28.6,4.1,39.5,"74.285697361","94.271990556",22.9,43.8
"Singer, Brady",663903,2025,28,"32","169.2",716,631,150,89,36,6,19,163,60,22.8,8.4,".238",".404",".314","0.718","102",".243",".409",".313",".320",".320",".166","72.1",26.3,16,12.5,34.9,27.2,"7.3",21,10,-1.4,47.3,33.2,"90.3","14.2",36.3,9.4,40.7,"79.955468025","94.544913495",24,44.4
"Cordero, Jimmy",622772,2023,31,"31","32.2",132,120,25,17,5,1,2,34,10,25.8,7.6,".208",".317",".280","0.597","26",".234",".347",".267",".291",".304",".113",,,,,,,,,,,,,"88.5","4.9",36,4.7,38.4,"77.774371395","93.868387558",24.5,43
"Avila, Luinder",679883,2026,24,"21","70.0",309,261,71,46,17,1,7,61,42,19.7,13.6,".272",".425",".375","0.800","47",".251",".396",".355",".339",".360",".145","72",23.7,11.1,8.7,28.4,22.4,"7.4",12,10.8,-1.5,53.9,33,"88","11.3",32.8,5.9,35.3,"76.9869519","93.52563355",23.9,42.4
"Rasmussen, Drew",656876,2026,30,"23","129.1",506,475,95,67,15,1,12,133,23,26.3,4.5,".200",".312",".247","0.559","76",".227",".351",".249",".274",".273",".124","72.1",26.6,11.8,9,28.6,21.8,"7.2",21,8,1.1,53.2,31.6,"88","12.4",31.8,6.4,32.9,"77.256143412","93.509099292",25.3,50.5
"Nardi, Andrew",677053,2023,24,"63","57.1",237,211,45,27,11,0,7,73,21,30.8,8.9,".213",".365",".297","0.662","32",".186",".301",".289",".257",".273",".115","71.1",20.9,4.3,3.3,21.6,16.3,"7",4,6.4,4.5,43.3,30,"84.6","12.3",30.2,6.5,27.3,"72.239223971","92.483975074",28.7,50.6
"Poche, Colin",621363,2023,29,"66","60.2",246,216,42,27,10,1,4,61,24,24.8,9.8,".194",".306",".275","0.581","35",".188",".294",".258",".255",".272",".107","72",28.2,9.9,6.9,28.1,19.5,"7.3",9,12.2,-3.6,50.5,31.1,"87.2","21.1",29.4,5.6,31.3,"76.467480897","93.019998846",29,48.8
"Holderman, Colin",670059,2024,28,"55","51.1",223,188,42,28,7,1,6,56,25,25.1,11.2,".223",".367",".324","0.691","23",".210",".376",".307",".316",".319",".166","70.7",18.7,11.3,8.2,32.4,23.4,"7.5",5,13.1,-8.7,47.8,32.1,"87.6","15.7",37.2,10.9,38,"75.891214265","93.662995956",29.5,45.6
"Leiter Jr., Mark",643410,2025,34,"59","48.1",219,197,57,41,10,1,5,54,17,24.7,7.8,".289",".426",".356","0.782","16",".235",".364",".343",".301",".309",".129","71.4",21.1,16.1,11.5,32.2,23,"7.5",4,13.1,-7.8,53.4,31.3,"87.2","13.8",29.2,5.6,33.3,"75.677094507","93.340015141",29.1,45.4
"Keller, Mitch",656605,2025,29,"32","176.1",749,686,171,108,40,2,21,150,51,20,6.8,".249",".405",".310","0.715","79",".259",".430",".313",".326",".319",".171","71.5",21.7,15.6,12.6,34.1,27.4,"7.2",25,7.9,1.3,49.5,32,"90.1","11.9",34.6,7.8,43.8,"79.4512197","94.723694728",20.6,48.5
"Ginkel, Kevin",656464,2023,29,"60","65.1",255,226,41,23,15,0,3,70,24,27.5,9.4,".181",".288",".263","0.551","39",".197",".336",".246",".273",".278",".139","71.3",24.9,15.2,10.6,29.5,20.6,"7.2",12,8.6,-0.3,47.5,32.3,"88","9.5",32.1,7.5,37.1,"76.81440675","93.68903327",31.2,46.8
"Borucki, Ryan",621366,2025,31,"39","35.0",145,125,29,17,8,0,4,32,16,22.1,11,".232",".392",".319","0.711","14",".263",".433",".310",".341",".350",".170","70.8",19.6,15.1,10.7,32.1,22.7,"7.6",6,13.9,-10.9,49.1,33.1,"87.3","7.9",32.3,8.3,38.5,"74.782124889","94.004990333",29.8,46.3
"Finnegan, Kyle",640448,2026,34,"51","50.2",221,190,50,32,9,1,8,39,29,17.6,13.1,".263",".447",".364","0.811","21",".250",".431",".358",".346",".352",".181","72.5",25.9,16.3,12.4,35,26.5,"7.4",6,10.9,-5,56.3,31.1,"89.5","9.9",28.3,9.2,43.4,"78.242111333","94.7372736",25.3,46.5
"McArthur, James",663704,2024,27,"57","56.2",246,228,68,49,10,1,8,49,13,19.9,5.3,".298",".456",".343","0.799","15",".268",".435",".344",".327",".316",".167","70.9",17.4,17.8,13.2,42,31.2,"7.3",12,11,-2.8,56.1,32.8,"90.2","7.1",34.3,8.4,40.3,"79.929693444","94.577994078",28.3,47.3
"Feltner, Ryan",663372,2025,28,"6","30.1",135,122,33,20,9,0,4,25,12,18.5,8.9,".270",".443",".333","0.776","8",".225",".349",".336",".284",".293",".124","72.2",27.1,13.8,10.4,34.7,26.2,"7.4",7,10.1,-2.7,49.3,30.9,"90","11.1",27.6,4.1,35.7,"79.828118958","94.387792083",26.5,48.5
"Bradley, Taj",671737,2025,24,"27","142.2",605,539,131,84,27,1,19,127,56,21,9.3,".243",".403",".316","0.719","90",".237",".405",".314",".314",".313",".168","72.3",26.9,15.4,12.1,31.8,24.9,"7.2",26,9.5,0.1,54,31.3,"89.2","12",31.8,7.4,39.9,"78.130635","94.199846238",23.6,48.3
"Bubic, Kris",663460,2026,28,"9","50.1",207,180,36,23,8,1,4,51,26,24.6,12.6,".200",".322",".304","0.626","17",".240",".395",".286",".327",".340",".155","71.9",25.5,13.5,10.3,28.2,21.5,"7.2",6,7.6,3.5,50.6,32.9,"89.4","12.5",38.8,7.8,39.5,"79.03376375","94.143149606",26.1,46.9
"Yarbrough, Ryan",642232,2026,34,"29","45.1",195,170,38,26,6,3,3,32,19,16.4,9.7,".224",".347",".316","0.663","29",".224",".317",".297",".286",".316",".093","71.2",20.4,9.7,7.4,29.1,22.3,"7.3",4,11.5,-5.1,42.1,32.3,"83.1","18.5",35.7,3.6,22.9,"71.294833235","91.477018015",23.4,47.5
"Megill, Trevor",656730,2024,30,"48","46.1",183,165,33,26,3,0,4,50,14,27.3,7.7,".200",".291",".264","0.555","11",".208",".344",".239",".268",".274",".136","70.6",16.5,8.2,6.1,34.2,25.3,"7.1",9,7.9,2.7,53.3,30.2,"91.2","19",36.4,7.6,42.4,"82.625340339","94.490318205",29.7,52.4
"Scherzer, Max",453286,2023,38,"27","152.2",621,570,126,76,22,0,28,174,45,28,7.2,".221",".407",".282","0.689","96",".203",".384",".298",".283",".266",".181","71.6",22.1,13.4,9.7,30.7,22.3,"7.4",9,11.4,-4,50.4,32.9,"88.5","20.2",32.2,8.5,36.9,"77.751416869","93.790833646",28.6,51
"Littell, Zack",641793,2026,30,"24","117.0",519,471,128,79,21,1,27,72,37,13.9,7.1,".272",".493",".324","0.817","47",".293",".524",".351",".376",".347",".231","72.6",31.5,16.8,14.3,36.5,31,"7.3",11,9.9,-0.7,56.8,31.6,"91.5","18.2",37.1,10.6,43.7,"82.26819495","94.837325236",16.5,50.1
"Cannon, Jonathan",686563,2024,23,"23","124.1",522,475,125,80,24,3,18,91,40,17.4,7.7,".263",".440",".324","0.764","49",".256",".425",".332",".328",".319",".169","71.7",22.7,12.8,10.2,35.1,28.1,"7.2",12,10,-0.5,56.9,32.4,"89","14.6",38.3,7.3,36.3,"78.719188912","93.823911325",21.8,47.1
"Crochet, Garrett",676979,2024,25,"32","146.0",595,555,123,78,25,2,18,209,33,35.1,5.5,".222",".371",".271","0.642","50",".201",".350",".280",".266",".252",".149","71.3",20.4,11,7.4,26.8,18.2,"7.2",20,8.2,1.5,50.3,32.2,"88.3","11.1",34.5,9.2,38.8,"76.536271919","94.146127471",33.1,53.2
"Hurter, Brant",676428,2024,25,"10","45.1",175,167,34,23,6,1,4,38,6,21.7,3.4,".204",".323",".230","0.553","13",".201",".307",".240",".238",".228",".107","71.5",21.3,12.9,10.7,34.4,28.3,"7.2",4,9.5,0.3,51.6,32,"88.5","10.2",22.9,4.6,36.6,"77.293865781","93.860236875",20,48.1
"López, Pablo",641154,2023,27,"32","194.0",801,738,176,121,26,5,24,234,48,29.2,6,".238",".385",".292","0.677","117",".213",".343",".294",".270",".269",".130","71.3",23.1,11.2,8.1,30.1,21.9,"7.2",23,10.3,-0.2,47.7,33.4,"87.1","12.6",32.4,6.3,34.8,"75.934517778","93.235848194",30.3,51.7
"Montas, Frankie",593423,2024,31,"30","150.2",655,576,140,87,28,1,24,148,66,22.6,10.1,".243",".420",".325","0.745","90",".244",".437",".325",".336",".327",".193","72.1",26.7,14,10.8,28.5,21.9,"7.4",15,10.2,-1.2,52.1,33.2,"89.3","13.5",36.2,9.3,43.1,"77.762357972","94.576313396",24.9,48.7
"Cabrera, Génesis",650893,2024,27,"69","62.2",271,235,63,42,11,0,10,50,29,18.5,10.7,".268",".443",".348","0.791","28",".244",".401",".338",".324",".332",".157","71.4",19.2,12.4,9.1,35.2,26,"7.5",5,12.2,-4.5,57,32.8,"89.8","14.1",33.7,7.4,41.1,"79.696903936","94.189379412",26.1,48.6
"Bivens, Spencer",702352,2025,31,"54","81.0",343,309,83,57,15,5,6,61,25,17.8,7.3,".269",".408",".331","0.739","29",".247",".394",".322",".313",".314",".148","71.6",23.1,11.3,9.5,30.6,25.8,"7.2",10,9.3,0.9,49.8,32.9,"87.5","7.2",28.6,7.2,37.3,"75.871326855","93.556352177",17,49.1
"Alzolay, Adbert",640470,2023,28,"58","64.0",253,231,52,38,8,1,5,67,13,26.5,5.1,".225",".333",".278","0.611","36",".242",".374",".269",".295",".295",".132","72.1",26.6,18.3,13.6,36.6,27.1,"7.6",5,12.1,-5.8,57.5,32.7,"89.4","12.9",33.3,6,36.9,"78.908352683","94.263362256",28.1,51.4
"Middleton, Keynan",641871,2023,29,"51","50.2",212,187,40,28,4,0,8,64,23,30.2,10.8,".214",".364",".303","0.667","28",".212",".363",".296",".298",".302",".151","71.5",26.8,8.1,5.4,16.2,10.7,"7.7",1,13.4,-8,56.6,32.1,"85.3","4.2",25,8.1,31.5,"73.043808361","92.84698281",36,51.6
"Latz, Jacob",656641,2026,30,"44","56.0",206,189,26,13,10,0,3,58,15,28.2,7.3,".138",".238",".199","0.437","18",".184",".301",".193",".242",".245",".118","72.4",29.7,7.6,5.4,24.4,17.6,"7.4",12,11.4,-3.7,57.1,30,"88.6","18.6",24.8,5.3,37.6,"78.411291077","93.534851769",28.9,53
"Adam, Jason",592094,2026,34,"36","32.1",134,124,30,20,5,0,5,22,8,16.4,6,".242",".403",".299","0.702","24",".224",".371",".309",".288",".282",".147","72.7",30.3,11,7.9,30.8,22,"7.7",3,15.7,-9.8,57.5,32.1,"87.8","12.2",26.5,6.9,36.3,"77.312867451","93.393945248",28.6,53.4
"Hernandez, Jose E.",669796,2023,25,"50","50.2",223,197,47,22,15,1,9,62,22,27.8,9.9,".239",".462",".317","0.779","13",".232",".419",".329",".312",".311",".187","70.3",15.6,14.8,11.3,32.8,25,"7.6",5,14.1,-10.1,58,32.2,"89.2","16.4",34.8,8.8,34.8,"78.063585294","94.337749185",29.3,45.6
"Pressly, Ryan",519151,2023,34,"65","65.1",268,246,54,37,8,1,8,74,16,27.6,6,".220",".358",".265","0.623","10",".234",".401",".269",".292",".279",".168","71.7",24.5,23.1,16.1,40.3,28.1,"7.4",3,11,-1.3,46.1,33.3,"91.3","6.7",27.7,9,43.5,"81.468727865","95.09487774",31.4,50.7
"Ohtani, Shohei",660271,2023,28,"23","132.0",531,463,85,52,15,0,18,167,55,31.5,10.4,".184",".333",".285","0.618","72",".201",".375",".277",".300",".301",".174","71.2",18.8,12.9,9.1,29.3,20.8,"7.4",0,11.3,-3.8,43.3,33.7,"86.4","11.5",34,10.1,35,"73.9743325","93.442735912",30.8,46.7
"Graterol, Brusdar",660813,2023,24,"68","67.1",257,240,53,42,7,1,3,48,12,18.7,4.7,".221",".296",".262","0.558","42",".243",".335",".245",".275",".284",".092","70.7",13.5,7.8,6.5,28.4,23.5,"6.8",2,4.9,9.2,42.2,32.2,"87","1.9",24.2,4.7,32.5,"75.801982737","93.158832328",16.6,50.7
"Muñoz, Andrés",662253,2023,24,"52","49.0",211,184,40,28,10,0,2,67,22,31.8,10.4,".217",".304",".318","0.622","22",".202",".291",".279",".269",".304",".089","71.4",22.9,15.8,9.6,34.2,20.8,"7.3",3,9.5,-0.2,42.6,34.3,"88.4","1.8",29.9,5.1,35.9,"76.950256271","94.025287863",39.4,48
"Hart, Kyle",606996,2025,32,"20","43.0",179,163,38,21,8,0,9,37,13,20.7,7.3,".233",".448",".296","0.744","28",".219",".402",".320",".299",".284",".184","71.9",24.2,14.4,11.3,33.2,26,"7.4",1,9.8,-3.6,49.8,33,"88.5","20.2",34.6,7.9,39.4,"77.047599355","94.040645",19.9,44.3
"Quantrill, Cal",615698,2025,30,"26","117.2",513,472,136,79,29,6,22,85,35,16.6,6.8,".288",".515",".343","0.858","43",".281",".517",".367",".366",".338",".236","72.4",29,17.9,14.7,36.1,29.7,"7.3",21,10.8,-2,56,32.4,"90.4","16.9",39.4,12.5,44.3,"79.666849581","94.980472992",20.2,46.7
"Tonkin, Michael",543859,2024,34,"57","79.1",340,297,70,49,14,1,6,85,30,25,8.8,".236",".350",".318","0.668","49",".251",".399",".296",".324",".333",".148","71.3",17.7,10.9,8.6,29.7,23.4,"7.3",13,10.3,-2.8,53.9,32.5,"88","12.5",35.9,7.4,35,"76.903440926","93.662756111",23.7,47.2
"Brazobán, Huascar",623211,2023,33,"50","58.2",257,218,53,40,8,0,5,65,31,25.3,12.1,".243",".349",".344","0.693","28",".207",".331",".308",".291",".316",".124","72.1",25,11.8,8,27.6,18.8,"7.7",2,15.4,-10.1,57,35,"85.4","7.9",31.2,7.1,28,"72.978674737","92.863718158",31.7,47.6
"Herget, Jimmy",623474,2025,31,"59","83.1",347,309,72,50,15,1,6,81,26,23.3,7.5,".233",".346",".303","0.649","34",".217",".352",".287",".284",".291",".136","71.6",22.6,17.1,12.6,34.6,25.7,"7.5",12,13.8,-7.9,48.9,31.8,"88.7","18.5",35.2,7.3,39.1,"77.89855931","93.881776234",26.9,46.6
"Woodford, Jake",663765,2024,27,"9","35.0",167,153,48,28,13,1,6,26,9,15.6,5.4,".314",".529",".359","0.888","10",".296",".493",".379",".364",".347",".196","71.3",22.9,15.9,13.9,38.3,33.5,"7.3",3,9.4,-0.9,50.4,33.1,"88.9","14.5",38.8,7.8,39.5,"77.914967813","94.151237656",14,44
"Latz, Jacob",656641,2024,28,"46","43.2",192,162,39,29,4,0,6,40,27,20.8,14.1,".241",".377",".349","0.726","12",".240",".433",".318",".342",".351",".194","70.9",17.6,10.7,7.7,29.9,21.7,"7.3",7,10.5,-2.5,61.5,29.9,"88","18.9",30.6,8.9,40.3,"76.565029344","93.997906281",28.3,47.4
"De Los Santos, Enyel",660853,2024,28,"64","64.0",278,248,65,30,17,1,17,66,25,23.7,9,".262",".544",".342","0.886","23",".244",".491",".377",".352",".326",".247","71.4",17,14.4,10.1,29.7,20.9,"7.4",6,11.2,-3.7,49,32.9,"89.3","17.5",35.2,12.6,42.3,"77.963486333","94.634968833",29.3,52.4
"Prielipp, Connor",687570,2026,25,"17","87.2",382,332,85,55,16,2,12,94,36,24.6,9.4,".256",".425",".333","0.758","49",".237",".399",".332",".318",".319",".162","71.9",26.7,13.3,10.4,34.2,26.7,"7.3",14,9.2,-0.8,51.4,31.3,"90.2","12.6",35.4,8.2,41.1,"80.553456529","94.254272448",23.8,47.1
"Ferguson, Tyler",621053,2025,31,"56","58.0",246,201,43,31,5,3,4,54,34,22,13.8,".214",".328",".332","0.660","16",".209",".340",".296",".301",".330",".132","71.2",20.8,9.5,7.2,31.3,23.8,"7.3",14,9.8,-1.8,51.7,33.2,"87.5","19.3",33.1,6.5,31.8,"76.9264736","93.116137733",26,46.7
"Cantillo, Joey",676282,2024,24,"9","38.2",163,147,35,18,11,0,6,44,15,27,9.2,".238",".435",".307","0.742","12",".221",".396",".321",".303",".293",".175","71.1",21.7,15.7,11,34.6,24.3,"7.4",7,11,-6.5,42.5,31.4,"89.1","11",30.8,7.7,40.4,"78.602451538","93.98513835",31.1,43.5
"Kremer, Dean",665152,2023,27,"32","172.2",735,673,171,117,26,1,27,157,55,21.4,7.5,".254",".416",".314","0.730","110",".264",".458",".317",".338",".324",".194","71.6",24.5,12,9.3,28.7,22.4,"7.3",6,9,0.7,53.8,32.2,"89.7","12.7",36.9,8.9,40.3,"79.052297752","94.393783895",24,47.7
"Glasnow, Tyler",607192,2023,29,"21","120.0",485,444,93,61,16,3,13,162,37,33.4,7.6,".209",".347",".270","0.617","67",".213",".397",".270",".292",".275",".184","71.1",22.1,13.8,9.8,33.9,24.1,"7.3",15,9.7,-0.6,50.7,31.9,"90.4","5.8",33.3,11.7,44.6,"79.670819645","95.026014982",35.4,48.6
"Englert, Mason",669438,2026,26,"14","35.2",157,145,43,24,10,0,9,32,8,20.4,5.1,".297",".552",".333","0.885","11",".280",".549",".370",".365",".322",".269","72.3",27.5,14.5,11.2,29.5,22.7,"7.6",6,14.2,-8.2,51.6,33.5,"89.2","19.2",36.2,14.9,38.1,"78.097653929","94.208995357",23.9,52.7
"Vásquez, Randy",681190,2024,25,"20","98.0",431,391,119,81,23,2,13,62,29,14.4,6.7,".304",".473",".360","0.833","56",".301",".499",".360",".371",".358",".197","72.1",24.4,13.7,11.2,32.3,26.4,"7.3",14,10,-1.1,52.9,32.1,"88.7","15",38.7,8.7,39.6,"76.956422711","94.432349758",18.9,49.7
"Aldegheri, Sam",691951,2026,24,"9","33.2",151,130,31,21,4,1,5,22,17,14.6,11.3,".238",".400",".325","0.725","18",".271",".450",".319",".355",".357",".179","73.3",37.5,13.9,11.1,29.7,23.7,"7.5",2,11.7,-6.1,48.4,31.1,"86.8","20.7",35.1,9,35.1,"74.746252182","93.554025321",20.4,45.7
"Richardson, Lyon",680689,2025,25,"34","37.2",172,145,37,24,11,0,2,30,21,17.4,12.2,".255",".372",".349","0.721","22",".273",".413",".311",".345",".374",".139","71.7",24.2,18.6,14.3,40.4,31.1,"7.5",2,9.5,-0.5,47,33.2,"89.9","6.1",34.5,5.9,46.2,"78.557465667","94.882098151",22.3,40.5
"Wilson, Bryse",669060,2023,25,"53","76.2",314,284,60,33,16,2,9,61,22,19.4,7,".211",".377",".271","0.648","34",".242",".411",".281",".307",".299",".169","71.9",29.1,12.2,10.5,28.2,24.1,"7.2",4,8.4,1.5,57.3,33.4,"88.6","16.9",36.7,7,35.8,"78.110094018","93.617053973",18.5,48.7
"Sale, Chris",519242,2026,37,"22","129.0",517,476,103,78,16,1,8,160,28,30.9,5.4,".216",".305",".273","0.578","81",".223",".330",".260",".272",".280",".107","71.1",20.7,10.3,7.4,29.5,21.2,"7.3",14,9.2,-2.6,44.8,32.6,"87.8","12.2",34.8,5.6,34.5,"76.915375849","93.46646082",30,50.5
"Javier, Cristian",664299,2026,29,"10","32.1",149,130,39,26,6,1,6,25,16,16.8,10.7,".300",".500",".383","0.883","14",".281",".471",".384",".367",".368",".190","72.7",32.4,13.6,10.3,31.3,23.7,"7.4",2,10.3,-3,58,31.1,"90.5","24.7",40.6,9.4,38.7,"80.630063962","94.693378762",24.4,51.4
"Kelly, Joe",523260,2024,36,"35","32.0",143,119,31,21,6,0,4,35,16,24.5,11.2,".261",".412",".369","0.781","17",".233",".416",".344",".345",".350",".184","70.2",18.8,11.6,8.9,29.9,22.9,"7.1",2,6.9,2.7,43.9,33.2,"88.7","8",33.7,12.8,43,"77.07031093","94.621151294",22.4,46.2
"Yates, Kirby",489446,2024,37,"61","61.2",237,203,23,15,5,0,3,85,28,35.9,11.8,".113",".182",".225","0.407","18",".145",".218",".186",".214",".253",".073","71.1",21.4,9.9,6.5,25,16.6,"7.2",9,8.6,0.9,44.5,33,"87.5","15.2",16.5,4.1,33.1,"77.038917869","93.213497355",33.6,49.3
"Gibson, Cade",806188,2025,27,"44","54.2",230,201,44,31,9,1,3,43,21,18.7,9.1,".219",".318",".310","0.628","26",".244",".347",".279",".304",".334",".103","71.8",25.6,16,12.8,34.4,27.4,"7.3",10,10.2,-1.8,50.2,32.9,"87.9","7.2",31.3,5.6,37.5,"76.765823038","93.675747975",22.3,42.5
"Blackburn, Paul",621112,2025,31,"15","39.0",175,159,47,30,7,4,6,34,12,19.4,6.9,".296",".503",".343","0.846","8",".244",".399",".359",".310",".303",".155","72.9",33.8,12.6,10.2,27.9,22.5,"7.4",7,10.4,0,56.2,34.1,"87.1","11.6",33.6,7.9,35.2,"75.497210313","93.464801496",22.5,47.3
"Holmes, Grant",656550,2025,29,"22","115.0",492,426,100,68,15,1,16,123,54,25,11,".235",".387",".328","0.715","55",".239",".414",".316",".329",".334",".174","72.1",25.2,14.3,10.2,31.2,22.4,"7.5",32,11.7,-4.9,49,33.8,"90.1","9.3",36.4,10.1,41.9,"79.629241184","94.661142401",29.7,48.3
"Giolito, Lucas",608337,2025,30,"26","145.0",613,547,131,91,22,1,17,121,56,19.7,9.1,".239",".377",".309","0.686","97",".264",".464",".301",".345",".333",".200","72",27.7,16.7,13.1,36.7,28.7,"7.4",13,11.9,-5.3,50.8,30.8,"90.3","16.7",38.3,9,41.1,"79.599269676","94.777289536",22.9,47.3
"Soroka, Michael",647336,2024,26,"25","79.2",347,294,66,40,9,4,13,84,44,24.2,12.7,".224",".415",".328","0.743","26",".234",".407",".324",".332",".338",".173","71",19.5,12.6,9.7,26.7,20.6,"7.3",9,11.1,-3.5,52.1,31.9,"87.6","15.8",34.7,9.7,35.2,"75.630787547","93.882228531",24.8,43.3
"Baz, Shane",669358,2024,25,"14","79.1",319,285,57,41,7,0,9,69,27,21.6,8.5,".200",".319",".276","0.595","41",".217",".381",".266",".300",".293",".164","72.1",25.1,13,10,33.4,25.6,"7.3",7,10.4,-1.5,51.9,30.5,"90.5","18.1",28.3,7.3,42,"81.272223273","94.212895936",24.6,50.2
"Robertson, David",502085,2023,38,"62","65.1",269,240,53,36,9,1,7,78,25,29,9.3,".221",".354",".302","0.656","19",".202",".350",".289",".280",".286",".148","71.9",26.4,13.4,10.1,34.3,25.8,"7.4",2,9.8,-2,52.8,33.8,"89.3","15.2",30.1,6.1,37.4,"78.883457125","93.988463625",31.2,45
"Maton, Phil",664208,2025,32,"63","61.1",249,214,42,27,12,0,3,81,24,32.5,9.6,".196",".294",".296","0.590","27",".194",".282",".266",".264",".296",".088","71",19,13,8.7,30.3,20.3,"7.3",15,12.3,-5.1,40,32,"84.8","12.2",38.7,3.6,30.7,"72.288009706","92.742270667",36.2,46.9
"Rea, Colin",607067,2025,34,"32","159.1",662,601,155,104,29,2,20,127,44,19.2,6.6,".258",".413",".312","0.725","92",".261",".438",".314",".328",".317",".177","71.8",24.2,15,12,36.4,29.1,"7.2",23,8.8,-0.2,50.1,31.5,"89.8","13.6",38.8,10.3,41,"79.312181125","94.443682505",22,47.6
"Francis, Bowden",670102,2025,29,"14","64.0",288,251,71,46,5,1,19,54,27,18.8,9.4,".283",".538",".361","0.899","28",".281",".501",".382",".373",".362",".220","72.1",26.2,18.2,14.2,35.9,28,"7.4",4,12,-4.6,53.3,31.2,"91.6","20.7",34.3,12.4,52.2,"81.0541193","95.7876814",23.3,46.7
"Kahnle, Tommy",592454,2025,35,"66","63.0",267,235,51,33,8,2,8,50,31,18.7,11.6,".217",".370",".311","0.681","25",".244",".413",".302",".328",".335",".169","71.8",23.8,15.9,12.3,36,27.7,"7.5",11,12.3,-5.7,58.8,33.1,"88.3","11.5",32.4,9.2,37.3,"77.436664348","93.764634946",25.4,43.7
"Wentz, Joey",666214,2023,25,"25","105.2",492,444,131,78,26,2,25,98,47,19.9,9.6,".295",".532",".362","0.894","38",".271",".504",".380",".362",".341",".233","71.1",19.3,16.1,11.8,37.1,27.2,"7.4",6,10.6,-4.9,47.9,32.4,"89.9","17.4",36.6,11.5,41.5,"78.993358439","94.633444798",25.5,47.8
"Steele, Justin",657006,2023,27,"30","173.1",716,666,167,117,34,2,14,176,36,24.6,5,".251",".371",".295","0.666","116",".247",".368",".291",".291",".293",".121","71.4",21.6,14.5,11.4,29.7,23.4,"7.1",18,6.6,4.3,40.6,33.4,"87.8","9.3",33.4,5.4,36.6,"76.614522327","93.56474102",24,52.9
"Clase, Emmanuel",661403,2024,26,"74","74.1",270,253,39,31,6,0,2,66,10,24.4,3.7,".154",".202",".190","0.392","9",".212",".305",".175",".247",".248",".093","70.9",18.8,7.9,6,29.7,22.4,"7",12,5.2,5.3,42.6,33.5,"86.5","3",31.8,3.6,29.7,"75.486946211","92.771488368",27.1,56.3
"Burke, Brock",656271,2024,27,"34","34.0",154,135,37,20,12,1,4,41,16,26.6,10.4,".274",".467",".357","0.824","12",".224",".335",".352",".292",".318",".111","71.2",21.5,12.1,8.8,28.4,20.7,"7.3",3,9.6,0.3,48.1,32.2,"90.1","12.6",30.5,4.2,41.1,"80.677251667","94.312216211",29.1,52.5
"Ryan, Joe",657746,2024,28,"23","135.0",538,507,110,61,24,6,19,147,23,27.3,4.3,".217",".400",".257","0.657","67",".206",".365",".282",".268",".248",".158","71.1",21.3,11,8.1,29.4,21.8,"7.2",17,9.7,-1.4,52.2,30.6,"88.3","18.5",33.6,8.6,36.6,"77.148522833","93.914347298",26.6,50.9
"Mazur, Adam",800049,2025,24,"6","30.0",139,125,33,21,8,0,4,19,12,13.7,8.6,".264",".424",".331","0.755","10",".272",".459",".329",".346",".340",".186","73",33.5,13.9,11,32.8,26,"7.5",1,11.2,-1.4,62.1,32.4,"87.5","12.1",34.6,8.4,31.8,"76.053010741","93.596534206",21.8,48.9
"Buehler, Walker",621111,2025,30,"26","126.0",564,490,130,91,16,1,22,92,60,16.3,10.6,".265",".437",".357","0.794","74",".268",".450",".348",".355",".360",".182","72.1",27.8,14.8,12.2,32.1,26.4,"7.3",14,10.4,-2.4,58.8,31.9,"87.9","11.8",35.8,9.5,37.8,"75.994121608","94.03109665",19.2,44.6
"Varland, Louis",686973,2025,27,"74","72.2",296,266,65,41,17,1,6,75,22,25.3,7.4,".244",".383",".304","0.687","45",".250",".395",".299",".311",".313",".145","71.1",21.2,13.5,10.2,30.2,22.8,"7.1",16,6.4,2.4,43.8,32.7,"90.2","5.3",33.5,9.2,43.7,"79.243662188","94.858925288",27.1,52.5
"Waldrep, Hurston",694462,2025,23,"10","56.1",229,203,45,34,8,0,3,55,22,24,9.6,".222",".305",".306","0.611","18",".251",".359",".276",".310",".335",".108","72.3",30.1,13.7,10.1,36.5,27.1,"7.6",11,12.7,-6,48.4,32.4,"89.1","6.3",32.2,4.2,40.3,"78.601525211","94.194874789",28.5,44.7
"Taillon, Jameson",592791,2024,32,"28","165.1",675,633,154,107,24,2,21,125,33,18.5,4.9,".243",".387",".280","0.667","97",".254",".427",".289",".314",".292",".174","71.9",22.9,15.8,13,37.3,30.8,"7.4",20,10.7,-2.6,52.4,31.8,"89.7","15.9",32.2,7.2,38.8,"79.650003386","94.067909961",19.5,48.2
"Urías, Julio",628711,2023,26,"21","117.1",482,444,112,59,28,1,24,117,24,24.3,5,".252",".482",".296","0.778","76",".245",".444",".328",".315",".290",".200","72.7",34.1,11.7,8.9,30.5,23.2,"7.3",6,10.8,-4.6,55,32.1,"87.2","17.8",31.2,8.7,34.5,"75.571332424","93.506306748",24.2,49.5
"Heaney, Andrew",571760,2023,32,"34","147.1",641,569,143,84,34,2,23,151,60,23.6,9.4,".251",".439",".332","0.771","101",".234",".432",".335",".327",".318",".198","71.4",23,14.6,10.9,32.8,24.6,"7.3",8,9.7,-1.9,49.8,31.9,"90.1","14.8",31.4,10.3,38.6,"80.118188846","94.263143438",26.5,48.2
"Bieber, Shane",669456,2026,31,"10","48.2",217,192,52,32,10,0,10,37,24,17.1,11.1,".271",".479",".350","0.829","16",".296",".534",".361",".390",".373",".238","73.5",41.2,20.9,16.2,40.2,31.2,"7.5",6,11.8,-3,55.6,31.7,"90.2","11.8",35.3,11.5,47.4,"78.815883718","95.458245064",22.9,42.7
"Adon, Joan",672851,2023,24,"12","51.2",240,211,60,34,18,0,8,48,24,20,10,".284",".483",".364","0.847","30",".273",".485",".361",".358",".354",".212","72.3",29.4,18.8,14.8,35.2,27.8,"7.3",4,10.1,-1.3,52.1,32.5,"91.1","13.9",36.4,11.5,48.5,"80.30577061","95.621818282",21.8,47.6
"Rodriguez, Grayson",680570,2026,26,"13","59.0",271,233,66,36,17,3,10,55,28,20.3,10.3,".283",".511",".365","0.876","31",".288",".505",".374",".379",".374",".217","72.4",29.1,17.1,13.4,32.3,25.3,"7.3",8,10.6,-3.6,47.8,32.9,"91","15.1",40.4,10.9,48.6,"80.113467826","95.459503333",24.1,48.3
"Jacob, Alek",689690,2025,27,"29","33.1",153,131,36,23,7,0,6,23,14,15,9.2,".275",".466",".366","0.832","14",".250",".436",".361",".344",".347",".186","71.8",28.3,15.4,12.4,30.2,24.3,"7.3",4,12.7,-7.4,44.2,31.1,"84.1","15.8",34.5,7.3,31.8,"70.744602909","92.803120092",21.3,45.7
"Wacha, Michael",608379,2025,33,"31","172.2",716,658,166,116,29,6,15,126,45,17.6,6.3,".252",".383",".302","0.685","63",".257",".420",".299",".316",".308",".164","71.9",25.6,13.6,10.9,31.3,25.1,"7.4",27,12.3,-4.4,50.8,32.5,"87.5","17.7",36.7,7.4,34.6,"76.056574508","93.523519129",21.3,50.4
"Wilson, Steven",621051,2024,29,"40","34.2",163,128,29,14,7,0,8,34,26,20.9,16,".227",".469",".362","0.831","16",".243",".445",".347",".354",".379",".202","70.9",21.5,11.2,8.6,29.6,22.7,"7.4",3,11.2,-7.2,55.7,30.7,"86.6","26.2",34,12,31,"75.720727551","92.836285052",24.7,46.2
"Cavalli, Cade",676917,2025,26,"10","48.2",219,197,57,41,8,1,7,40,15,18.3,6.8,".289",".447",".350","0.797","32",".259",".393",".347",".315",".323",".134","71.9",26.1,18.2,13.5,34.5,25.5,"7.2",7,8.6,0.8,49.3,33.2,"87.7","3.8",29.7,4.5,41.8,"74.775958974","94.471469551",27.9,49.6
"May, Dustin",669160,2023,25,"9","48.0",187,168,29,18,10,0,1,34,16,18.2,8.6,".173",".250",".251","0.501","24",".229",".343",".229",".287",".302",".113",,,,,,,,,,,,,"89","11.3",29.6,5.2,40,"78.713021176","93.811450593",15.8,47.3
"Cano, Yennier",666974,2024,30,"70","60.0",249,223,54,38,9,1,6,65,24,26.1,9.6,".242",".372",".317","0.689","28",".232",".368",".303",".303",".310",".137","71.7",23.7,13.4,9.8,29.8,21.8,"7.4",4,9.4,0.7,52,34.1,"89.9","-1.9",25.8,6.3,43.4,"79.027180127","94.694487325",27.7,48.4
"Peralta, Freddy",642547,2025,29,"33","176.2",723,643,124,80,23,0,21,204,66,28.2,9.1,".193",".327",".277","0.604","110",".206",".361",".270",".289",".289",".155","71.5",22.8,10.3,7.4,29.1,20.9,"7.3",28,10.3,-3.1,50.6,32.2,"88","18",33.9,9.3,34.5,"76.986266955","93.5568435",30.1,46.9
"Sheehan, Emmet",686218,2026,26,"20","95.1",412,369,93,47,26,0,20,108,30,26.2,7.3,".252",".485",".319","0.804","57",".230",".403",".345",".308",".301",".173","72.2",27.6,13.1,9.4,29.9,21.4,"7.4",26,11.6,-6.2,60.5,30.7,"88.9","20.3",36.1,10.5,39.1,"78.062125682","94.012956364",30.8,50.2
"Gott, Trevor",641627,2023,30,"64","58.0",261,236,63,45,13,1,4,62,19,23.8,7.3,".267",".381",".331","0.712","22",".238",".357",".309",".290",".305",".119","71.6",23.6,16.1,13.5,34.2,28.7,"7.1",7,6.6,6.1,54.1,31.1,"88.2","13.4",33.5,4.5,36.4,"76.879028391","93.931318439",23.2,44.6
"Misiorowski, Jacob",694819,2026,24,"23","139.0",527,485,73,54,5,1,13,210,31,39.8,5.9,".151",".245",".215","0.460","74",".165",".245",".210",".216",".228",".080","71.4",23.3,7.5,4.8,25.1,16,"7",29,5.1,4.7,42.2,31.1,"86.7","12.9",33.2,3.2,33.6,"75.692726397","92.881156618",38.1,51.8
"Gusto, Ryan",687473,2025,26,"27","101.2",453,407,114,75,21,1,17,97,36,21.4,7.9,".280",".462",".343","0.805","49",".250",".446",".348",".330",".317",".197","71.7",24.6,16.6,12.9,33.8,26.3,"7.1",10,9.3,1,53.7,31.5,"90.6","17.2",32.1,9.5,45.7,"80.014421083","95.083939808",23.4,49.1
"Ashcraft, Braxton",677952,2025,25,"26","69.2",292,264,63,43,16,1,3,71,24,24.3,8.2,".239",".341",".306","0.647","22",".235",".349",".286",".288",".303",".115","71.7",20.3,11.9,8.9,28.9,21.5,"7.4",6,10.4,-2.9,56.8,32.5,"88","9.1",30.8,4.7,38.5,"76.398213021","94.089793979",26.2,50.2
"Javier, Cristian",664299,2024,27,"7","34.2",150,129,30,16,9,1,4,27,19,18,12.7,".233",".411",".329","0.740","26",".232",".410",".324",".329",".330",".178","71.1",19.3,14.6,10.5,42.3,30.4,"7.4",2,14.1,-6.6,55.6,30.6,"88.9","24.6",41.3,6.7,30.8,"79.767288846","93.250004078",26.3,43.3
"Houser, Adrian",605288,2024,31,"23","69.1",309,272,74,43,23,0,8,45,32,14.6,10.4,".272",".445",".356","0.801","22",".265",".451",".350",".352",".350",".187","71.8",25.2,16.4,13.7,41.9,35,"7.3",5,8.7,1,49.6,33.6,"91","9.3",29.8,8.8,40.4,"81.602110702","94.668829163",18.2,44.7
"deGrom, Jacob",594798,2026,38,"23","120.2",498,465,110,73,19,1,17,147,31,29.5,6.2,".237",".391",".284","0.675","62",".238",".402",".293",".297",".285",".164","72.4",27.8,13.3,9,31.6,21.3,"7.5",28,11.3,-2.2,52.8,32.2,"90.6","16.6",39.7,8.8,45.6,"80.591895975","94.805125818",33.4,51.7
"Domínguez, Seranthony",622554,2026,31,"50","43.0",190,160,36,23,4,1,8,51,27,26.8,14.2,".225",".412",".342","0.754","18",".220",".389",".332",".325",".343",".169","71.8",24.3,8.4,6.2,26.5,19.6,"7.3",6,9.3,-1.5,50.1,31.4,"88.9","15.7",33.6,9.3,36.4,"78.141964259","93.986893271",28.8,45.2
"Wells, Tyler",669330,2026,31,"47","59.1",237,217,45,26,10,1,8,61,15,25.7,6.3,".207",".373",".263","0.636","18",".212",".369",".276",".278",".269",".156","72",27.5,10.2,7.2,29,20.5,"7.5",8,12.3,-5.1,59.6,29.8,"87.9","24.4",33.3,7.5,33.3,"77.805262436","93.064392051",30.4,52.1
"Wainwright, Adam",425794,2023,41,"21","101.0",484,438,151,93,36,2,20,55,41,11.4,8.5,".345",".573",".400","0.973","50",".320",".562",".414",".399",".378",".242","71.7",24.1,20.5,18.6,42.2,38.3,"7.4",2,12.4,-5.4,62.6,32.4,"89","12.9",40.6,11.1,38.8,"78.20171099","93.997660521",13.1,41.3
"Adam, Jason",592094,2023,31,"56","54.1",222,193,35,19,8,1,7,69,20,31.1,9,".181",".342",".288","0.630","28",".215",".407",".283",".320",".317",".192","70.6",20.2,10.5,7,32.9,21.9,"7.2",1,11.7,-2,55.7,30,"87.2","14.4",30.6,12.1,39.5,"74.798043226","93.949121626",34.4,45.9
"Faucher, Calvin",676534,2026,30,"52","52.0",228,191,43,33,9,0,1,59,31,25.9,13.6,".225",".288",".339","0.627","31",".233",".328",".291",".308",".346",".095","71.8",24.9,14.9,11.4,27.2,20.8,"7.2",12,6.1,5.3,43.9,33.2,"88.8","6.6",32.6,5.2,40,"76.891506119","94.473587143",26.9,42.5
"Lee, Chase",695445,2025,26,"32","37.1",148,134,32,16,7,2,7,36,9,24.3,6.1,".239",".478",".291","0.769","35",".266",".508",".322",".346",".316",".242","71.1",17.9,16.4,13.2,36,28.9,"7.1",4,8,2.3,49.8,32.2,"90.7","14.7",43.6,13.9,40.6,"80.353166863","94.948634455",21.1,44.3
"Beeks, Jalen",656222,2024,30,"71","70.0",312,276,77,60,10,1,6,55,27,17.6,8.7,".279",".388",".346","0.734","40",".241",".380",".322",".305",".313",".139","71.1",19.9,10.3,8,31.2,24.2,"7.2",10,8,1.2,45.3,32.4,"87.2","13.5",30.4,4.9,33,"75.987063153","93.31572095",23.2,47.3
"Castillo, Luis",622491,2026,33,"22","110.2",508,458,122,76,25,2,19,102,36,20.1,7.1,".266",".454",".324","0.778","57",".267",".452",".337",".336",".325",".185","72.4",30.5,13.1,9.9,30.6,23.1,"7.3",16,9.9,-1.2,50.6,32,"90","16.1",34.1,9.9,41.8,"79.87827352","94.432794314",24.9,52.1
"Armstrong, Shawn",542888,2024,33,"57","66.2",295,266,77,52,17,2,6,66,25,22.4,8.5,".289",".436",".354","0.790","34",".274",".453",".345",".349",".342",".179","71.4",20.5,12.8,9.8,28.8,22.1,"7.1",2,6.9,5,51,31.9,"88.9","16.7",36.6,9,38.1,"77.5847539","94.1636783",22.9,50.9
"Svanson, Matt",694335,2025,26,"39","60.1",234,206,33,23,5,2,3,68,20,29.1,8.5,".160",".248",".244","0.492","14",".201",".337",".225",".275",".281",".136","70.7",17.5,11.1,8.9,27.7,22,"6.9",11,5.3,5.4,43.9,32.3,"89.1","9.8",39.4,8.5,35.9,"78.330131857","94.20207",23.1,44.1
"Walker, Taijuan",592836,2025,32,"34","123.2",538,489,132,90,20,1,21,86,42,16,7.8,".270",".444",".331","0.775","50",".259",".439",".337",".330",".322",".181","72.3",27,17,14.1,36.4,30.3,"7.4",16,11.1,-1.2,57.8,31.9,"89.6","13.4",32.3,7.4,41.4,"79.174652736","94.265534938",18.5,45.1
"Abreu, Bryan",650556,2025,28,"70","71.0",296,260,51,38,9,0,4,105,31,35.5,10.5,".196",".277",".291","0.568","22",".211",".338",".261",".288",".304",".127","72",26.9,15.4,9.7,33.2,20.9,"7.4",23,11.3,-3.3,49.7,31.2,"90.6","16.9",35.9,8.4,45.5,"80.43213961","94.823645752",41.2,46.2
"Martin, Davis",663436,2025,28,"26","142.2",601,541,136,84,29,3,20,104,48,17.3,8,".251",".427",".317","0.744","72",".272",".465",".322",".347",".337",".193","72.3",26.9,17.5,14,34.4,27.5,"7.2",22,8.8,0.1,55.3,33,"90.7","11.2",36,9.8,44.6,"79.461212182","95.394861477",21.6,49.4
"Dollander, Chase",801403,2026,24,"10","44.0",189,164,39,23,10,0,6,47,18,24.9,9.5,".238",".409",".319","0.728","20",".217",".387",".320",".307",".305",".170","72.1",26.2,15.7,11.5,33,24.3,"7.1",5,5.4,3.8,40.2,31.7,"90.6","12.9",24,9.9,52.1,"79.78262","95.408276218",28,48
"Graceffo, Gordon",700669,2025,25,"26","43.0",193,175,50,29,14,5,2,40,13,20.7,6.7,".286",".457",".337","0.794","18",".272",".427",".340",".325",".325",".155","70.8",14,18,14.3,38,30.2,"7.1",6,8.6,1.2,50.3,32.4,"92.8","10.6",34.8,7.2,53.6,"83.540411594","95.925008116",23.1,48
"Alvarado, José",621237,2023,28,"42","41.1",172,153,30,19,8,0,3,64,18,37.2,10.5,".196",".307",".281","0.588","13",".200",".290",".262",".259",".285",".090","72.7",28.1,7.7,5.5,23.1,16.4,"7.4",5,10.1,-4.7,51.9,33.4,"91.1","8.5",31.1,4.4,45.6,"80.807919111","95.266776292",33.5,49.5
"Gaddis, Hunter",683769,2024,26,"78","74.2",278,259,43,23,14,2,4,66,14,23.7,5,".166",".282",".219","0.501","39",".198",".343",".220",".261",".251",".145","71.5",21.4,9.9,7.5,30.1,22.8,"7.4",7,11.2,-3,60.3,30.5,"88.5","18.8",29.9,5.7,36.6,"78.24385866","93.411744536",25,51.6
"Skenes, Paul",694973,2025,23,"32","187.2",733,684,136,86,37,2,11,216,42,29.5,5.7,".199",".307",".251","0.558","71",".202",".321",".247",".255",".255",".119","71.2",20.3,12.1,8.5,28.2,20,"7.3",20,9.4,-2.2,46.4,32.7,"87.6","12.2",29.4,5.8,40.1,"75.47852","93.884708556",30.1,49.6
"Whitlock, Garrett",676477,2026,30,"45","44.0",168,158,32,23,6,0,3,49,7,29.2,4.2,".203",".297",".234","0.531","31",".218",".314",".234",".247",".249",".096","70.9",19.7,11.1,8.2,29.3,21.6,"7.2",8,8.9,1.3,45.3,32.6,"88","16.7",29.5,3.6,33.9,"77.612235091","93.301797182",29.8,57.3
"Fairbanks, Pete",664126,2025,31,"61","60.1",244,224,45,27,10,1,7,59,18,24.2,7.4,".201",".348",".263","0.611","13",".219",".339",".269",".275",".281",".119","71.7",23.5,12.1,9.3,32.5,25,"7.4",9,10.5,-2.2,59.8,30.3,"90.2","14.3",28.9,4.8,42.8,"80.555249878","94.165084049",26.1,50.6
"Gray, Sonny",543243,2024,34,"28","166.1",671,623,142,82,33,6,21,203,39,30.3,5.8,".228",".401",".275","0.676","81",".235",".401",".292",".300",".283",".167","71.4",21,13.7,10.1,35.1,25.7,"7.4",35,11.2,-2.1,53.3,32.9,"89.6","11.5",38.1,9,37.9,"79.276406538","94.211961253",29.8,48.7
"Faedo, Alex",656412,2023,27,"15","64.2",262,240,48,23,13,0,12,58,20,22.1,7.6,".200",".404",".263","0.667","26",".222",".419",".287",".303",".283",".197","71.5",21.9,14.1,11.2,32.4,25.6,"7.5",5,11.1,-3,53.5,32.7,"88.8","18.2",34.4,7.7,33.9,"77.972881099","93.849851923",23.5,47.7
"King, John",667463,2023,28,"35","37.1",157,145,45,37,6,0,2,20,10,12.7,6.4,".310",".393",".353","0.746","25",".281",".405",".327",".324",".327",".124","70.8",17.9,17.3,12.5,42,30.4,"7.2",1,7.7,1.8,40.4,35,"87.8","-3",22.8,5.5,37,"76.298082581","93.704773306",21.8,49.5
"Hodge, Porter",687863,2025,24,"36","33.0",147,127,34,19,4,2,9,40,18,27.2,12.2,".268",".543",".354","0.897","13",".232",".400",".377",".316",".326",".168","70.9",18.8,10.5,8.2,29.8,23.3,"7.2",12,9.4,-1.9,46,30.9,"89.3","14.2",37.1,9.1,38.2,"79.472008409","93.775686136",26.7,46.2
"Klein, Will",694361,2026,26,"36","41.2",189,165,44,37,4,0,3,49,21,25.9,11.1,".267",".345",".360","0.705","29",".235",".302",".318",".288",".333",".067","70.7",17.6,9.7,7.9,32.4,26.2,"6.9",8,4.1,6.5,38.9,30.6,"88.5","5.4",30.2,2.6,37.9,"77.11063193","94.184867719",23.9,43.3
"Gaddis, Hunter",683769,2025,27,"73","66.2",274,248,58,39,9,2,8,73,21,26.6,7.7,".234",".383",".294","0.677","28",".227",".384",".293",".298",".292",".157","71.4",20,16.5,11.6,35.7,25.3,"7.4",13,11.8,-5.6,54.4,30.5,"90.1","17.4",34.1,9.5,39.1,"79.689629318","94.667482443",32.2,50.9
"Rocker, Kumar",677958,2025,25,"14","64.1",287,256,71,45,12,3,11,56,23,19.5,8,".277",".477",".343","0.820","29",".278",".491",".352",".364",".347",".213","71.9",26.2,17.7,13.7,34.4,26.6,"7.4",15,11.2,-2.2,45.4,33.5,"91.2","8.3",34.8,11.8,47.5,"79.800612673","95.797203564",24.9,50
"Bautista, Félix",642585,2025,30,"35","34.2",142,119,16,9,4,0,3,50,23,35.2,16.2,".134",".244",".275","0.519","7",".151",".277",".246",".264",".289",".127","71.4",22.5,10.8,7.1,22.9,15,"7.4",7,12.3,-4.6,57.6,30.8,"87.9","9.4",30.4,8.7,42,"75.427552286","94.303268696",35.7,45.1
"Sale, Chris",519242,2025,36,"21","125.2",510,463,102,72,15,4,11,165,32,32.4,6.3,".220",".341",".285","0.626","49",".205",".320",".278",".264",".271",".115","70.8",18.9,10.5,7.8,28.6,21.2,"7.4",33,9.6,-2.7,40.3,32.7,"87.2","12",36.4,6.3,35.4,"75.455732933","93.5351905",30.1,48.9
"Soriano, José",667755,2023,24,"38","42.0",185,154,33,25,3,1,4,56,23,30.3,12.4,".214",".325",".342","0.667","12",".207",".354",".303",".310",".339",".146","71.7",25.7,15.5,10.8,41.4,28.7,"7.5",10,11.1,-3.5,55.6,33.8,"92","6.8",31.3,9.4,44.8,"83.003424792","95.226782632",36.2,42.9
"Cameron, Noah",702070,2026,26,"24","138.1",580,526,126,79,31,2,14,126,43,21.7,7.4,".240",".386",".298","0.684","75",".251",".412",".300",".315",".310",".161","72.3",28.1,15,11.1,33.6,25,"7.5",10,11.7,-4.7,51.5,32.6,"89.1","15.1",38,8.1,38.2,"78.3735058","94.109850652",26.4,47.7
"Uribe, Abner",682842,2025,25,"75","75.1",298,263,51,43,4,0,4,90,27,30.2,9.1,".194",".255",".284","0.539","40",".203",".280",".247",".260",".292",".077","71.1",20,12,8.6,27.5,19.8,"7.5",13,11.7,-4.3,48.5,33.9,"86.2","6.3",28.6,2.9,34.9,"73.561736941","93.438742544",32,45.7
"Koch, Matt",571863,2023,32,"39","38.2",163,151,41,28,6,0,7,27,9,16.6,5.5,".272",".450",".319","0.769","27",".255",".441",".331",".325",".306",".186","71.4",26.6,18.6,14.6,37.7,29.6,"7",3,7.8,4,53.3,31.6,"90.1","8.1",31.2,8.1,44.8,"79.297549839","94.709539106",22.5,51.7
"Clase, Emmanuel",661403,2023,25,"75","72.2",302,281,68,52,12,0,4,64,16,21.2,5.3,".242",".327",".282","0.609","12",".231",".359",".265",".273",".274",".127","70.5",16.4,9.7,7.3,32.7,24.7,"6.9",3,6.2,6.6,42.5,31,"88.4","1.9",29.4,5,37.6,"77.813478692","93.632457477",27.4,53.4
"Pearson, Nate",663878,2023,26,"35","42.2",182,159,36,21,8,0,7,43,18,23.6,9.9,".226",".409",".313","0.722","20",".218",".400",".310",".305",".307",".182","71.5",21.6,17.9,13.5,35.7,27,"7.1",1,6.6,2.3,57.3,30.1,"91.6","22.9",29.7,8.5,47.5,"82.045290678","95.317051864",26.4,43.1
"Imanaga, Shota",684007,2024,30,"29","173.1",694,662,149,98,23,1,27,174,28,25.1,4,".225",".385",".259","0.644","112",".231",".398",".279",".288",".265",".167","71.9",23.4,14.1,10.3,31.6,23.1,"7.5",17,11.7,-6.2,52.5,31.9,"88.6","17.8",36,8.6,39.3,"77.586230864","93.931424733",28.3,55.7
"Germán, Domingo",593334,2023,30,"20","108.2",444,401,83,42,19,2,20,114,34,25.7,7.7,".207",".414",".277","0.691","51",".235",".428",".297",".320",".306",".192","73.3",35.7,16.9,10.9,27.7,17.8,"7.9",3,17,-11.6,51.5,32.2,"88.3","16.3",33.8,9.7,41.4,"76.477494483","94.254431419",30.3,50.9
"Marinaccio, Ron",676760,2023,27,"45","47.1",205,168,35,22,7,0,6,56,27,27.3,13.2,".208",".357",".340","0.697","19",".199",".372",".315",".322",".335",".173","71.5",17.5,12,9.5,22,17.5,"7.3",1,10.4,-2.8,44.4,31.4,"88.6","16.2",42.1,11.5,36.8,"76.607989818","94.551514909",28.2,46.8
"Olson, Reese",681857,2023,23,"21","103.2",422,386,83,53,13,3,14,103,33,24.4,7.8,".215",".373",".277","0.650","40",".251",".461",".283",".333",".312",".210","71.6",24.9,19.3,14.4,40.2,30,"7.4",14,10.8,-2.8,46.3,34.8,"90.8","12.8",36.1,10.9,42.8,"80.260909366","95.123164014",27.4,46.3
"Moll, Sam",594580,2026,34,"57","48.1",225,185,46,36,4,1,5,50,28,22.2,12.4,".249",".362",".359","0.721","22",".238",".361",".324",".329",".362",".123","72",25.4,12.4,9.9,28.2,22.4,"7.3",7,9.3,-1.5,50.3,33.6,"88.3","8.5",29.8,6.2,34.8,"76.871651311","94.074056967",23,42.2
"Covey, Dylan",592229,2023,31,"29","43.0",191,170,48,37,5,1,5,30,17,15.7,8.9,".282",".412",".351","0.763","12",".285",".409",".332",".338",".356",".125","70.7",15.2,12.8,10.8,30.1,25.3,"7.1",3,6.8,6.3,48.1,34.2,"87.8","7.6",31,4.3,37.3,"75.672090145","93.981446496",15.9,46.9
"Hudson, Dakota",641712,2023,28,"18","81.1",354,311,88,57,22,0,9,45,34,12.7,9.6,".283",".441",".363","0.804","55",".286",".490",".350",".371",".366",".205","72.3",28.3,18.2,14.8,38.3,31.1,"7.4",4,11,-1.4,51.7,33.6,"90.5","4.6",30.9,8.9,45.4,"79.314918806","95.239867537",20.2,47.1
"Sims, Lucas",608371,2023,29,"67","61.0",258,202,33,16,11,1,5,72,39,27.9,15.1,".163",".302",".320","0.622","36",".173",".333",".287",".302",".329",".160","70.5",15.3,9.4,7.1,29.7,22.4,"7.4",5,13.2,-7.5,57.8,31.2,"87.6","27.6",32.1,8.8,32.1,"77.930104478","92.659713284",33.1,45.7
"Hernández, Carlos",672578,2025,28,"41","43.1",203,175,50,38,8,0,4,39,22,19.2,10.8,".286",".400",".368","0.768","12",".274",".468",".338",".359",".361",".194","70.7",19.3,14.9,11.1,34.9,26,"7.2",6,9.4,-1.6,47.4,30.6,"89.7","17.7",31.4,11.4,38.6,"78.513255588","94.592783162",26.6,50.1
"Hill, Tim",657612,2024,34,"62","67.0",291,266,77,68,7,0,2,31,19,10.7,6.5,".289",".338",".338","0.676","45",".261",".328",".299",".296",".317",".067","70.6",14.6,15,13.2,37.1,32.5,"6.8",4,2.1,10.3,33.6,33,"88","-6.6",20.1,1.7,40.6,"75.725038051","94.298682979",12.8,50.8
"Brown, Ben",676962,2025,25,"25","106.1",472,433,121,80,19,4,18,121,32,25.6,6.8,".279",".467",".333","0.800","76",".254",".450",".345",".329",".311",".197","71.9",26.5,18.1,13.5,39,29,"7.4",31,10.6,-2.9,53.3,31.1,"92.4","12.7",36.8,11.4,47.3,"82.826186581","95.598631097",28.3,47.9
"Hudson, Dakota",641712,2024,29,"18","89.0",404,346,99,69,19,0,11,49,50,12.1,12.4,".286",".436",".382","0.818","31",".288",".459",".360",".374",".386",".170","72.2",26.4,17.2,14.1,43.6,35.7,"7.5",5,11.6,-4,51,33.9,"89.9","7.6",31.7,6.4,42,"78.864896622","94.869387534",18.6,42.1
"Weaver, Luke",596133,2023,29,"29","123.2",563,515,155,83,40,3,29,109,40,19.4,7.1,".301",".559",".353","0.912","74",".282",".501",".385",".358",".336",".219","71.9",25.3,15.1,11.5,29.8,22.7,"7.1",6,8.7,0.1,51.5,31.7,"89.3","15.4",40.2,9.8,42,"78.04239848","94.508679902",21.6,47.3
"VerHagen, Drew",572403,2023,32,"60","61.0",268,230,52,31,12,0,9,60,26,22.4,9.7,".226",".396",".325","0.721","31",".216",".383",".314",".308",".317",".166","71.7",22.4,16,11.2,30.9,21.6,"7.7",4,15.7,-10.2,56.8,32.2,"88.1","15.5",30.1,8.1,36.4,"77.23417593","93.51544564",30.6,46.4
"Uribe, Abner",682842,2026,26,"49","48.1",191,170,32,27,2,0,3,48,18,25.1,9.4,".188",".253",".270","0.523","16",".217",".281",".238",".260",".296",".064","71.4",21.2,10,8.1,29.7,23.8,"7.4",10,9.7,-1.2,57.5,33.1,"87.1","8.6",25.8,1.6,31.5,"76.142747541","93.09525314",26.4,43.4
"Holmes, Grant",656550,2024,28,"26","68.1",282,262,66,49,10,0,7,70,15,24.8,5.3,".252",".370",".294","0.664","37",".237",".397",".287",".295",".282",".159","71.6",22.7,12.8,9,34.9,24.6,"7.5",17,11.1,-4.7,51,33,"88.7","13.9",35.9,6.7,38.5,"78.281141753","93.754273057",32.4,54
"Kelly, Joe",523260,2023,35,"42","39.1",168,148,29,17,7,2,3,60,18,35.7,10.7,".196",".331",".292","0.623","14",".180",".303",".279",".265",".278",".123","69.3",6.5,8.1,4.8,10.8,6.5,"7.2",3,8.5,1.7,53.2,33.7,"84.9","0.7",35.2,6.8,36.4,"71.132222273","93.402074253",31.4,43.8
"Estes, Joey",683155,2024,22,"25","127.2",543,501,130,71,34,2,23,92,27,16.9,5,".259",".473",".308","0.781","62",".243",".467",".333",".328",".294",".225","72",26.9,13.4,10.9,31.2,25.4,"7.3",13,11,-3.5,54.7,30.7,"89.5","25.4",37.2,9.7,39.6,"79.114875902","94.154264829",19.2,55.5
"Turnbull, Spencer",605513,2024,31,"17","54.1",222,197,37,22,9,0,6,58,20,26.1,9,".188",".325",".279","0.604","32",".228",".385",".272",".314",".315",".157","71.2",20.1,10.2,7.8,27.5,21,"7.3",4,10,-0.9,46.4,33.9,"87.8","10.7",33.1,7.2,42.4,"76.427432143","93.732989209",25.4,42.6
"Dunning, Dane",641540,2023,28,"35","172.2",722,652,163,113,27,3,20,140,55,19.4,7.6,".250",".393",".316","0.709","99",".258",".418",".310",".325",".324",".160","72.2",28.5,14.8,11.3,33.8,25.7,"7.5",14,11.7,-4.6,46.4,33.2,"88.8","10.8",32.5,7.5,40.2,"77.759256899","94.06919",22.3,47
"Kopech, Michael",656629,2023,27,"30","129.1",591,483,115,63,21,2,29,134,91,22.7,15.4,".238",".470",".368","0.838","66",".236",".457",".363",".363",".368",".221","71.3",20.1,15.7,12.4,35.8,28.2,"7.2",9,10.1,-2.9,57.2,30.6,"90.3","17.8",31.6,12.7,42.4,"79.995233636","94.720039517",26.9,42.1
"Weissert, Greg",669711,2024,29,"62","63.1",263,237,65,49,9,0,7,58,20,22.1,7.6,".274",".401",".324","0.725","24",".246",".373",".310",".294",".302",".127","70.5",16.1,12,9.9,32,26.3,"7.2",3,8.7,0.1,48.3,34.1,"88.9","12.8",33.5,5.9,40.5,"78.219672637","93.989904231",20.3,48.3
"Chavez, Jesse",445926,2024,40,"46","63.1",264,241,60,38,11,1,10,55,19,20.8,7.2,".249",".427",".304","0.731","34",".260",".419",".315",".321",".315",".159","71.6",18.9,14,11.7,32.1,27,"7.2",2,7.8,2.3,53.1,33.1,"87.3","11.1",37.6,6.4,35.4,"75.526857447","93.66962262",17,42.3
"Adams, Austin",613534,2024,33,"56","41.1",191,152,38,22,12,0,4,53,23,27.7,12,".250",".408",".389","0.797","33",".202",".314",".354",".313",".356",".112","71.3",21.2,11,7.3,24.7,16.4,"7.3",8,7.7,0.6,54,31.6,"85.1","16.6",34.3,4.9,31.4,"73.239764706","92.641949703",35.3,41.5
"Waldron, Matt",663362,2024,27,"27","146.2",625,568,145,90,32,2,21,133,40,21.3,6.4,".255",".430",".315","0.745","75",".243",".413",".323",".316",".305",".170","71.4",22.7,14.3,11.5,33.8,27.3,"7.2",15,10.7,-2.1,53.5,32.5,"88.1","16.4",33.9,7,35,"77.177450505","93.585477592",20.8,45.3
"Garcia, Brandyn",805299,2026,26,"42","35.2",134,122,21,16,3,0,2,41,8,30.6,6,".172",".246",".241","0.487","12",".176",".272",".221",".231",".244",".096","71.9",23.2,12.1,9.4,34.3,26.5,"7.2",4,7.2,3.7,40.9,33,"89.1","0.7",19.5,4.9,34.1,"78.66157025","94.037957848",26.5,45.5
"Clase, Emmanuel",661403,2025,27,"48","47.1",201,180,46,35,8,1,2,47,12,23.4,6,".256",".344",".310","0.654","7",".229",".336",".285",".277",".291",".107","71.5",22.6,11.3,7.8,32.8,22.6,"7.2",9,5.4,3.4,42.7,33.6,"88.2","12.6",34.1,5.1,38.4,"77.233822174","93.803160511",32.1,54.3
"Lazar, Max",676661,2025,26,"36","41.1",170,157,41,25,9,0,7,26,12,15.3,7.1,".261",".452",".312","0.764","16",".309",".505",".329",".371",".357",".196","72.3",27.5,19.7,16.1,41.3,33.7,"7.2",4,9.8,-0.8,59.9,31.3,"92.6","13.7",39.4,9.8,52.3,"82.993182615","96.089544154",20.3,45.8
"Johnson, Pierce",572955,2026,35,"41","35.1",154,138,33,20,6,1,6,33,13,21.4,8.4,".239",".428",".301","0.729","14",".272",".486",".316",".351",".332",".214","70.8",16.7,13,10.1,37.5,29.2,"7.3",7,9.5,0,58.6,32.6,"90.3","14.5",40.7,11.3,38,"81.337660755","93.869253524",23.8,47.5
"Hoppe, Alex",695380,2026,27,"29","32.1",141,127,31,20,9,0,2,37,12,26.2,8.5,".244",".362",".312","0.674","9",".247",".341",".300",".293",".315",".094","72.2",25.6,14.6,11.6,36.3,28.6,"7.2",13,7.3,1.9,50.2,32,"89.3","3.4",33,3.3,40.7,"78.278553261","94.580376923",27.3,46.3
"Lee, Dylan",669276,2025,30,"74","68.1",266,249,53,33,7,0,13,76,14,28.6,5.3,".213",".398",".254","0.652","33",".202",".376",".279",".268",".246",".174","72.3",28.6,11.6,7.7,27.2,18.2,"7.8",11,14.9,-12.5,51.6,32.6,"87.6","16.9",32.4,10.3,33.5,"76.725843529","93.327081775",33.6,51.5
"Eflin, Zach",621107,2023,29,"31","177.2",703,671,158,104,31,4,19,186,24,26.5,3.4,".235",".379",".264","0.643","126",".217",".382",".276",".270",".248",".165","71.5",22.7,12.9,10.2,31.6,24.9,"7.4",7,11.6,-3.6,49.1,33.3,"87.5","9.1",29.2,9,35.1,"75.557414813","93.73501605",24.1,49.9
"Paredes, Mike",702474,2026,25,"9","34.1",154,134,36,23,5,2,6,19,13,12.3,8.4,".269",".470",".342","0.812","15",".279",".446",".352",".349",".352",".167","72.5",30.4,17,13.8,39.3,32,"7.4",2,12.6,-4.9,52.1,32.4,"91.5","16.3",33.9,6.8,50.8,"82.051931525","95.312608718",19.3,49.7
"Montas, Frankie",593423,2025,32,"9","38.2",178,161,48,26,14,0,8,32,14,18,7.9,".298",".534",".356","0.890","28",".279",".483",".380",".353",".339",".204","72.1",29,17.1,13.2,31.6,24.4,"7.3",7,10.5,-2.4,47.3,33.7,"88.5","14.6",30.5,11.5,40.5,"76.120782769","94.543882868",23.8,48.6
"Anderson, Tyler",542881,2025,35,"26","136.1",599,533,135,75,29,3,28,104,57,17.4,9.5,".253",".477",".326","0.803","63",".253",".480",".341",".345",".327",".226","72.2",27.6,15.8,12,32.9,25,"7.5",17,12.9,-6.3,51.1,31.7,"88","21",41.8,11,36.6,"76.495283871","93.859851336",25,49
"Payamps, Joel",606303,2024,30,"68","59.0",235,212,39,21,10,1,7,59,18,25.1,7.7,".184",".340",".253","0.593","20",".232",".431",".254",".314",".300",".199","71.8",23.8,14.7,10.8,33.7,24.9,"7.4",5,10.6,-2.6,58,32.8,"89.4","15.9",34,9.6,43.6,"78.170104675","94.581484248",27.1,48.1
"Miller, Shelby",571946,2023,32,"36","42.0",163,141,19,10,6,0,3,42,19,25.8,11.7,".135",".241",".247","0.488","34",".187",".354",".222",".283",".292",".167","71.2",18.2,11.5,9.1,31.1,24.7,"7.1",0,7.5,1.7,54.9,32.3,"89.5","14.9",30,7,37,"79.278076","94.426995758",26,43
"Brown, Hunter",686613,2023,24,"31","155.2",665,599,157,95,34,2,26,178,55,26.8,8.3,".262",".456",".332","0.788","89",".235",".416",".340",".318",".309",".181","70.8",21.5,12.6,9.9,35.3,27.6,"7",5,8.6,4.6,51.6,32.4,"90.8","6.9",30,10.9,44.4,"80.710690569","94.872462251",24.8,46.4
"Taillon, Jameson",592791,2026,34,"17","84.0",362,328,83,46,11,0,26,75,32,20.7,8.8,".253",".524",".323","0.847","28",".257",".525",".363",".363",".326",".269","72.8",30.4,16.6,12.4,34,25.5,"7.5",12,13.1,-5.4,57.7,32.1,"88.9","18.9",36.8,14.6,38.7,"77.67128","94.26747504",26.8,46.4
"Gilbert, Tyler",656457,2025,31,"46","51.0",215,186,40,24,11,0,5,49,24,22.8,11.2,".215",".355",".310","0.665","34",".220",".404",".291",".312",".317",".184","71.7",22.9,14.9,11.4,35.5,27.3,"7.2",10,9.4,0,52.7,31.6,"90","20.4",35,10.1,40.7,"80.02792087","94.180523139",26.2,46.8
"Fulmer, Michael",605242,2023,30,"58","57.0",237,204,48,28,13,0,7,65,28,27.4,11.8,".235",".402",".329","0.731","35",".236",".377",".320",".319",".335",".141","71.2",27.9,11.3,7.2,25.4,16.2,"7.4",5,11.6,-3.6,57.4,32.3,"86.4","15.4",37.3,6.3,30.3,"74.989243521","92.916518592",33.5,46.2
"Ramírez, Yohan",670990,2023,28,"31","38.1",176,147,39,32,3,1,3,35,17,19.9,9.7,".265",".361",".381","0.742","13",".236",".342",".335",".318",".356",".106","70",15.9,11.5,10.1,36.1,31.9,"7.2",1,7.8,-1.6,46.5,34.2,"86.8","3.7",24.8,4.4,31.9,"76.120490175","92.872536549",20.6,40.2
"Ortiz, Luis",682847,2024,25,"37","135.2",556,500,109,68,21,4,16,107,42,19.2,7.6,".218",".372",".288","0.660","50",".238",".433",".287",".324",".308",".194","71.7",23.6,11.8,9.5,31.4,25.2,"7.3",13,8.2,-0.4,48.7,32.6,"89","13.9",34.9,8.8,37.7,"78.240775528","94.10121864",21,48.1
"Kinley, Tyler",641755,2024,33,"67","64.0",285,246,61,34,14,2,11,72,33,25.3,11.6,".248",".455",".338","0.793","24",".241",".422",".341",".329",".333",".181","71.3",19.6,8.8,6,26.7,18.2,"7.8",16,15.4,-11.9,57.5,33.3,"87.5","15.5",37.6,9,33.1,"75.749425568","93.748627829",33.1,50
"Cruz, Fernando",518585,2024,34,"69","66.2",288,250,54,30,14,1,9,109,35,37.8,12.2,".216",".388",".314","0.702","34",".219",".387",".307",".311",".317",".168","71.2",21.9,13.8,9.2,29.7,20,"7.6",18,14,-10.8,47,31.6,"88.7","13.9",41.3,9.9,44.1,"76.180932429","94.842768058",38.2,46.7
"Bieber, Shane",669456,2025,30,"7","40.1",159,151,34,21,5,0,8,37,7,23.3,4.4,".225",".417",".264","0.681","23",".261",".465",".293",".327",".298",".204","72.1",24.8,20.7,15.2,42.9,31.5,"7.3",9,10.3,-2.2,59.5,30.1,"93.2","9.7",36,12.3,48.2,"84.085081228","95.836548158",27.9,46.2
"Hoeing, Bryan",663773,2023,26,"33","70.2",304,274,71,32,24,2,13,53,25,17.4,8.2,".259",".504",".322","0.826","47",".265",".488",".347",".348",".329",".223","72",24.2,17.6,14,40.5,32.3,"7.5",1,11.1,-1.7,58.9,33.6,"90.5","10.5",35.3,9.5,44.2,"80.389107658","94.647689009",21.9,43.8
"Knack, Landon",689017,2025,27,"10","42.1",185,162,40,22,7,1,10,42,19,22.7,10.3,".247",".488",".330","0.818","34",".261",".495",".350",".362",".346",".234","71.8",24.2,17.1,13.7,32.7,26.1,"7.3",4,11.5,-3.8,54.7,30.7,"91.6","17.3",43.4,15.6,49.2,"81.05370082","95.808123361",21.6,45.5
"Rodríguez, Manuel",655889,2025,28,"31","30.1",121,112,26,21,3,0,2,25,6,20.7,5,".232",".313",".275","0.588","21",".245",".329",".260",".274",".288",".084","72.3",27.7,14.7,10.9,33.1,24.5,"7.3",4,8.6,1.4,44.4,32.6,"87.4","1.3",28.1,3.4,41.6,"74.583747273","94.352912299",25.9,50.1
"Foley, Jason",671345,2024,28,"69","60.0",250,224,51,37,8,1,5,46,20,18.4,8,".228",".339",".293","0.632","19",".255",".410",".277",".323",".324",".156","71.6",23.4,14.7,11.7,36.6,29.1,"7.2",6,9.5,-0.5,46.3,32.9,"89.5","7.5",36.8,6.6,41.2,"78.215652333","94.6846625",22.3,49.1
"Payamps, Joel",606303,2023,29,"69","70.2",287,260,57,41,8,0,8,77,17,26.8,5.9,".219",".342",".278","0.620","27",".223",".344",".272",".278",".284",".121","70.6",17,14.3,10.5,38.1,28.1,"7.1",1,7.3,3.1,50.6,32.8,"87.8","13.8",34.2,4.8,33.7,"77.056424022","93.302298804",26.9,43.8
"Carrasco, Carlos",471911,2023,36,"20","90.0",417,371,115,71,24,2,18,66,38,15.8,9.1,".310",".531",".381","0.912","56",".300",".520",".390",".384",".374",".219","72.7",31.3,25.1,19.1,44.6,34,"7.6",3,12.5,-6.6,53.9,34.4,"91.5","8.7",37.5,10.7,48.2,"80.853173312","95.654389642",24.7,46.9
"Soto, Gregory",642397,2026,31,"52","51.2",222,193,38,24,8,1,5,64,22,28.8,9.9,".197",".326",".292","0.618","28",".194",".292",".279",".266",".290",".098","71.3",20.4,10.9,8,32.8,24.1,"7.5",12,12,-8.4,44.8,33.8,"86.4","13.3",30.5,4.6,34.4,"74.354410156","93.332279843",28.5,43
"May, Dustin",669160,2025,27,"25","132.1",584,510,132,84,21,6,21,123,56,21.1,9.6,".259",".447",".344","0.791","72",".261",".451",".342",".349",".348",".191","72.2",28.7,16.4,13.4,33.6,27.3,"7.2",11,8.6,0,52.2,33,"90.6","12.5",34.9,9.2,44.5,"79.491363897","95.163508072",20,45.3
"Alexander, Scott",518397,2024,34,"45","38.2",160,139,31,21,7,0,3,31,15,19.4,9.4,".223",".338",".304","0.642","16",".241",".412",".268",".314",".324",".172","71.9",26,15.6,13.2,32.7,27.7,"7.5",6,10.3,-1.2,53.4,34.4,"89.2","-1.5",36.6,12.6,44.6,"77.377443636","94.843086055",19.8,49.1
"Finnegan, Kyle",640448,2024,32,"65","63.2",271,245,61,45,4,3,9,60,24,22.1,8.9,".249",".400",".315","0.715","6",".259",".430",".309",".327",".325",".171","71.6",22.2,14.4,11.2,32,24.8,"7.1",4,6.6,4.2,48.6,31.7,"91.3","10.6",31.6,7,48.1,"80.415694946","95.621577135",23.1,53.2
"Doval, Camilo",666808,2024,26,"62","59.0",271,224,54,32,15,2,5,78,39,28.8,14.4,".241",".393",".353","0.746","17",".182",".318",".327",".288",".309",".137","71.1",21.7,15.7,10.2,33.2,21.7,"7.6",11,11,-5.3,43.5,33.7,"89.5","-0.2",27.6,8.6,42.8,"77.661772838","94.940437415",34.3,43.6
"Winder, Josh",680739,2023,26,"19","34.2",147,131,35,21,9,2,3,28,14,19,9.5,".267",".435",".333","0.768","30",".246",".447",".331",".336",".320",".200","71.7",26,14.5,12,36.1,30,"7.5",4,12.4,-3.9,57.3,33.4,"91","13.1",32.4,8.6,43.8,"80.758923774","95.218280857",20.3,48.5
"Mikolas, Miles",571945,2025,36,"31","156.1",669,622,169,94,42,4,29,100,37,14.9,5.5,".272",".492",".313","0.805","56",".271",".512",".342",".351",".314",".241","71.8",24.1,17.5,14.8,34.9,29.4,"7.2",9,10,0.2,54.9,31.8,"89.3","13.8",34,12.7,41.8,"77.808310802","94.601714237",16.5,48
"Vodnik, Victor",680767,2026,26,"37","41.0",194,163,46,32,9,2,3,31,24,16,12.4,".282",".417",".376","0.793","36",".248",".373",".349",".323",".352",".125","72.2",27.5,9.8,7.5,34.5,26.6,"7.2",6,7.1,2.8,44.7,31.4,"90.6","2.7",27.2,5.9,40.4,"81.310395672","94.310239403",24.1,47
"Seabold, Connor",657756,2023,27,"27","87.1",408,366,116,67,27,3,19,67,28,16.4,6.9,".317",".563",".372","0.935","37",".268",".478",".393",".346",".329",".210","71.3",21.7,14.4,10.8,28,21,"7.1",2,8.7,1.7,42.5,31.3,"89.2","16.5",38.6,10.1,40.5,"78.167385563","94.395988079",21.5,50.3
"Bradish, Kyle",680694,2024,27,"8","39.1",163,144,27,17,6,2,2,53,15,32.5,9.2,".188",".299",".278","0.577","16",".177",".295",".261",".259",".269",".118","70.8",18.5,8.9,6.9,24.1,18.5,"7.3",7,9.3,1,45.1,32.2,"84.8","3.1",31.9,6.6,28.6,"73.161206222","92.295026556",26.9,42
"Nastrini, Nick",680897,2024,24,"9","35.2",174,137,32,18,6,1,7,26,36,14.9,20.7,".234",".445",".397","0.842","8",".231",".471",".373",".382",".395",".240","72.2",30.1,12.4,9.4,33.5,25.4,"7.6",8,14.8,-10,51.8,31.8,"87.7","23.5",30.6,12.6,31.5,"76.696873393","93.450647928",28.8,39.8
"Borucki, Ryan",621366,2023,29,"38","40.1",152,142,26,15,7,0,4,33,4,21.7,2.6,".183",".317",".227","0.544","22",".231",".368",".238",".280",".272",".137","71.2",22.8,10.7,7.8,28.9,20.9,"7.6",3,12.5,-7.6,50,33.5,"85.7","11.1",25.2,6.3,29.7,"74.245395455","92.658574404",28.1,52.7
"Taylor, Grant",691799,2025,23,"36","36.2",157,138,37,32,5,0,0,54,15,34.4,9.6,".268",".304",".335","0.639","17",".213",".307",".287",".267",".290",".094","71.3",18.2,11.9,8.7,29.4,21.5,"7",9,5.1,6.3,39.7,32,"90.5","11.3",38.6,5.7,50,"79.607203571","95.609225181",30.7,48
"King, Michael",650633,2026,31,"25","142.1",585,516,113,79,16,1,17,124,56,21.2,9.6,".219",".353",".306","0.659","56",".240",".404",".296",".322",".325",".163","72.6",31.7,12.3,9.3,29.9,22.7,"7.5",14,12.2,-4.9,51.2,32.9,"87.3","14.1",33.9,8.6,32.4,"76.236813731","93.186252047",25.1,46.3
"Pop, Zach",647315,2024,27,"58","48.1",209,185,45,30,6,0,9,33,19,15.8,9.1,".243",".422",".317","0.739","19",".264",".429",".315",".335",".338",".165","71.9",23,12.5,9.9,34.1,27,"7.2",6,8.7,-0.7,56.6,33.5,"88.9","4.9",25.2,7.2,44.5,"77.184377632","94.457844503",22.1,49.3
"Walker, Ryan",676254,2024,28,"76","80.0",308,279,50,37,7,1,5,99,18,32.1,5.8,".179",".265",".251","0.516","39",".190",".299",".233",".255",".261",".109","70.3",16.7,11.4,8.3,29,21.1,"7.3",12,9.7,-2.8,40,33.4,"86.4","9.8",31.3,6,30.2,"74.143548667","93.372112011",28.6,46
"May, Trevor",543507,2023,33,"49","46.2",205,168,35,24,6,1,4,40,29,19.5,14.1,".208",".327",".332","0.659","14",".242",".390",".290",".328",".361",".149","70.9",20.4,10.3,8.2,37.9,29.9,"7.3",0,11.5,-2.8,54.3,32.8,"88","21.4",33.1,6,36.1,"76.610598462","93.861652077",23.6,44.1
"Abreu, Albert",656061,2023,27,"45","59.0",268,225,52,31,12,0,9,61,35,22.8,13.1,".231",".404",".348","0.752","27",".222",".397",".332",".328",".342",".175","71.4",18.5,11.6,8.9,37.9,29,"7.3",3,10,0.4,51.2,32.9,"89","12.6",27.9,7.4,41.8,"78.352102683","94.046799387",26.3,42
"Boyd, Matthew",571510,2026,35,"15","85.0",354,321,79,54,11,1,13,68,26,19.2,7.3,".246",".408",".316","0.724","71",".267",".448",".320",".341",".335",".181","71.8",24.4,13.9,11.2,30.8,24.6,"7.4",7,10.6,-3.4,47.4,32,"88","14.6",33.6,10.3,37.9,"75.8908544","94.08271128",22.3,49.1
"Slaten, Justin",686580,2025,27,"36","34.0",137,126,27,21,3,0,3,25,10,18.2,7.3,".214",".310",".270","0.580","30",".231",".401",".251",".292",".285",".171","71.3",18.8,12.5,9.2,36.9,27.2,"7.2",2,9,-0.8,53.9,32.6,"89.1","12.3",32.4,7.8,34.3,"79.001213529","93.722976765",27.9,53.9
"Lorenzen, Michael",547179,2023,31,"29","153.0",624,567,138,91,26,1,20,111,47,17.8,7.5,".243",".399",".302","0.701","82",".253",".443",".304",".325",".311",".191","71.1",19.3,12.7,10.1,35.1,27.9,"7.4",2,11.1,-2.5,52.1,31.8,"90","13.8",33.9,8,40.2,"80.116257074","94.295669956",21.7,49.4
"Johnson, Pierce",572955,2023,32,"67","62.2",277,245,63,39,14,0,10,90,30,32.5,10.8,".257",".437",".337","0.774","27",".233",".379",".335",".305",".315",".147","70",12.5,10.3,6.8,32.5,21.6,"7.4",8,10.2,-2.6,51.6,32.6,"90.7","13.1",43.9,6.4,47.1,"81.235819231","94.529324551",33.1,46.8
"Murphy, Chris",669684,2026,28,"29","30.0",132,111,26,17,6,1,2,29,15,22,11.4,".234",".360",".341","0.701","18",".211",".321",".316",".294",".322",".110","71.2",18.9,9.5,6.6,28.6,19.7,"7.3",2,10.3,-2,54.3,31,"87","23",25,7.1,34.5,"76.12871439","93.078934634",30.7,51.2
"Dodd, Dylan",689266,2023,25,"7","34.1",164,151,53,31,13,0,9,15,12,9.1,7.3,".351",".616",".402","1.018","26",".324",".633",".429",".424",".378",".309","70",14.5,16.2,14.5,41.9,37.3,"7.2",1,9.1,-6.5,48.2,30.8,"92.6","16.8",38.2,12.5,46.3,"82.424902647","95.942111407",18.6,53.9
"Teheran, Julio",527054,2023,32,"14","71.2",288,268,68,39,14,2,13,50,13,17.4,4.5,".254",".466",".296","0.762","20",".263",".468",".324",".334",".308",".206","73.1",33.5,20,16.2,35.6,28.7,"7.4",2,9,-0.1,55.4,33.1,"89.8","14.7",39.4,10,42.1,"79.052229818","94.533562864",20.6,48.1
"Glasnow, Tyler",607192,2025,31,"18","90.1",366,316,56,34,12,0,10,106,43,29,11.7,".177",".310",".279","0.589","43",".203",".324",".266",".285",".303",".121","71.4",24.6,10.2,7.6,31.6,23.6,"7.2",19,9.2,-1,49.5,31.6,"88.2","11.1",33.2,8,37.4,"77.428044393","93.680485164",28.2,42.4
"Diekman, Jake",518617,2023,36,"63","56.2",243,202,37,27,6,1,3,64,38,26.3,15.6,".183",".267",".314","0.581","12",".198",".287",".271",".286",".328",".089","69.6",10.9,6.8,5.2,26.3,20.1,"7",3,5.3,7.3,37.6,32,"84.6","12.4",29.3,5.1,27.1,"72.78032913","92.239348613",26.4,41.1
"Stone, Gavin",694813,2023,24,"8","31.0",152,136,46,27,10,1,8,22,13,14.5,8.6,".338",".603",".401","1.004","31",".305",".502",".423",".376",".372",".197","71.3",22.4,17.9,12,39.3,26.4,"7.5",2,12.7,-5.2,47.7,32.7,"88.5","11.7",38.3,8.7,37.4,"77.322630357","93.906186518",30.9,50.8
"Ashcraft, Graham",668933,2023,25,"26","145.2",624,558,148,98,23,4,23,111,52,17.8,8.3,".265",".444",".338","0.782","77",".268",".430",".339",".339",".341",".162","71",18.1,10.6,8.6,30.5,24.8,"7",11,6.6,4.2,45.9,33.1,"88.4","8.1",34,6.9,38.9,"76.720419821","94.143819215",22.3,48.2
"Freeland, Kyle",607536,2026,33,"22","120.2",536,500,147,82,38,5,22,98,27,18.3,5,".294",".522",".336","0.858","64",".283",".480",".368",".349",".327",".197","72.9",33.5,18.6,14.7,37,29.3,"7.4",19,10.7,-3.6,55.2,32.9,"90.2","14.2",33.8,10.6,42.7,"79.20619255","95.091951375",22.6,50.9
"Littell, Zack",641793,2024,28,"29","156.1",656,618,164,111,29,2,22,141,31,21.5,4.7,".265",".426",".306","0.732","56",".260",".449",".317",".326",".301",".189","71.9",25.4,14.7,11.6,33.6,26.4,"7.4",19,11.7,-3.9,53.9,31.9,"89.3","18.1",36.2,9.6,39.2,"78.590295546","94.137344568",23.1,51.9
"Johnson, Pierce",572955,2024,33,"58","56.1",236,209,48,33,8,1,6,67,25,28.4,10.6,".230",".364",".318","0.682","30",".221",".375",".302",".304",".310",".154","71.5",24.4,12.5,9.4,33.3,25,"7.4",9,9.7,-1.8,50.5,33.1,"89.4","11.7",33.8,8.5,39.4,"79.001409296","94.027184296",28.1,45.1
"Sandlin, Nick",680704,2024,27,"68","57.2",246,207,46,26,8,0,12,68,27,27.6,11,".222",".435",".325","0.760","31",".221",".425",".328",".330",".327",".205","71.3",18.4,17.4,11.8,33.7,22.9,"7.7",7,14,-10.4,51.7,32.6,"91.3","18.3",29,11,42.8,"81.073197324","95.121476028",33.7,47.1
"Adam, Jason",592094,2024,32,"74","73.2",282,251,40,26,8,1,5,81,23,28.7,8.2,".159",".259",".245","0.504","36",".204",".350",".224",".283",".287",".146","71.8",24.7,13.4,8.5,33.3,21.2,"7.5",9,13.4,-7.3,57.5,30.2,"88.5","13.8",29.7,6.4,37.8,"77.075266941","94.095814556",38.4,50.3
"Detmers, Reid",672282,2023,23,"28","148.2",644,569,141,93,28,1,19,168,60,26.1,9.3,".248",".401",".332","0.733","68",".250",".401",".321",".327",".337",".151","71.9",23.7,15,11.7,29,22.6,"7.4",6,10.9,-4.3,49.7,32.9,"89.8","15.8",37.2,6.2,41.4,"79.273350299","94.457081521",27.1,48.8
"Patrick, Chad",694477,2026,27,"42","87.2",359,318,73,48,15,2,8,78,34,21.7,9.5,".230",".365",".306","0.671","31",".242",".383",".296",".309",".318",".141","72.3",27.7,11.1,8.3,29.3,21.9,"7.3",8,8.9,0.1,50.5,32.1,"88.7","17.1",35.1,6.1,37.1,"77.938132017","93.87974021",26.1,49.2
"Bergert, Ryan",686701,2025,25,"19","76.1",323,284,61,39,13,1,8,73,35,22.6,10.8,".215",".352",".302","0.654","33",".238",".410",".290",".322",".325",".172","71.7",18.8,11.7,9.1,33.2,25.7,"7.3",7,10.9,-1.3,55.5,31.8,"90","20",40.7,7,36.4,"80.998547642","93.790266132",23.9,46.9
"Smith, Drew",622098,2023,29,"62","56.1",244,208,50,26,13,4,7,60,29,24.6,11.9,".240",".442",".344","0.786","35",".221",".398",".341",".323",".329",".178","71.9",26.4,9,6.6,27.5,20.3,"7.3",3,10,-3.5,57.4,30.4,"89.5","22.7",38,10.7,39.3,"79.453139467","93.8532688",26,46.5
"Pérez, Martín",527048,2025,34,"11","56.0",228,202,40,23,10,1,6,44,22,19.3,9.6,".198",".347",".281","0.628","19",".249",".492",".278",".354",".328",".243","72.4",27.2,19.1,14.9,33.8,26.4,"7.5",1,12.3,-5.4,51.8,33.7,"88.2","15.1",33.1,15,39.4,"76.05609725","94.398870189",20.9,42.4
"Alvarez, Andrew",674841,2026,27,"18","75.0",317,279,67,48,13,3,3,69,33,21.8,10.4,".240",".341",".325","0.666","42",".260",".386",".300",".326",".344",".126","72.3",31.7,17.8,13.6,36.6,28.1,"7.5",18,10.3,-3.8,51.6,33.1,"89.7","8.4",34,5.2,42.5,"78.476306286","94.823149429",26.2,44.8
"Morillo, Juan",666661,2025,26,"42","34.1",152,128,38,27,7,2,2,36,20,23.7,13.2,".297",".430",".393","0.823","10",".229",".326",".363",".301",".336",".097","71",19.5,10.5,7.7,26.7,19.5,"7",4,5.4,5.9,44.6,32.2,"87.2","11.2",31.6,5.3,42.1,"74.442016809","94.11918828",26.6,48.8
"Clarke, Taylor",664199,2025,32,"51","55.1",206,196,38,23,6,1,8,44,9,21.4,4.4,".194",".357",".233","0.590","12",".239",".416",".256",".298",".276",".177","71.9",24.5,12.6,10.1,32.4,25.9,"7.4",11,12.8,-5.5,57.4,32.8,"89.3","13.6",29.6,7.9,40.8,"78.566884605","94.198920397",23.3,47.6
"Bernardino, Brennan",657514,2023,31,"55","50.2",216,192,48,33,10,1,4,58,18,26.9,8.3,".250",".375",".333","0.708","42",".239",".380",".313",".311",".324",".141","71.4",20,12.6,9.7,33.3,25.5,"7.3",0,10.2,-1.8,42,34.9,"89","7.7",35.1,6.7,32.8,"77.912866119","94.22936218",24.7,40.7
"Phillips, Evan",623465,2023,28,"62","61.1",234,215,38,24,7,1,6,66,13,28.2,5.6,".177",".302",".233","0.535","22",".224",".357",".232",".275",".277",".133","70.9",16.3,8,5.9,29.5,21.6,"7.2",4,7.1,1.2,46.3,33.4,"88.2","15",29.6,6.6,36.8,"77.226944667","93.584796267",29.6,47.7
"Leiter Jr., Mark",643410,2024,33,"60","58.0",256,231,55,37,9,1,8,86,22,33.6,8.6,".238",".390",".313","0.703","40",".222",".352",".308",".291",".298",".131","72.1",27.4,17.6,11,32,20,"7.7",10,15.4,-11.7,43.6,33.2,"88.8","11.3",33.1,8.3,40,"77.69809","94.120993819",38.3,46.8
"Corbin, Patrick",571578,2026,36,"19","80.0",360,325,98,65,21,0,12,63,25,17.5,6.9,".302",".477",".359","0.836","33",".289",".463",".364",".355",".352",".173","72.4",29.9,16,12.7,31,24.8,"7.6",11,12.1,-5.4,46.6,33,"88.4","13.8",38.3,7.5,42.1,"76.479630152","94.269118447",21.1,47.3
"Gore, MacKenzie",669022,2024,25,"32","166.1",731,649,171,117,36,3,15,181,65,24.8,8.9,".263",".398",".339","0.737","93",".249",".383",".324",".317",".327",".135","71.6",22.5,9.7,7.1,27.5,20.1,"7.2",23,8.1,2,47.3,32.6,"88","13.5",36.2,6.8,38.1,"76.776975684","93.73951438",28.6,50.4
"Kuhl, Chad",641771,2024,31,"31","53.1",240,205,56,39,11,1,5,54,25,22.5,10.4,".273",".410",".367","0.777","14",".241",".382",".343",".324",".340",".141","71.4",23.4,11.8,8.7,35.7,26.4,"7.3",5,11.2,-3.6,50.8,32.2,"88.4","10.2",33.8,5.9,38.3,"77.734337632","93.761976026",27.1,42.2
"Iglesias, Raisel",628452,2025,35,"70","67.1",267,247,51,31,12,0,8,73,17,27.3,6.4,".206",".352",".262","0.614","19",".211",".376",".266",".276",".267",".164","71.8",24.3,11.8,8.3,32.8,23.1,"7.4",8,10.8,-2.7,47.9,33.6,"89","20.4",38.9,8.7,34.9,"79.082887209","93.587533547",30.9,51.8
"Englert, Mason",669438,2023,23,"31","56.0",253,230,67,39,14,2,12,41,17,16.2,6.7,".291",".526",".343","0.869","23",".304",".536",".368",".383",".358",".232","73.1",30.6,15,12.2,27.5,22.4,"7.6",1,13.7,-3.4,45.1,31,"91.4","15.7",38.9,9.9,44.6,"81.579043298","95.155365508",23.6,51.3
"Boyd, Matthew",571510,2023,32,"15","71.0",303,276,69,43,15,0,11,73,25,24.1,8.3,".250",".424",".317","0.741","38",".239",".419",".322",".316",".307",".179",,,,,,,,,,,,,"89.3","17.6",32.5,8.4,36,"79.392958713","93.784884876",30.8,49.7
"Harvey, Hunter",640451,2024,29,"49","50.2",219,197,51,26,19,1,5,55,16,25.1,7.3,".259",".442",".330","0.772","28",".275",".465",".333",".349",".345",".190","71.3",23.2,14.6,10.7,29.5,21.8,"7.2",13,8.3,2.2,46.5,32.2,"90.4","10.9",37.8,9.1,48.3,"79.357152958","95.304975106",27.1,51.3
"Cameron, Noah",702070,2025,25,"24","138.1",556,509,109,72,17,2,18,114,43,20.5,7.7,".214",".361",".279","0.640","63",".245",".411",".281",".313",".307",".166","71.8",24.6,16.7,12.4,35,26.1,"7.5",20,12,-5.9,50.4,32.3,"87.9","13",32.6,6.3,37.4,"76.19833699","93.899827391",26.6,47.2
"Edwards Jr., Carl",605218,2023,31,"32","31.2",142,124,31,21,8,1,1,24,17,16.9,12,".250",".355",".345","0.700","10",".260",".358",".309",".316",".354",".098",,,,,,,,,,,,,"86.3","10.1",33,4,29,"76.0653006","92.2617121",21.6,47.4
"Floro, Dylan",571670,2024,33,"66","68.2",279,258,65,50,10,0,5,48,17,17.2,6.1,".252",".349",".299","0.648","40",".258",".396",".285",".311",".306",".138","71.4",20.2,15.2,12.5,41.3,34,"7.3",4,9.6,0.6,52.7,32.5,"90.2","10.9",34.3,4.2,39,"80.702774615","94.144938798",18.4,42.1
"Littell, Zack",641793,2023,27,"28","90.0",379,360,94,60,20,1,13,74,12,19.5,3.2,".261",".431",".291","0.722","47",".268",".440",".308",".317",".298",".173","71.6",22.4,16.1,13,32.8,26.5,"7.3",5,10.7,-1,48,31.7,"89.6","12.8",33.9,8.4,41.9,"79.017141259","94.340082281",21,53.4
"Schreiber, John",670167,2026,32,"49","44.0",188,163,40,25,8,0,7,33,21,17.6,11.2,".245",".423",".332","0.755","32",".265",".434",".326",".336",".349",".169","71.3",20.4,16.3,12.9,35.7,28.3,"7.1",5,7.9,0.7,54.2,32.6,"89.4","11.8",38.3,6.8,41.4,"78.545156308","94.387949767",21.8,42.9
"Miller, Bryce",682243,2024,25,"31","180.1",704,654,131,84,25,1,21,171,45,24.3,6.4,".200",".338",".254","0.592","85",".226",".414",".260",".301",".279",".188","71.8",24.5,12.3,9.6,33.5,26.1,"7.2",21,9.2,-0.6,55.5,31.7,"90.3","16.3",32.8,9.8,41.2,"80.650222167","94.328141625",24.4,48.9
"Petersen, Michael",656848,2026,32,"50","51.1",206,182,32,18,8,1,5,62,22,30.1,10.7,".176",".313",".272","0.585","31",".184",".352",".264",".280",".279",".168","72.1",24.5,8.6,6.3,27.3,19.8,"7.2",7,9.8,0,56.2,31,"90.9","22",28.3,11.7,41.7,"81.593400833","94.48805125",29.3,50.3
"Núñez, Dedniel",673380,2024,28,"25","35.0",135,127,24,16,5,0,3,48,8,35.6,5.9,".189",".299",".237","0.536","34",".182",".322",".234",".242",".230",".140","71.5",22.4,10.4,7.1,26.8,18.3,"7.5",8,10.5,-3.9,53.2,30.5,"88.7","10.1",26.6,10.1,38,"76.682341795","94.547358974",34.7,57.6
"Brebbia, John",605154,2023,33,"40","38.1",161,144,31,17,7,1,6,47,14,29.2,8.7,".215",".403",".280","0.683","26",".208",".389",".287",".282",".274",".181","70.6",18.3,13,9.9,38.9,29.6,"7.2",1,9,1,50,31.8,"90.7","21.3",31,10,44,"81.2441848","94.4502274",27.4,47.6
"Winn, Keaton",676775,2024,26,"12","55.1",238,209,56,32,10,5,9,48,20,20.2,8.4,".268",".493",".338","0.831","21",".269",".487",".354",".361",".343",".218","71.7",25.2,17.4,13.2,36,27.2,"7.4",3,10.3,-2.3,51.8,32.9,"93.1","8.7",34.5,8.9,50.6,"83.763880641","96.123965",25.2,52.5
"Pallante, Andre",669467,2026,27,"23","130.0",564,515,128,93,24,1,10,97,41,17.2,7.3,".249",".357",".310","0.667","86",".250",".374",".298",".305",".314",".124","72.1",26.6,13.4,10.9,34.1,27.8,"7.1",24,7.9,2.7,45.4,32.6,"87.4","5.8",31.2,5.3,34.5,"75.849779904","93.608066988",21.4,44.9
"Fleming, Josh",676596,2024,28,"25","31.1",138,123,34,25,6,0,3,17,14,12.3,10.1,".276",".398",".355","0.753","11",".253",".378",".334",".324",".335",".126","71.9",26,14.9,12.2,31.7,26,"7.4",0,10.4,-0.6,50.5,33.9,"86.6","6.6",23.6,3.8,33.3,"74.968682692","93.077588462",18.8,46.8
"Pivetta, Nick",601713,2023,30,"38","142.2",587,528,110,55,31,1,23,183,50,31.2,8.5,".208",".402",".283","0.685","75",".218",".421",".296",".309",".293",".203","71.7",25.8,14,9.9,31.3,22.1,"7.3",17,10.7,-2,56.4,31.6,"90.5","13.4",40.1,11.8,43.8,"80.327621156","94.780976127",29.6,48.9
"Soriano, George",666277,2026,27,"55","53.1",230,202,44,25,10,0,9,54,23,23.5,10,".218",".401",".300","0.701","35",".232",".412",".306",".323",".318",".180","72.4",32.4,14.2,10.2,32.7,23.5,"7.6",7,12.7,-6.8,56.9,32.6,"90.7","14.4",29.1,9.9,42.7,"80.672630267","94.755549664",29.6,48.1
"Spence, Mitch",687765,2024,26,"35","151.1",651,598,165,101,41,3,20,126,44,19.4,6.8,".276",".455",".331","0.786","63",".248",".419",".340",".318",".306",".171","72",25.4,15.4,12.2,33.8,26.8,"7.4",18,11.7,-3.9,52.5,32.8,"89.5","9.6",30.9,8.4,41.7,"78.960464768","94.185021142",22.5,50.6
"Woodford, Jake",663765,2023,26,"15","47.2",222,194,61,35,13,2,11,29,22,13.1,9.9,".314",".572",".387","0.959","25",".298",".531",".404",".392",".377",".233","71",17.6,19,17.6,38.1,35.3,"7.2",2,9.9,-0.2,52.8,31.5,"92.1","5.8",35.1,11.4,49.4,"82.348462048","95.586837108",15.8,41.7
"Dodd, Dylan",689266,2026,28,"35","38.1",148,133,21,11,6,0,4,40,12,27,8.1,".158",".293",".238","0.531","17",".193",".318",".237",".261",".270",".125","72.4",29.8,7.1,5.2,23.9,17.5,"7.3",3,10.8,-2.9,52.8,30.2,"88.4","25",37.2,6.4,36.2,"78.579600435","93.15335913",27.8,53
"Morejon, Adrian",670970,2026,27,"57","66.1",271,248,53,43,7,0,3,80,18,29.5,6.6,".214",".278",".277","0.555","28",".206",".276",".247",".242",".270",".069","71.2",21,10.1,6.7,30.9,20.6,"7",10,5.7,5.2,45.6,32.2,"87","0.7",27.8,1.8,32.5,"75.194380952","93.418286786",34.1,52
"Wacha, Michael",608379,2023,31,"24","134.1",553,505,113,65,32,1,15,124,43,22.4,7.8,".224",".380",".288","0.668","112",".246",".427",".291",".319",".308",".181","71",20.3,14.4,10.9,33,24.8,"7.5",2,13.5,-6.5,44.3,33.4,"88.1","18.5",38.6,7.3,35.5,"77.384295812","93.517212696",24.6,47.9
"King, John",667463,2024,29,"56","60.0",248,225,58,47,6,0,5,38,14,15.3,5.6,".258",".351",".296","0.647","20",".251",".388",".280",".308",".298",".137","71.4",20,14.2,11.9,38.4,32.2,"7.3",6,7.4,2.4,45.5,34.8,"88.5","1.2",27.2,6.2,36.9,"77.765392083","93.815951302",17.5,50.6
"Peralta, Freddy",642547,2023,27,"30","165.2",680,617,131,75,30,0,26,210,54,30.9,7.9,".212",".387",".282","0.669","89",".211",".364",".291",".284",".280",".153","71.3",23.6,10.5,6.9,26.9,17.7,"7.2",13,9.7,-2.4,47.8,32.4,"87.6","14.6",32.3,8.6,37.7,"75.952795517","93.704981926",33.6,47.8
"Duran, Jhoan",661395,2023,25,"59","62.1",255,222,46,32,8,0,6,84,25,32.9,9.8,".207",".324",".298","0.622","17",".182",".289",".271",".251",".276",".107","69.7",14.5,9.8,6.5,32.3,21.5,"6.8",5,4.1,10,39.1,32,"89.2","-3.7",21.1,7,38,"77.74989913","94.47050942",35.4,51.4
"Griffin, Foster",656492,2026,30,"24","138.1",566,521,120,76,21,1,22,125,33,22.1,5.8,".230",".401",".285","0.686","103",".253",".417",".301",".315",".307",".164","72.6",32.2,16,12.5,29.8,23.4,"7.3",23,8.7,0.7,48.3,33.1,"88","12.7",36.8,9,38.3,"75.771235685","94.149518503",23.7,48.5
"Okert, Steven",595345,2024,32,"44","35.1",160,139,37,23,7,1,6,33,16,20.6,10,".266",".460",".352","0.812","14",".226",".399",".347",".313",".321",".172","70.9",22.6,11.7,9.1,30.7,23.9,"7.4",4,11.9,-5.7,55.7,32.7,"85.5","19.7",37,8.3,29.6,"74.045914231","92.501172981",23.6,45.5
"Santillan, Tony",663574,2025,28,"80","73.2",301,265,53,33,11,2,7,75,29,24.9,9.6,".200",".336",".290","0.626","22",".244",".404",".280",".322",".329",".160","71.4",20,16.2,12.1,31.7,23.5,"7.1",9,8,2.7,50.1,31.4,"91.8","17.4",35.1,8.4,45.5,"81.403418298","95.576007872",27,49.7
"Hernández, Jonathan",642546,2024,27,"29","43.1",192,160,41,26,8,1,6,39,28,20.3,14.6,".256",".431",".366","0.797","22",".239",".407",".348",".337",".353",".169","71.5",24.1,13,9.4,30.4,21.9,"7.7",9,13.4,-8.5,52.3,34.6,"89.2","6.9",33.9,8.9,39.5,"78.601073871","94.181991138",30.1,46.7
"Scott, Tanner",656945,2024,29,"72","72.0",294,251,45,35,7,0,3,84,36,28.6,12.2,".179",".243",".285","0.528","35",".200",".298",".241",".272",".303",".098","71.8",23.8,5.9,4,24.2,16.6,"7.2",11,6.4,3.4,41.8,34.1,"84.3","11.1",30.4,4.7,27.5,"71.83934775","92.406937563",32.7,51.8
"Liberatore, Matthew",669461,2023,23,"22","61.2",275,241,66,37,22,2,5,46,25,16.7,9.1,".274",".444",".349","0.793","32",".284",".490",".341",".370",".363",".206","71.8",26.9,13.6,11.3,29.2,24.2,"7.2",4,8.6,0.8,48.2,31.6,"90.1","12.1",35.7,8.5,42.7,"79.495381616","94.74873697",18.7,44.9
"Jump, Gage",695611,2026,23,"15","78.0",338,294,76,49,19,0,8,85,37,25.1,10.9,".259",".405",".343","0.748","29",".251",".381",".330",".318",".338",".129","71.7",22.2,14.3,11.1,31,24.1,"7.2",12,7.3,1.3,45,32.3,"89.5","15",38,5.6,39.4,"78.943549717","94.454081706",25.3,48
"Anderson, Grant",681982,2025,28,"66","69.2",299,264,59,42,8,1,8,74,29,24.7,9.7,".223",".352",".303","0.655","31",".243",".360",".287",".300",".321",".117","71.2",21.4,14.6,10.6,35,25.3,"7.2",14,9,-1.5,44.2,32.3,"88.8","12.2",32,5.2,38.1,"77.310534149","94.255863351",30.9,48.1
"Fermin, José",820862,2026,24,"38","41.1",178,154,32,20,7,0,5,49,20,27.5,11.2,".208",".351",".315","0.666","23",".221",".362",".300",".309",".326",".141","72.6",28.9,10.5,7.3,28.1,19.5,"7.5",4,11.3,-5.7,51.6,33.6,"90.5","8.9",27.6,8.6,41.9,"81.265847115","94.275588269",31.4,49
"Allen, Logan",671106,2025,26,"30","156.2",676,600,157,108,31,0,18,122,62,18,9.2,".262",".403",".334","0.737","80",".246",".421",".323",".326",".323",".174","72",25,16.1,12.8,33.5,26.6,"7.3",10,9,0,47.9,32.6,"88.6","12.9",32.8,9.1,37.5,"77.201543485","94.148613721",20.6,44.3
"Gibson, Kyle",502043,2023,35,"33","192.0",807,732,198,127,43,5,23,157,55,19.5,6.8,".270",".437",".322","0.759","134",".264",".445",".326",".333",".319",".181","72.2",29.7,20.4,15.3,39.9,30.1,"7.5",8,13.2,-5.1,51.4,33.4,"89.7","8.2",33.4,7.6,44.5,"78.377673356","94.787380789",25.4,45.6
"Eovaldi, Nathan",543135,2023,33,"25","144.0",577,521,117,70,27,5,15,132,47,22.9,8.1,".225",".382",".295","0.677","105",".232",".399",".296",".307",".302",".167","72.7",31.5,15.7,12.2,34.6,26.9,"7.4",7,12.1,-3,47.6,32.7,"88.9","6.4",30.1,7.9,43.1,"77.314907795","94.415751825",26.4,47.8
"Kolek, Stephen",663568,2026,29,"10","54.0",224,210,55,34,11,2,8,34,12,15.2,5.4,".262",".448",".308","0.756","24",".262",".380",".328",".303",".309",".118","71.9",23.3,14,11.4,32.8,26.7,"7.1",9,7.7,2.3,47.3,32.8,"88.5","10.3",33,6.9,36.9,"77.361764368","93.867281676",19.8,48.3
"Nola, Aaron",605400,2025,32,"17","94.1",404,371,99,59,19,3,18,97,28,24,6.9,".267",".480",".325","0.805","56",".246",".417",".346",".315",".306",".171","72.4",24.6,14.7,11.2,33.6,25.5,"7.6",13,13.2,-7.1,57.2,32.8,"89.4","12.7",35.3,9.1,43.3,"78.681702336","94.399605751",25.2,46.9
"Quintana, Jose",500779,2024,35,"31","170.1",717,634,150,96,29,3,22,135,63,18.8,8.8,".237",".396",".314","0.710","101",".254",".414",".312",".330",".331",".160","71.8",25.6,15.7,12.4,36.4,28.9,"7.4",22,9.9,-1.1,52.7,32.9,"88","10.7",32.9,6.7,38.2,"76.44604848","93.89600374",22.2,43.1
"Sands, Cole",663485,2025,27,"69","72.0",299,269,65,42,13,3,7,64,19,21.4,6.4,".242",".390",".297","0.687","34",".235",".403",".296",".306",".296",".169","71.7",22.9,13.6,10.8,33.4,26.5,"7.3",7,10.3,-2.4,57.4,32.8,"89.4","12.4",32.1,9.9,41.5,"78.396383942","94.410445845",22.2,48.5
"Rea, Colin",607067,2023,32,"26","124.2",517,468,110,66,18,3,23,110,38,21.3,7.4,".235",".434",".296","0.730","80",".250",".435",".313",".323",".311",".185","71.6",22.4,13.4,10.3,34,26.3,"7.2",9,8.9,1,50.4,33.9,"90.4","13",34.5,7.7,43.3,"79.914554222","94.82878625",24,47.9
"Chirinos, Yonny",630023,2024,30,"6","30.0",144,127,43,26,9,1,7,25,13,17.4,9,".339",".591",".410","1.001","15",".243",".438",".425",".335",".327",".195","71.6",19,12.5,10,35.2,28.1,"7.2",1,9.3,-0.3,59.5,31.5,"87.6","20",33,7.8,35,"76.401044314","93.547245743",20.7,46.8
"Farmer, Buck",571656,2024,33,"61","71.0",299,260,56,31,17,1,7,70,29,23.4,9.7,".215",".369",".309","0.678","43",".236",".404",".293",".317",".327",".168","71.2",22.1,13,9.8,30.2,22.8,"7.5",9,11.7,-5,52.9,32.5,"88.3","18.1",36.8,8.3,35.8,"77.568256211","93.605760895",26.1,45.9
"Perkins, Jack",678022,2026,26,"29","81.2",376,332,92,57,17,2,16,94,32,25,8.5,".277",".485",".352","0.837","29",".242",".401",".363",".318",".321",".159","71.6",26.3,13.4,10.1,32.8,24.7,"7.3",15,9.4,-1.6,51,32.3,"88.7","16.1",36.4,9.1,37.1,"78.23901","93.644705588",26.8,48.2
"Kay, Anthony",641743,2026,31,"25","121.1",541,465,119,80,20,3,16,98,44,18.1,8.1,".256",".415",".344","0.759","80",".262",".411",".336",".342",".353",".148","72.2",25.5,15.4,12.2,32.1,25.4,"7.4",19,11,-3.9,56.9,32.3,"88.4","11.9",34.7,8.6,39.9,"76.548158634","94.314029425",23.1,46.7
"Gaddis, Hunter",683769,2026,28,"48","41.1",182,161,39,30,4,0,5,41,17,22.5,9.3,".242",".360",".319","0.679","19",".257",".402",".304",".324",".332",".145","71.9",22.2,7.6,5.4,27.2,19.4,"7.4",9,12.4,-4.9,59.1,30.6,"86.5","20.7",36.1,9.1,30.6,"76.484517333","92.311953361",30.7,50.8
"Ortiz, Luis",682847,2025,26,"16","88.2",382,337,80,55,12,1,12,96,42,25.1,11,".237",".386",".322","0.708","26",".247",".441",".312",".336",".331",".195","72",24.6,17.4,12.6,35.9,26.1,"7.2",12,8.4,0.5,50,33.1,"91.8","9.4",32.9,10.4,47.7,"81.226247","95.788528",28.9,46.5
"Falter, Bailey",663559,2023,26,"18","80.2",347,326,94,59,17,1,17,60,20,17.3,5.8,".288",".503",".329","0.832","34",".276",".472",".354",".339",".318",".196","71.7",24.4,14.6,11.8,32.7,26.4,"7.3",5,10.7,-4.2,52.5,32,"89.6","14.8",34.1,9,39.3,"78.959150153","94.357570992",18.3,50.6
"Baker, Bryan",641329,2026,31,"49","47.1",189,170,27,17,7,0,3,55,16,29.1,8.5,".159",".253",".234","0.487","7",".197",".300",".221",".258",".271",".103","71.9",23.1,9.9,6.9,23.7,16.5,"7.4",4,12.4,-6.3,52.8,31.2,"87.1","16.6",33.3,6,35,"75.220127414","93.496541552",29.6,54.2
"Irvin, Cole",608344,2024,30,"29","111.0",492,450,132,81,28,5,18,78,29,15.9,5.9,".293",".498",".340","0.838","74",".285",".519",".357",".366",".334",".235","71.6",23.5,16.3,13.7,36.5,30.6,"7.3",4,10.3,-1.3,54.3,31.9,"89.9","15.3",38.8,12.7,40.9,"79.667176223","94.409981813",17,48.3
"Lively, Ben",594902,2023,31,"19","88.2",383,355,96,60,14,2,20,79,25,20.6,6.5,".270",".490",".324","0.814","48",".265",".474",".348",".341",".319",".209","70.9",14.4,14.2,11.9,44.2,36.9,"7.1",3,9.5,0.5,53.7,31.4,"89.1","14.3",38.4,8.4,36.2,"78.678613796","93.973515839",20.7,45.4
"Cruz, Fernando",518585,2023,33,"58","66.0",279,246,52,29,14,3,6,98,28,35.1,10,".211",".366",".295","0.661","15",".199",".370",".290",".289",".285",".171","70.8",22.6,11.7,7.5,34.5,22.1,"7.5",2,13.9,-12,48.3,31,"89.1","17",38.7,10.1,41.3,"78.436758378","94.143397162",34.5,48.9
"Enns, Dietrich",608650,2025,34,"24","46.1",200,183,50,36,7,1,6,49,15,24.5,7.5,".273",".421",".327","0.748","14",".250",".365",".318",".288",".306",".115","71.2",18.7,13.2,9.8,30.7,22.8,"7.1",6,8.1,2.6,48,31.6,"88.3","14.3",37.5,4.4,36,"77.332521692","93.773204846",27.2,54.1
"Dobbins, Hunter",690928,2026,26,"10","50.0",212,189,44,30,6,1,7,49,21,23.1,9.9,".233",".386",".316","0.702","28",".230",".357",".313",".300",".314",".126","72.4",25.1,13,10.1,32.3,25.1,"7.3",3,11.1,-2.8,52.3,33.4,"88.2","11.3",35,6.4,38.6,"77.144261","93.740734071",22.9,45.1
"Soriano, George",666277,2025,26,"24","36.2",173,150,46,28,7,1,10,36,19,20.8,11,".307",".567",".390","0.957","24",".309",".540",".405",".402",".394",".232","72",27.3,17.1,13,31.6,24,"7.5",6,11.8,-3.5,56.1,33.5,"88.7","9.1",43.5,14.8,44.3,"76.067869138","94.966557826",26,46.7
"Henry, Cole",669371,2025,25,"57","52.2",241,196,43,28,8,0,7,52,32,21.6,13.3,".219",".367",".358","0.725","20",".212",".366",".328",".326",".355",".154","71.2",19.1,13.3,10.1,33.5,25.3,"7.2",8,10.4,-2.3,58.3,30.3,"88.8","23.3",31.5,7.5,37,"77.547687397","94.270835034",25.6,42.8
"Cueto, Johnny",456501,2023,37,"13","52.1",218,199,51,28,6,0,17,39,15,17.9,6.9,".256",".543",".317","0.860","26",".251",".492",".362",".346",".313",".242","71.8",21.8,11.8,9.4,29.6,23.6,"7.1",2,10.1,0.5,51.1,33.4,"88.2","16.9",37.3,10.6,36.6,"77.124512875","93.840066352",19.3,52.4
"Snider, Collin",676092,2024,28,"42","41.2",169,156,36,23,8,0,5,47,13,27.8,7.7,".231",".378",".290","0.668","20",".249",".410",".288",".312",".307",".162","70.7",18.8,12,8.7,25.9,18.8,"7.1",5,8.6,-0.7,47.5,31.6,"85.7","16.7",37.6,10.2,36.7,"72.702452407","93.378800187",30.2,52.4
"Barnes, Jacob",606930,2024,34,"63","66.0",277,252,67,43,13,1,10,55,20,19.9,7.2,".266",".444",".314","0.758","48",".276",".474",".323",".342",".327",".198","71.9",25.9,11.6,8.9,33.5,25.7,"7.3",8,8.9,1,54.1,31.7,"89","12.8",43.6,6.4,41.6,"78.397904851","94.027718911",25.1,49.2
"Junis, Jakob",596001,2024,31,"24","67.0",253,241,49,28,12,1,8,51,8,20.2,3.2,".203",".361",".237","0.598","26",".250",".430",".259",".309",".282",".180","72",25.6,15.5,12.2,38,29.8,"7.4",8,11,-2.1,56.4,33.2,"90","15.1",35.1,8.4,42.4,"80.314726458","94.199237487",24.6,47.8
"Schultz, Paxton",687606,2026,28,"27","32.1",153,137,43,30,7,1,5,32,12,20.9,7.8,".314",".489",".371","0.860","15",".276",".453",".372",".342",".338",".177","71.8",27.2,14.1,11.7,33.8,28,"7.2",4,8.2,0.2,52.8,31.2,"91","20.2",35.5,8.4,39.3,"82.112614528","94.211306095",18.7,44.8
"Holmes, Clay",605280,2024,31,"67","63.0",271,242,60,44,12,0,4,68,22,25.1,8.1,".248",".347",".315","0.662","14",".223",".335",".292",".284",".295",".112","71.5",24.4,12.2,8.8,30.5,22,"7.5",9,11.4,-4.2,51.6,32.2,"88.8","0.3",24.2,5.6,36.5,"78.056312727","94.037651657",30.2,44.9
"Megill, Tylor",656731,2024,28,"16","78.0",337,298,70,46,15,1,8,91,32,27,9.5,".235",".372",".315","0.687","46",".233",".399",".304",".318",".316",".166","71.1",21.4,12.8,9.5,30.7,22.7,"7.2",15,8,2.2,48.3,31.8,"88.9","12.3",36.4,10.2,42.6,"77.633376214","94.285350976",28.6,49
"Koenig, Jared",657649,2024,30,"55","62.0",265,236,54,44,5,1,4,63,23,23.8,8.7,".229",".309",".308","0.617","25",".225",".373",".273",".298",".304",".148","71.7",24.8,10.6,8.3,30.6,24,"7.2",4,7.9,0,48.9,32.5,"87.5","10.5",28.2,8,35.6,"76.065423176","93.584806294",22.4,47.5
"Nicolas, Kyle",693312,2024,25,"51","54.2",244,205,51,40,7,0,4,55,32,22.5,13.1,".249",".341",".357","0.698","30",".233",".365",".315",".325",".348",".132","70.5",16.4,10.3,7.7,33.9,25.1,"7.1",7,8.2,2.1,51.7,30.7,"90","10.8",34,8.5,40.5,"80.218110263","94.167130662",28.2,45.9
"Irvin, Cole",608344,2023,29,"24","77.1",336,305,78,51,15,1,11,68,21,20.2,6.3,".256",".420",".315","0.735","35",".276",".491",".318",".356",".336",".216","71.1",21,11.1,8.5,31.3,24,"7.2",0,8.1,2.5,40.4,33.6,"88.5","12.2",39.6,10.9,34.6,"77.457432185","93.945420633",20.8,50.5
"Muller, Kyle",666205,2023,25,"21","77.0",372,324,112,73,22,1,16,56,39,15.1,10.5,".346",".568",".416","0.984","32",".310",".547",".417",".401",".388",".237","71.8",25.4,15.4,12.3,31.9,25.4,"7.4",3,8.5,1.2,50.9,33.2,"92.1","12.8",35.4,10.9,49.6,"81.514482868","95.88538107",21.2,48.4
"Chivilli, Angel",683409,2025,22,"43","58.2",275,246,76,51,12,0,13,43,23,15.6,8.4,".309",".516",".382","0.898","28",".270",".478",".387",".356",".347",".208","71.4",21.3,16.8,12,38.1,27.2,"7.6",5,13.3,-7.4,47.5,33.5,"89.9","5.6",31.5,9.9,42.9,"78.22648598","95.137926207",29.7,50.1
"Kittredge, Andrew",552640,2024,34,"74","70.2",287,263,60,37,12,1,10,67,20,23.3,7,".228",".395",".280","0.675","38",".247",".424",".289",".313",".299",".177","71.6",23.7,12.2,8.9,35.6,26.1,"7.4",12,12,-4,58.1,33.1,"88.9","11.8",33,8.5,39.5,"78.235916364","94.033771218",27.8,53.5
"Kluber, Corey",446372,2023,37,"15","55.0",257,232,69,34,16,2,17,42,21,16.3,8.2,".297",".603",".366","0.969","33",".268",".547",".407",".375",".339",".279",,,,,,,,,,,,,"89","19.4",40,12.1,40.5,"77.692312","94.303880688",20.9,48.9
"Kinley, Tyler",641755,2026,35,"48","42.0",179,155,35,20,6,0,9,42,20,23.5,11.2,".226",".439",".320","0.759","25",".203",".364",".324",".287",".301",".161","70.9",17.8,12.1,9.1,32.2,24.2,"7.8",7,16.3,-12.6,56.7,33,"85.6","21.9",34.8,7.9,28.7,"73.954567719","92.716873894",28,44
"Mahle, Tyler",641816,2025,30,"16","86.2",346,316,69,51,12,1,5,66,29,19.1,8.4,".218",".310",".283","0.593","35",".253",".413",".265",".319",".316",".160","71.7",24.3,13,9.9,32.9,25.2,"7.3",4,11,-0.9,53.4,30,"88.5","14.4",37.8,8,37.1,"77.65269832","93.80845964",23.2,49.9
"Frías, Luis",666818,2023,25,"29","31.0",139,120,30,16,11,0,3,26,17,18.7,12.2,".250",".417",".353","0.770","19",".250",".427",".339",".344",".353",".176","72.3",24.9,12,9,27.1,20.3,"7.6",3,14.1,-6.1,51.3,35,"89.7","15.9",30.9,8.5,38.3,"78.762276596","94.472970532",26.4,48.4
"Maeda, Kenta",628317,2024,36,"29","112.1",485,442,124,76,25,1,22,96,31,19.8,6.4,".281",".491",".331","0.822","47",".254",".431",".351",".325",".311",".177","71.2",19.6,13.8,10.6,32.7,25.1,"7.5",14,13.1,-6,51.8,33.8,"88.4","17",36.9,8.2,36.1,"78.072138352","93.470683011",23.9,47.2
"Miller, Erik",669062,2024,26,"73","67.1",284,244,50,32,9,2,7,87,38,30.6,13.4,".205",".344",".313","0.657","31",".189",".304",".296",".280",".300",".115","70.5",17,12.1,8.5,29.4,20.6,"7.3",11,9.9,-0.9,49.3,32,"89.5","10.7",25.3,7,41.1,"79.08203359","94.208134167",30.6,43.5
"Woo, Bryan",693433,2024,24,"22","121.1",472,454,96,67,15,0,14,101,13,21.4,2.8,".211",".337",".237","0.574","72",".220",".350",".249",".263",".246",".131","71",17,12.1,9.2,36.2,27.7,"7",12,7,3,46.4,31.6,"88.8","15.6",29.9,4.8,35.2,"78.763161534","93.508315157",23.6,53.3
"Stewart, Brock",592779,2025,33,"43","37.2",159,141,32,24,4,1,3,44,13,27.7,8.2,".227",".333",".310","0.643","28",".192",".303",".284",".259",".279",".112","71.7",20.8,8.4,5.9,26.7,19,"7.1",6,5.8,4.8,45.2,31.5,"86.5","21.3",29.6,4.1,32.7,"74.767168163","93.229603711",31.1,51.1
"Ottavino, Adam",493603,2024,38,"60","56.0",245,213,49,34,8,1,6,70,23,28.6,9.4,".230",".362",".324","0.686","30",".196",".322",".305",".281",".294",".127","70.7",17.8,10,7.5,29.9,22.5,"7.3",4,10.2,-2.2,44.4,32,"87.1","13.6",34,7.6,34.7,"75.411897639","93.510556364",25.7,43.5
"Hernández, Carlos",672578,2023,26,"67","70.0",301,266,62,33,17,2,10,77,32,25.6,10.6,".233",".425",".316","0.741","32",".249",".438",".319",".332",".330",".189","71.4",22.2,12.3,8.9,32.7,23.6,"7.3",6,10.3,0.5,57.9,31.4,"90.2","17.7",40.3,10,44.5,"80.354731579","94.334811799",30.4,51.8
"Gilbert, Logan",669302,2026,29,"24","145.1",571,527,111,58,34,0,19,152,33,26.6,5.8,".211",".383",".262","0.645","68",".233",".397",".281",".297",".285",".163","71.9",26.8,12.8,9.1,33.6,23.9,"7.4",24,10.9,-5.9,52,31.9,"89.9","17.2",36.7,10.2,41.5,"79.491111277","94.449467413",30.1,50.8
"Svanson, Matt",694335,2026,27,"41","43.1",207,180,55,39,11,0,5,41,21,19.8,10.1,".306",".450",".379","0.829","24",".301",".467",".364",".369",".377",".166","72.3",29.5,14.4,11.9,34.2,28.3,"7.1",8,7,3.4,48.4,32.7,"90.7","16.8",38.5,7,44.8,"80.273224507","94.915151197",18.8,48.7
"Pérez, Eury",691587,2023,20,"19","91.1",374,337,72,33,22,2,15,108,31,28.9,8.3,".214",".424",".282","0.706","31",".204",".400",".303",".294",".276",".196","71.7",24.1,10.7,7,31.5,20.7,"7.5",2,14.7,-11.2,55.9,30.9,"89.8","23.5",36.1,10.8,40.3,"79.350598246","94.443128282",33.7,49.9
"Parker, Mitchell",680730,2025,25,"33","164.2",725,653,178,106,43,4,25,103,58,14.2,8,".273",".466",".331","0.797","74",".297",".507",".342",".370",".355",".210","72.1",26.7,19.3,15.9,37.3,30.8,"7.2",27,9.1,-0.5,50.9,30.4,"92.3","14.7",37.5,9.7,50,"82.502658484","95.835160597",19.6,51.2
"Domínguez, Seranthony",622554,2024,29,"63","58.2",255,231,52,31,8,1,12,68,21,26.7,8.2,".225",".424",".294","0.718","16",".207",".414",".312",".303",".279",".207","71.4",22.9,8.2,6.3,27.4,21,"7.4",9,9.6,-2.3,50.2,32.2,"86.9","16.3",35.4,12.2,32.9,"75.348082346","93.230323272",26.4,47.4
"Kikuchi, Yusei",579328,2024,33,"32","175.2",736,683,167,118,23,1,25,206,44,28,6,".245",".391",".291","0.682","84",".235",".404",".297",".301",".283",".169","71.9",26.3,14.8,10.7,32,23.2,"7.2",29,7.1,2.7,45.8,32.2,"90.1","14.2",33.5,9.7,45,"79.146503958","94.844128643",29,48.4
"Winans, Allan",642216,2023,27,"6","32.1",141,129,37,23,8,1,5,34,8,24.1,5.7,".287",".481",".333","0.814","28",".260",".417",".344",".318",".313",".157","71.6",20.3,17.1,13,33.1,25.1,"7.5",3,14.2,-9.3,51.5,33.3,"89.3","13.9",36.1,8.2,39.2,"79.051414082","93.888441959",25.2,47.6
"Wicks, Jordan",696136,2023,23,"7","34.2",147,131,33,19,9,0,5,24,11,16.3,7.5,".252",".435",".306","0.741","33",".250",".406",".317",".311",".308",".156","72.2",24.8,12.5,9.7,33.2,25.6,"7.3",1,10.3,-2.1,52.9,34.8,"88.1","7.4",30.4,6.3,33,"78.138655455","93.112259908",23.3,46.3
"Vargas, Carlos",672841,2025,25,"70","77.0",331,297,81,58,12,1,10,54,23,16.3,6.9,".273",".421",".337","0.758","35",".246",".371",".327",".298",".315",".124","70.9",18.8,11.7,9.7,38.6,32,"7",10,5.4,5,45,32.9,"88.6","4.6",25.9,4.9,35.2,"77.933770083","93.844737137",18.9,48.7
"Cabrera, Edward",665795,2025,27,"26","137.2",581,519,121,80,24,0,17,150,48,25.8,8.3,".233",".378",".309","0.687","63",".238",".394",".303",".312",".315",".156","72",25.8,16.5,12,34.3,24.9,"7.5",28,12.9,-6.7,58.1,32.9,"90.3","9.4",31.1,8.6,46.4,"79.023723514","95.170167541",29.4,45.1
"Miller, Shelby",571946,2025,34,"48","46.0",186,164,33,23,5,0,5,54,15,29,8.1,".201",".323",".280","0.603","26",".226",".378",".260",".292",".302",".153","71.8",23.2,14.7,10.2,30.7,21.3,"7.2",4,8.3,1.4,49.1,31.1,"89.3","15.7",36.3,8.8,42.5,"77.622792143","94.659739196",31.7,50.5
"Hudson, Daniel",543339,2024,37,"65","63.0",253,232,46,27,8,1,10,63,19,24.9,7.5,".198",".371",".261","0.632","28",".213",".431",".274",".305",".275",".218","72",28,16.3,11.3,33.6,23.2,"7.4",9,11.3,-2.6,54.4,31.8,"90.4","18.1",30.6,12.4,49.4,"79.881588","94.914381059",32.3,50.6
"Machado, Andrés",600921,2023,30,"44","50.0",207,188,53,32,9,0,12,43,13,20.8,6.3,".282",".521",".328","0.849","25",".283",".516",".356",".356",".329",".234","71.4",23.1,13.8,10.4,26.3,19.8,"7.3",5,9.3,0.6,54,32.3,"87.8","10.1",38.7,11.3,39.3,"75.614672329","94.157285655",24,50.6
"Lugo, Seth",607625,2026,36,"25","139.1",593,532,146,90,35,5,16,108,46,18.2,7.8,".274",".449",".337","0.786","66",".277",".460",".343",".348",".341",".183","72.2",28,16.3,13.5,37.4,31,"7.3",13,10.5,-1.8,54.1,33,"90","14.5",36.6,8.4,43.1,"79.525404787","94.683383578",18.5,46
"Bradford, Cody",674003,2024,26,"14","76.1",308,293,64,41,9,4,10,70,13,22.7,4.2,".218",".379",".253","0.632","44",".230",".409",".273",".292",".264",".180","71.5",23.8,15.2,11.7,36.4,27.9,"7.2",5,10.3,-2.1,50.6,30.7,"88.8","17.8",35.3,8.9,34.8,"77.834812973","93.938793468",23.6,49.1
"Funderburk, Kody",681892,2024,27,"27","34.2",161,136,41,26,10,1,4,32,15,19.9,9.3,".301",".478",".381","0.859","26",".277",".422",".370",".353",".368",".145","70.1",13.6,13.1,9.8,35.6,26.6,"7",6,7.1,3.9,49.8,31.7,"87.8","6",35.8,7.3,34.9,"76.262524074","93.786688333",25,42.3
"Bradley, Taj",671737,2023,22,"23","104.2",460,416,106,55,25,3,23,129,39,28,8.5,".255",".495",".317","0.812","66",".238",".443",".344",".323",".305",".205","71.9",27,13.9,11.1,31.9,25.6,"7.1",2,9.9,-0.5,44,32.5,"91.2","17.1",37.5,10.7,46.4,"80.567778552","95.264802586",25,50.7
"Joyce, Ben",690829,2024,23,"31","34.2",142,124,26,23,2,0,1,33,14,23.2,9.9,".210",".250",".310","0.560","11",".208",".299",".263",".284",".308",".091","70.5",15.8,8.8,6.2,28.1,19.9,"7",4,4.7,6,41.6,31.8,"87.2","0.2",25.3,4.4,37.4,"74.868110889","93.832791556",29,49.7
"Soriano, José",667755,2024,25,"22","113.0",468,407,91,65,17,1,8,97,45,20.7,9.6,".224",".329",".311","0.640","51",".239",".379",".287",".319",".328",".140","71.6",22,14,10.9,36,28.2,"7.4",21,9.3,0,56.7,33.9,"89.9","-0.9",28.5,6.7,44.3,"78.912250382","94.75069",23.7,46
"Gray, Sonny",543243,2023,33,"32","184.0",754,689,156,111,34,3,8,183,55,24.3,7.3,".226",".319",".288","0.607","80",".240",".372",".270",".297",".302",".132","71.4",22.5,12.4,9.8,34,27.1,"7.2",20,9.4,0.7,55.8,32.5,"89.1","9.6",32.9,6.9,39.2,"78.435195138","94.126464752",26.1,47.7
"Greene, Hunter",668881,2024,24,"26","150.1",611,526,96,62,19,3,12,169,57,27.7,9.3,".183",".298",".283","0.581","65",".188",".314",".265",".275",".289",".126","71.5",20.3,7.4,5.4,25.1,18.4,"7.3",24,9.4,-1.3,48.8,31,"87.3","20.8",29,5.2,32.5,"76.321243094","93.167150497",29.7,50.6
"Swanson, Erik",657024,2024,30,"45","39.1",168,153,36,15,10,0,11,37,14,22,8.3,".235",".516",".304","0.820","25",".267",".479",".349",".351",".333",".212","71.1",22.7,17.4,13.3,34.8,26.7,"7.2",4,9.2,1,51.9,30.7,"92","12.8",38.8,12.1,50,"82.565098793","95.443421034",23.5,50.4
"Anderson, Tyler",542881,2024,34,"31","179.1",765,681,158,99,32,3,24,142,73,18.6,9.5,".232",".394",".311","0.705","84",".244",".423",".308",".326",".322",".179","72",24.4,13,9.4,33,23.8,"7.5",12,13.5,-7.4,50.9,30.7,"87.2","17.6",34.1,7.9,33,"76.273537333","93.1219435",27.8,49.3
"Oviedo, Johan",670912,2023,25,"32","177.2",781,678,161,96,41,5,19,158,83,20.2,10.6,".237",".397",".330","0.727","98",".245",".407",".319",".330",".339",".162","71.5",22.4,13.2,10.3,31.1,24.1,"7.5",13,11.4,-2.9,51.2,32.7,"88.6","11.9",32.2,7.6,40.2,"77.184773602","94.173687869",26,46.5
"Sasaki, Roki",808963,2026,24,"21","111.0",471,419,98,48,27,2,21,108,45,22.9,9.6,".234",".458",".315","0.773","58",".240",".403",".336",".319",".321",".163","72",27.9,13.5,9.7,31.9,23,"7.4",23,10.1,-2.7,55.8,32.4,"90","12.6",34.8,10.2,44.4,"79.197361806","94.601842484",29.7,49.7
"Wilson, Justin",458677,2025,37,"61","48.1",207,183,48,35,10,0,3,57,20,27.5,9.7,".262",".366",".340","0.706","32",".236",".363",".309",".296",".316",".127","71.8",26.1,11.9,8.1,28.2,19.1,"7.2",6,7.8,3,51.2,33.4,"89.2","12.9",35.2,7,35.9,"78.971586667","93.777462698",31.9,50.7
"Brito, Jhony",666745,2023,25,"25","90.1",372,336,82,48,18,2,14,72,28,19.4,7.5,".244",".435",".306","0.741","43",".247",".440",".318",".327",".312",".194","71.3",20.8,11.1,8.6,33.7,26.3,"7.3",3,11,-1.1,54.4,30.3,"88.6","14.1",30.6,9.1,36.9,"78.143114242","93.652918669",21.7,48.2
"Vodnik, Victor",680767,2025,25,"52","50.2",215,188,45,29,11,1,4,49,26,22.8,12.1,".239",".372",".330","0.702","26",".233",".394",".308",".317",".327",".161","71.8",28.5,17.3,12.8,35.7,26.5,"7.1",6,6.3,2.9,41.2,32.6,"91","4.1",31.4,8.6,48.6,"79.951584143","95.651511583",26.5,44
"Meyer, Max",676974,2026,27,"20","111.0",462,410,85,55,17,2,11,121,41,26.2,8.9,".207",".339",".289","0.628","82",".227",".375",".281",".304",".308",".147","72.3",27.4,14.1,10.5,33.3,24.9,"7.4",32,10.6,-2.4,54.9,33.2,"89.7","14.2",32.1,8.6,42,"79.25628469","94.442517612",28.6,46.7
"Cisnero, José",542585,2023,34,"63","59.1",267,233,63,43,9,1,10,70,25,26.2,9.4,".270",".446",".351","0.797","36",".247",".432",".344",".332",".332",".185","71.6",21.2,16.5,12.2,30.9,22.8,"7.2",7,9.7,-1.7,53.6,34.2,"90.1","14.3",31.9,9.6,44.6,"78.654910244","95.094546098",25.3,48.6
"Johnson, Pierce",572955,2025,34,"65","59.0",238,215,52,35,8,1,8,59,19,24.8,8,".242",".400",".303","0.703","27",".228",".395",".302",".297",".294",".167","71.5",21.2,18.6,14.3,35.1,27.1,"7.3",10,8.8,-1.1,53.3,32.9,"90.4","17.2",37.7,8.8,42.8,"80.649012025","94.362369045",26.2,44.2
"Rodón, Carlos",607074,2024,31,"32","175.0",736,667,157,90,32,4,31,195,57,26.5,7.7,".235",".435",".304","0.739","123",".224",".429",".320",".316",".294",".206","71.9",25.2,12.5,9,31.3,22.5,"7.4",34,10.6,-2.2,53.6,31.6,"90.4","18.1",34.6,11,40.9,"80.220048043","94.543522745",30.1,49.4
"Rogers, Taylor",573124,2024,33,"64","60.0",249,224,53,32,13,1,7,64,22,25.7,8.8,".237",".397",".309","0.706","20",".213",".338",".309",".282",".289",".125","70.2",14.8,9.9,7.8,30,23.8,"7.3",8,10.4,-4.4,43.4,32.2,"86.7","12.3",32.3,6.3,32.9,"74.55486025","93.4377415",23.3,42.5
"Okert, Steven",595345,2025,33,"68","71.2",276,248,45,31,8,0,6,84,19,30.4,6.9,".181",".286",".242","0.528","30",".184",".326",".233",".253",".248",".141","71.5",21.7,11.7,8.1,31.5,21.7,"7.4",5,12.3,-6.3,50.1,31.4,"88.4","25.3",29.2,7.1,32.7,"78.437956506","93.270206747",32.8,51.3
"Thompson, Ryan",657044,2024,32,"67","66.1",272,252,64,47,8,4,5,52,15,19.1,5.5,".254",".377",".296","0.673","35",".254",".407",".290",".312",".299",".153","72.2",28.4,18.6,14.7,37.3,29.4,"7.2",8,6.7,1.7,42.1,34.5,"90","-0.5",26.5,7.4,44.6,"78.240616939","95.26022148",23,49.8
"Bibee, Tanner",676440,2025,26,"31","182.1",762,692,170,114,24,5,27,162,54,21.3,7.1,".246",".412",".308","0.720","97",".226",".385",".313",".297",".292",".159","71.7",24.4,13.8,10.7,32.1,24.9,"7.4",28,11.5,-3.8,49.7,31.8,"88.5","13.8",29.5,8.1,36.6,"77.497463523","93.884607443",23.8,46.3
"Morejon, Adrian",670970,2025,26,"75","73.2",286,263,49,41,5,1,2,70,17,24.5,5.9,".186",".236",".235","0.471","53",".222",".310",".208",".254",".268",".089","71.9",25.3,11.9,9.2,31.4,24.3,"7.1",10,6.7,2.8,44.1,31.8,"85.9","5.1",30.2,4,30.7,"73.965707188","92.96996724",23.8,48
"Hart, Kyle",606996,2026,33,"33","49.1",209,184,39,22,12,1,4,49,17,23.4,8.1,".212",".353",".285","0.638","24",".205",".329",".283",".273",".281",".124","71.9",20.7,11.6,9.1,30.6,23.9,"7.4",6,9,-2.5,47.5,34.5,"86.5","9.3",31.4,5.8,27.1,"75.482271791","92.853229549",22.7,43.8
"Weems, Jordan",607179,2024,31,"41","41.2",196,170,49,32,8,2,7,35,24,17.9,12.2,".288",".482",".383","0.865","17",".254",".442",".376",".351",".353",".188","71.2",19.3,12.9,10.6,33.7,27.9,"7.2",6,8.2,2.9,57.8,30.1,"89.7","15.1",33.3,8.9,43,"78.845853433","94.783032331",20.3,49
"Whitlock, Garrett",676477,2023,27,"22","71.2",304,285,82,49,18,2,13,72,13,23.7,4.3,".288",".502",".323","0.825","29",".268",".466",".350",".330",".305",".198","71.1",18.8,13.6,9.7,32.7,23.4,"7.4",2,10.3,-3,43.7,34.5,"90","11.8",37.5,10.2,42.6,"79.252217963","94.714280791",28.3,51.2
"Fried, Max",608331,2023,29,"14","77.2",311,289,70,55,8,0,7,80,18,25.7,5.8,".242",".343",".290","0.633","65",".215",".316",".279",".258",".265",".101","71.3",17.9,12.7,9.3,32,23.4,"7.4",3,9.8,-2.1,50.3,33,"86.5","4.8",23.7,3.8,32.7,"74.725411442","93.124307343",27.2,46.5
"Walker, Ryan",676254,2023,27,"49","61.1",263,233,61,40,13,0,8,78,24,29.7,9.1,".262",".421",".333","0.754","33",".209",".316",".328",".272",".288",".107","70",15.8,10.7,6.8,31.5,19.9,"7.6",5,12.4,-8.2,43.9,33.7,"85.1","10.9",32.7,4.4,26.4,"73.980325696","92.207661401",32,45.5
"Martinez, Nick",607259,2026,35,"23","138.0",552,524,130,87,25,2,16,78,20,14.1,3.6,".248",".395",".278","0.673","72",".277",".438",".293",".324",".308",".161","72.2",25.8,15.7,13.4,35.5,30.3,"7.3",10,10.7,-3.2,54.2,32.7,"87.2","17.3",34.4,7.1,33.3,"75.792222366","93.306325526",17.4,50.8
"Suarez, Robert",663158,2024,33,"65","65.0",258,240,52,38,7,0,7,59,16,22.9,6.2,".217",".333",".265","0.598","14",".216",".365",".262",".275",".265",".149","70.6",16,8.8,6.8,30,23,"7",4,6.1,5.3,53.2,31.4,"89","16",30.6,7.7,40.4,"78.547847","94.082984222",24.3,55.6
"Gil, Luis",661563,2025,27,"11","57.0",244,208,47,28,14,0,5,41,33,16.8,13.5,".226",".365",".332","0.697","34",".255",".420",".311",".342",".356",".166","72.3",28.1,13.2,10.5,35,27.8,"7.2",4,9.3,-0.1,51.3,30.3,"90.5","21.3",35.5,8.3,42.6,"80.108893882","94.765663491",21.5,44
"Santana, Dennis",642701,2026,30,"44","41.2",187,163,42,21,13,0,8,37,21,19.8,11.2,".258",".485",".349","0.834","11",".262",".454",".360",".350",".354",".192","72.1",28.2,13,9.7,34.8,26,"7.5",6,12.9,-6.4,51.3,33.2,"89.8","18.6",42.5,9.4,40.9,"80.168314444","94.050907857",25.8,49.8
"Woodruff, Brandon",605540,2026,33,"9","45.1",174,161,28,17,6,0,5,47,10,27,5.7,".174",".304",".224","0.528","20",".200",".358",".231",".263",".251",".157","72.4",27.4,12.4,9.7,29.6,23.1,"7.3",3,10.6,-3.5,55,30.7,"90","23.5",29.3,7.8,34.5,"81.369078621","93.62893",23.6,51
"González, Victor",624647,2023,27,"34","33.2",135,121,27,18,7,0,2,30,10,22.2,7.4,".223",".331",".296","0.627","14",".221",".333",".276",".279",".295",".112","71.1",26.1,0,0,25,19.6,"7.2",1,8.1,1,44.7,32.1,"86.6","0.8",29.3,6.5,29.3,"74.914297391","93.162344891",29.2,45.7
"Santos, Gregory",666619,2023,23,"60","66.1",289,267,69,58,8,1,2,66,17,22.8,5.9,".258",".318",".315","0.633","30",".245",".319",".283",".278",".303",".074","71.7",22.7,9.4,6.4,38.5,26.2,"7.5",1,10,-1.2,54.5,35.2,"88.9","2.9",32.8,1.5,34.8,"79.5073986","93.27311196",30,49.4
"Brieske, Beau",689225,2024,26,"46","67.2",282,246,55,36,11,3,5,69,30,24.5,10.6,".224",".354",".310","0.664","23",".215",".341",".291",".287",".303",".127","71.3",21.9,11.3,8.7,29.9,23.1,"7.4",8,9.6,-2.6,54,33.5,"89","14.8",31.5,5.6,35.9,"78.895350674","93.940923898",23.9,48.6
"Jiménez, Joe",641729,2023,28,"59","56.1",238,219,51,29,12,1,9,73,14,30.7,5.9,".233",".420",".284","0.704","25",".224",".420",".302",".301",".279",".197","71.5",20.4,13.5,9.4,31.7,22.1,"7.4",6,11.4,-5.4,56.6,31.9,"91.1","19.5",40.9,11.4,45,"80.989682568","95.213340748",32.2,51.1
"Richards, Trevor",670950,2023,30,"56","72.2",315,276,63,36,13,1,13,105,35,33.3,11.1,".228",".424",".317","0.741","36",".198",".373",".318",".293",".293",".176","70.6",17.1,14.8,10.1,35.6,24.4,"7.6",9,12.5,-10.8,45.4,31.5,"88.5","17.3",38.7,10.4,37.6,"77.59265093","93.89933936",37,47.6
"May, Dustin",669160,2026,28,"23","122.0",507,454,112,81,21,1,9,117,40,23.1,7.9,".247",".357",".317","0.674","61",".246",".376",".301",".310",".318",".130","72.1",26.2,13.7,10.8,34.2,26.9,"7.1",20,7.6,2.5,50.2,32.1,"90.2","11.4",34.9,6.8,45.5,"79.762319643","94.714865672",23,46.9
"Suarez, José",660761,2026,28,"42","58.2",258,227,63,42,15,0,6,60,25,23.3,9.7,".278",".423",".355","0.778","20",".250",".342",".343",".302",".332",".091","71.9",25.3,11.8,8.7,29.9,21.9,"7.6",6,12.6,-5.9,49.3,33.5,"88","16.2",35.3,2.4,32.4,"78.102962024","93.048872096",26.7,48.6
"Houck, Tanner",656557,2025,29,"9","43.2",203,179,57,39,8,0,10,32,17,15.8,8.4,".318",".531",".389","0.920","20",".293",".492",".395",".376",".371",".199","71.6",26,19.8,16,39.7,31.9,"7.3",8,9.7,-1.2,53,32.8,"91","6.8",35.6,8.1,46.3,"79.817193867","95.438010268",21.6,44.5
"Abbott, Andrew",671096,2025,26,"29","166.1",684,631,148,99,29,1,19,149,43,21.8,6.3,".235",".374",".285","0.659","86",".233",".385",".288",".294",".286",".152","72.2",27.3,11.4,8.8,29,22.3,"7.4",22,9.8,-0.6,49.6,31.3,"87.8","19.3",34.8,8,33.7,"77.083824","93.25435499",24,50
"Muñoz, Andrés",662253,2026,27,"48","45.1",192,172,38,28,4,0,6,72,18,37.5,9.4,".221",".349",".297","0.646","10",".211",".338",".289",".283",".290",".128","71.4",24.1,11.1,7.1,28,18,"7.6",15,10.9,-5.4,43.4,33.5,"88.1","7.9",32.7,8.9,41.6,"75.6527162","94.3529209",40.4,47.5
"Pérez, Martín",527048,2024,33,"26","135.0",590,533,151,101,28,0,22,107,49,18.1,8.3,".283",".460",".349","0.809","66",".274",".485",".351",".359",".341",".211","72.4",27.9,17.5,13.9,36.2,28.7,"7.5",5,11.9,-4.5,50.6,33.3,"89","11.2",34.3,8.6,41.5,"76.89241338","94.749829061",21,46
"Yarbrough, Ryan",642232,2024,32,"44","98.2",398,348,70,49,10,0,11,65,32,16.3,8,".201",".325",".289","0.614","37",".243",".395",".273",".322",".329",".152","70.8",18.5,12.2,9.6,33.4,26.3,"7.3",6,10.4,-4.3,44,33.2,"86","14.3",33.6,6.3,29.4,"74.845336738","92.615066512",21.1,47.4
"McGreevy, Michael",700241,2025,24,"17","95.2",400,373,100,69,15,4,12,58,20,14.5,5,".268",".426",".309","0.735","66",".274",".457",".318",".332",".315",".183","71.4",20.8,19.5,15.8,42.8,34.8,"7.1",7,8,2.8,49.3,32.9,"90.5","9",33.2,8.8,40.1,"79.891822152","94.840920349",19.2,45.9
"Anderson, Chase",502624,2023,35,"19","86.1",372,329,90,60,11,2,17,64,33,17.2,8.9,".274",".474",".350","0.824","41",".253",".440",".355",".337",".334",".187","71.7",24.9,11.1,8.9,30.7,24.5,"7.3",1,10.2,-3.3,56.1,32.6,"87.4","16.3",39.6,8.2,31.7,"76.521858485","93.166581629",21.6,46.2
"Chafin, Andrew",605177,2024,34,"62","56.1",246,211,52,42,5,0,5,70,31,28.5,12.6,".246",".341",".341","0.682","18",".221",".356",".301",".298",".322",".135","70.6",16.1,10.5,7.2,33.1,22.8,"7.6",10,12.7,-7.6,48.9,34,"88.5","15",37.5,6.3,34,"78.837670417","93.227958182",34.5,46.1
"Agnos, Zach",688642,2025,24,"30","31.1",137,119,31,15,10,1,5,19,16,13.9,11.7,".261",".487",".346","0.833","20",".277",".538",".357",".384",".364",".261","72.6",26.5,16.3,11.7,38,27.4,"7.4",4,12,-3.1,55.4,30.9,"89.6","14.9",31.4,13,44.1,"78.4800142","94.796081919",29.4,48.4
"Arrighetti, Spencer",681293,2025,25,"7","35.1",156,131,30,19,4,1,6,31,20,19.9,12.8,".229",".412",".340","0.752","7",".250",".426",".331",".356",".366",".177","72.8",33.3,19.7,14.7,35.3,26.4,"7.4",7,13,-5.3,55.5,32.3,"89.1","13.9",35.3,8.8,45.1,"76.925057843","94.953613663",27.4,43.7
"Gallen, Zac",668678,2024,28,"28","148.0",621,561,133,86,29,5,13,156,54,25.1,8.7,".237",".376",".308","0.684","112",".242",".390",".301",".311",".313",".148","71.8",24.8,14,10.6,35.2,26.6,"7.5",24,11.8,-5.1,51.7,33.7,"90","11.8",34.9,7.4,41,"79.81895601","94.40298237",26,44.2
"Rodriguez, Bradgley",699134,2026,22,"51","56.0",228,208,42,27,11,1,3,59,17,25.9,7.5,".202",".308",".261","0.569","29",".181",".263",".252",".227",".242",".082","72.6",32.9,8.1,5.7,25.5,17.7,"7.5",3,12,-5.5,43.8,32.6,"87","9.7",24.3,2.6,28.9,"76.914539867","92.582455436",28.9,50.7
"Latz, Jacob",656641,2025,29,"33","85.2",348,310,69,45,14,3,7,76,37,21.8,10.6,".223",".355",".305","0.660","36",".246",".395",".290",".315",".325",".149","71.7",25.2,15.5,11.1,33.6,23.9,"7.4",11,10.6,-2.7,54.3,30.6,"90","17.6",33.2,6.4,42.6,"79.249931624","94.595176581",29.4,49.2
"Rodriguez, Eduardo",593958,2026,33,"25","149.1",613,563,134,86,30,4,14,106,47,17.3,7.7,".238",".380",".297","0.677","85",".266",".443",".299",".333",".322",".177","72.6",29.7,13.7,11,32.1,25.8,"7.3",14,8.9,1.4,52.1,33.1,"87.9","15",35,8.3,35.2,"76.807413965","93.546481965",20.6,48
"Matsui, Yuki",673513,2024,28,"64","62.2",257,226,46,25,10,3,8,69,27,26.8,10.5,".204",".381",".284","0.665","46",".201",".335",".283",".271",".284",".134","71.7",22.8,12.4,8.5,30.3,20.8,"7.5",7,12.4,-5.6,55.7,32.2,"88.5","18.2",30.4,6.9,37.3,"77.502376296","93.964574969",31.9,50.4
"Chargois, JT",608638,2023,32,"46","42.1",174,151,35,19,13,0,3,35,18,20.1,10.3,".232",".377",".308","0.685","23",".226",".366",".297",".295",".306",".140","71.6",21.5,12,9.9,37,30.6,"7.2",3,9.1,-0.8,55.2,34.4,"87.7","4.2",34.5,4.2,34.5,"76.889727069","93.315827241",20.3,40
"Senga, Kodai",673540,2023,30,"29","166.1",694,606,126,88,21,0,17,202,77,29.1,11.1,".208",".327",".301","0.628","95",".222",".369",".282",".305",".314",".146","71.7",25.7,13,9.7,31.6,23.6,"7.4",10,10.9,-3.1,47.7,33.2,"89","12.8",31.5,6.9,40.6,"77.901311034","94.284814148",29.7,45.2
"Martinez, Justin",679885,2024,22,"64","72.2",308,267,59,46,10,1,2,91,36,29.5,11.7,".221",".288",".316","0.604","37",".216",".288",".269",".277",".317",".072","70.6",17.2,8.4,5.5,28.6,18.9,"7.2",10,8.4,0.6,37.3,33.3,"86.4","-0.3",27.9,2.8,31.8,"74.432244483","93.228166034",34.5,47.5
"Flaherty, Jack",656427,2023,27,"29","144.1",650,565,162,106,37,2,17,148,66,22.8,10.2,".287",".450",".370","0.820","97",".267",".422",".356",".343",".355",".155","71.4",22.3,15.3,11.5,34.2,25.8,"7.3",6,10.1,-3.9,49.1,33.3,"87.9","11.7",38.5,7.3,38.3,"76.595665118","93.759440071",26.6,44
"Sugano, Tomoyuki",608372,2026,36,"21","113.2",498,462,123,60,32,5,26,69,27,13.9,5.4,".266",".526",".306","0.832","73",".312",".570",".353",".395",".353",".258","73.3",33,19.2,16,37.9,31.7,"7.5",13,11.4,-4.1,57,33.7,"90.9","15.5",37.8,13.5,43.8,"80.492703819","95.164353451",18.2,46.2
"Rodriguez, Eduardo",593958,2025,32,"29","154.1",694,623,178,113,37,3,25,143,60,20.6,8.6,".286",".475",".347","0.822","100",".259",".430",".353",".328",".324",".172","72",26.9,15.1,11.8,33.9,26.5,"7.1",24,7.6,1.8,48.7,32.6,"88.2","16.3",35.8,8.2,35.2,"76.814734292","93.89951643",23,47.1
"Kolek, Stephen",663568,2025,28,"19","112.2",461,417,98,74,13,2,9,77,31,16.7,6.7,".235",".341",".296","0.637","66",".260",".406",".280",".321",".323",".146","72",26,18.8,15.7,36.8,30.7,"7.1",9,6.8,3.1,48,33.1,"91.1","7.4",32.9,6.1,48,"80.278387602","95.430454825",17.7,46.8
"Hernández, Jonathan",642546,2023,26,"33","31.2",147,125,35,25,5,1,4,34,15,23.1,10.2,".280",".432",".370","0.802","17",".239",".427",".348",".339",".342",".189","71.2",18.2,19,14.5,40.5,30.9,"7.6",0,13.2,-7.8,54.1,32.9,"88.6","10.9",30.9,10.8,40.4,"76.245600652","94.607047473",30,43.9
"Valdez, Framber",664285,2023,29,"31","198.0",808,728,166,107,37,3,19,200,57,24.8,7.1,".228",".365",".290","0.655","104",".248",".411",".287",".319",".312",".163","72.2",25,15.3,11.6,37.4,28.3,"7.4",9,10.4,-2.6,56.6,33.8,"91.5","4.2",30.9,8,45.6,"81.844590865","95.101299868",26.8,47.2
"Bello, Brayan",678394,2026,27,"18","83.2",385,347,96,69,15,1,11,67,28,17.4,7.3,".277",".421",".333","0.754","40",".294",".466",".328",".351",".349",".172","72.6",29.9,17.4,13.3,37.5,28.6,"7.5",8,12.8,-5.5,51.8,33.6,"90.1","6.6",33.2,8,42.3,"78.705120709","95.022227801",24.9,49.2
"Wheeler, Zack",554430,2026,36,"20","115.1",454,420,86,52,19,1,14,137,29,30.2,6.4,".205",".355",".260","0.615","68",".207",".317",".271",".260",".264",".110","71.5",21.2,11.8,8.3,29.2,20.5,"7.2",22,9.7,-1.3,45.1,33,"86.8","14",34,5.6,35.1,"74.910223099","93.37406412",31,50.2
"Stanek, Ryne",592773,2024,32,"63","55.1",241,212,48,32,6,2,8,67,25,27.8,10.4,".226",".387",".315","0.702","30",".202",".368",".307",".292",".295",".165","71.1",17.8,9.1,6.2,32.9,22.4,"7.3",8,9.8,-0.9,53.3,31.2,"90.2","19",34.2,9.6,41.8,"80.971384795","94.146185862",33.2,51.5
"Lugo, Seth",607625,2023,33,"26","146.1",604,563,140,89,29,3,19,140,36,23.2,6,".249",".412",".296","0.708","77",".256",".447",".306",".323",".304",".191","71.7",23.4,18.7,14.7,37.8,29.9,"7.2",14,9.5,-0.7,51.8,33.5,"90.7","9.9",34.6,9.7,44.2,"80.522905755","94.837821229",21.9,46.3
"Dana, Caden",702674,2025,21,"7","32.1",141,117,30,18,3,0,9,33,18,23.4,12.8,".256",".513",".350","0.863","11",".244",".422",".365",".338",".346",".179","72.4",30.4,13.5,9.8,30.8,22.4,"7.4",3,11.8,-4.7,54.8,31.4,"89.1","12.8",31.5,11.4,39.3,"78.462148182","94.224457701",28.2,42.3
"Burke, Brock",656271,2025,28,"69","61.2",257,228,58,40,7,3,8,52,18,20.2,7,".254",".417",".311","0.728","28",".249",".393",".308",".303",".310",".144","71.7",23.8,11.3,8.7,31.7,24.2,"7.3",3,9.7,-0.2,51.3,31.7,"89","8.4",31,7.1,40.8,"77.039255402","94.832949483",23.4,52.4
"Blackburn, Paul",621112,2024,30,"14","75.1",316,290,76,49,14,1,12,59,21,18.7,6.6,".262",".441",".317","0.758","50",".264",".439",".329",".333",".319",".175","71.9",26.1,12.7,9.9,31.7,24.8,"7.4",7,11.8,-3.3,53.1,33.5,"87.6","11",38.2,8.2,35.6,"76.755879741","93.20611319",23.5,47.8
"Lambert, Jimmy",669424,2023,28,"35","37.2",172,150,41,19,11,1,10,41,20,23.8,11.6,".273",".560",".363","0.923","7",".270",".497",".385",".363",".360",".227","71.2",19.8,20.3,15.4,36.2,27.5,"7.5",2,12.7,-8.2,40.2,33,"91.1","18.3",40,12.7,46.4,"79.735016296","95.85720963",27.1,45.2
"Gasser, Robert",688107,2026,27,"14","73.1",314,285,72,42,16,1,13,68,19,21.7,6.1,".253",".453",".314","0.767","45",".251",".408",".334",".316",".313",".156","72.4",29.2,11.6,9.1,27.6,21.8,"7.4",5,10,-3,54.3,33.6,"86.8","19.3",38.6,6.8,34.1,"75.311114404","93.208869631",22.2,50.7
"Anderson, Nick",623433,2023,32,"35","35.1",141,131,30,18,9,0,3,36,9,25.5,6.4,".229",".366",".277","0.643","18",".231",".402",".279",".293",".279",".170",,,,,,,,,,,,,"90.8","15.9",33.3,9.4,41.7,"81.434448125","94.446942105",27.8,48
"Alexander, Tyler",641302,2024,29,"23","107.2",455,419,110,66,20,1,23,90,24,19.8,5.3,".263",".480",".307","0.787","59",".256",".474",".335",".335",".304",".218","71.9",25,14.7,11.7,35.2,28.1,"7.2",5,10.1,-1.4,56.2,30.3,"88.4","21",36.6,9.8,37.2,"77.467554182","93.866581333",20.1,50
"Falter, Bailey",663559,2024,27,"28","142.1",589,531,138,86,34,1,17,97,45,16.5,7.6,".260",".424",".315","0.739","76",".264",".465",".320",".340",".321",".201","71.8",25.6,15.7,12.8,37.3,30.4,"7.1",15,8.3,-0.6,50.3,31,"90.1","17",36.6,9,41.3,"79.920380413","94.430660482",19.6,49.5
"Topa, Justin",623437,2023,32,"75","69.0",279,254,61,49,6,2,4,61,18,21.9,6.5,".240",".327",".295","0.622","25",".230",".325",".269",".271",".290",".095","70.4",14.9,8.9,7.2,28.6,23.1,"7.1",4,6.9,4.4,49.5,31.7,"87.5","2.6",26.9,3,36.5,"75.930174316","93.637479789",19.5,46.6
"Williams, Gavin",668909,2025,25,"31","167.2",704,615,130,83,23,1,23,173,83,24.6,11.8,".211",".364",".307","0.671","77",".231",".405",".299",".321",".325",".174","71.8",23.8,13.5,10.1,33.2,25,"7.3",34,9.5,-0.8,48.7,31.8,"90.4","9.8",35.3,9,44.3,"80.176453348","94.830091267",27.7,45.7
"Nunez, Anthony",689296,2026,24,"40","45.0",196,168,38,24,7,2,5,46,22,23.5,11.2,".226",".381",".321","0.702","28",".233",".398",".309",".317",".327",".165","71.7",22.3,13.9,10,31.9,23,"7.4",13,10.8,-3.8,51.2,32.1,"88.3","13.3",38.1,7.1,39.7,"76.963655902","93.918689918",32.1,47.5
"Cano, Yennier",666974,2025,31,"65","58.0",251,218,62,47,7,1,7,53,24,21.1,9.6,".284",".422",".360","0.782","22",".234",".351",".342",".299",".317",".117","72.2",27.4,12.5,9.6,32.1,24.9,"7.4",5,9.9,-0.7,56.6,34.2,"88.1","6.1",27.1,4.7,35.3,"77.245823494","93.617649337",23.5,45.2
"Alcantara, Sandy",645261,2026,30,"26","170.2",702,645,153,107,27,2,17,130,46,18.5,6.6,".237",".364",".294","0.658","96",".246",".365",".292",".295",".302",".119","72.1",25.4,12.8,10.1,32.5,25.7,"7.3",20,9.4,-0.6,51.5,33,"88.4","12.6",32,5.4,35.5,"77.713667451","93.597696876",21.6,51
"Orze, Eric",679358,2025,27,"33","41.2",178,156,38,26,7,1,4,40,19,22.5,10.7,".244",".378",".337","0.715","23",".214",".356",".317",".297",".313",".142","72.1",28.4,11.4,8.3,25.1,18.3,"7.4",4,12,-5.2,50.7,31,"86.9","17.3",36.2,7.9,30.2,"75.698965965","93.107698684",27,50.5
"Keller, Brad",641745,2024,28,"16","41.1",192,175,48,28,11,0,9,32,15,16.7,7.8,".274",".491",".339","0.830","9",".246",".457",".358",".337",".313",".211","71.5",20.8,15.4,12.4,35.3,28.5,"7.4",3,10,-0.8,56.8,32.9,"88.6","8.8",30.1,10.6,39.2,"77.014369718","94.317402908",21.1,46
"Senga, Kodai",673540,2026,33,"18","49.2",229,191,48,27,8,1,12,60,34,26.2,14.8,".251",".492",".371","0.863","22",".230",".400",".376",".337",".354",".170","72.1",25.5,13.9,10.5,31.2,23.5,"7.5",13,11.4,-5.4,46.8,32.7,"89.9","19.7",41.7,12.1,39.4,"79.853342","94.227106769",28.7,45.6
"Bassitt, Chris",605135,2025,36,"32","170.1",736,667,174,118,31,3,22,166,52,22.6,7.1,".261",".415",".325","0.740","89",".252",".400",".324",".316",".318",".149","71.4",22.4,15.3,12,32.5,25.5,"7.1",28,8.6,0.4,44.4,32.1,"87.7","10.5",34.5,8.5,36.6,"75.618546494","93.913717565",23.3,46.8
"Gaddis, Hunter",683769,2023,25,"11","42.0",182,161,41,23,11,1,6,24,14,13.2,7.7,".255",".447",".324","0.771","19",".230",".399",".331",".307",".304",".169","71",14.4,13.8,12.2,32.5,28.9,"7.2",0,10.7,-1.5,58.9,30.7,"89.3","23.4",35,5.7,35,"79.702619571","93.747651295",17.1,47.8
"Pérez, Eury",691587,2026,23,"22","122.2",494,435,87,52,21,1,13,133,49,26.9,9.9,".200",".343",".291","0.634","56",".208",".360",".285",".296",".300",".152","72.7",32,10.4,7.7,26.1,19.3,"7.5",22,11.7,-4.9,54.1,31.9,"88.3","19.3",30.9,9.2,39.8,"76.899164172","94.123096346",28.6,51.5
"Warren, Austin",681810,2026,30,"26","35.0",157,135,34,18,11,0,5,37,18,23.6,11.5,".252",".444",".350","0.794","11",".261",".435",".349",".349",".359",".175","72.2",26.2,17.6,13.5,32.4,24.9,"7.2",9,7.3,1.3,55.2,33.4,"90.1","12.5",48.5,13.4,42.4,"79.270577917","94.685573333",26.3,40.8
"Melton, Troy",675512,2025,24,"16","45.2",180,162,31,20,4,0,7,36,15,20,8.3,".191",".346",".263","0.609","26",".209",".406",".268",".297",".280",".196","71.4",19.7,16.1,12.6,37.4,29.3,"7.2",7,8.8,0.2,51.5,31.7,"90.8","14.2",32,8.6,49.2,"80.776966719","95.062617874",23.3,48.3
"Rodón, Carlos",607074,2025,32,"33","195.1",789,701,132,83,27,0,22,203,73,25.7,9.3,".188",".321",".272","0.593","137",".206",".351",".266",".285",".290",".145","72.5",29.6,13.6,9.6,32,22.7,"7.5",25,11.5,-3,54.6,32.7,"88.6","12.8",32.3,7.6,38.9,"77.269631895","94.179910283",30.3,45.5
"Flexen, Chris",623167,2024,29,"33","160.0",707,635,180,109,44,3,24,123,63,17.4,8.9,".283",".476",".349","0.825","66",".256",".452",".355",".339",".325",".197","71.5",23.4,13.6,10.7,35.2,27.7,"7.4",13,11.8,-4.2,55.1,31.5,"88.7","17.3",37,8.1,37.4,"77.948608016","93.935523035",22.7,46
"Valdez, Framber",664285,2025,31,"31","192.0",802,717,171,119,33,4,15,187,68,23.3,8.5,".238",".358",".308","0.666","79",".241",".370",".295",".303",".311",".129","72.3",26.2,19.3,14.6,38.3,29,"7.5",31,10.5,-3,50.4,34.2,"90.8","2.7",28.1,6.7,46.3,"79.964667978","95.300987092",26.6,47.3
"Vesia, Alex",681911,2025,29,"68","59.2",237,204,37,21,7,0,9,80,22,33.8,9.3,".181",".348",".272","0.620","37",".185",".346",".269",".274",".278",".161","71",20.5,10.9,7.6,23.3,16.3,"7.1",11,8.4,-1.3,52.2,30.5,"88.5","24.9",38.5,10.8,37.7,"77.218813968","94.182131587",30.7,50.2
"McCaughan, Darren",670766,2024,28,"12","42.0",195,171,53,34,9,1,9,28,15,14.4,7.7,".310",".532",".379","0.911","26",".269",".488",".390",".361",".346",".218","72.4",29.3,15.6,13.2,35.9,30.4,"7.4",2,12,-6.1,54.2,32.4,"89.1","19.5",37,8.3,39,"78.17978662","94.275604437",15.5,45.1
"Lowder, Rhett",695076,2024,22,"6","30.2",128,114,25,23,2,0,0,22,14,17.2,10.9,".219",".237",".305","0.542","11",".267",".383",".253",".326",".347",".116","71.9",25.8,17,13.6,36.3,29.1,"7.2",3,8.9,1,52.3,32.6,"90.2","12.5",34.8,3.3,41.3,"80.459548696","94.310800659",20.1,47
"Quantrill, Cal",615698,2024,29,"29","148.1",656,571,156,101,26,6,23,110,69,16.8,10.5,".273",".461",".361","0.822","97",".271",".444",".358",".355",".360",".174","71.5",23.2,13.5,10.6,32.6,25.5,"7.3",9,10.1,-0.6,51.3,33.1,"89.1","11.1",37.1,7.4,41.2,"77.92321026","94.354738243",21.6,45.7
"Ferguson, Caleb",657571,2023,26,"68","60.1",270,238,64,50,9,1,4,70,23,25.9,8.5,".269",".366",".352","0.718","40",".246",".334",".321",".303",".332",".088","70.7",20.7,13.8,10.6,34,26,"6.9",4,4.4,7.3,40.6,31.9,"89.3","9.1",29.6,3,39.1,"78.899408313","94.030250667",26.1,49.2
"Fedde, Erick",607200,2026,33,"26","109.2",479,430,115,75,17,1,22,77,40,16.1,8.4,".267",".465",".331","0.796","68",".259",".441",".344",".333",".325",".182","72.5",29.9,15.3,12.9,36.2,30.6,"7.3",14,9.8,-1.2,51.8,33.1,"88.7","15.5",34.7,7.9,40.1,"77.618451685","94.003566629",18,42.5
"Corbin, Patrick",571578,2025,35,"31","155.1",663,602,161,107,31,2,21,131,51,19.8,7.7,".267",".430",".326","0.756","89",".268",".439",".328",".336",".329",".171","72.4",29.9,17.5,13,36.1,26.9,"7.5",19,13.1,-6.4,52.4,33.5,"89.2","14.4",34.7,8.4,40.4,"78.287246481","94.301912618",26.9,46.3
"Horton, Cade",690990,2025,23,"23","118.0",476,433,95,67,17,1,10,97,33,20.4,6.9,".219",".333",".282","0.615","71",".236",".406",".273",".306",".298",".170","72",25.5,14.9,11.4,36.8,27.9,"7.4",14,9.5,-2.4,46,32.7,"89.7","14.3",33.3,10.1,41.3,"79.154849053","94.451553027",25.8,48.6
"Peterson, David",656849,2024,28,"21","121.0",510,453,110,79,22,1,8,101,46,19.8,9,".243",".349",".320","0.669","85",".259",".407",".299",".333",".337",".148","71.5",23.6,17.5,13.3,36.6,27.9,"7.2",17,7.7,3.3,45.2,33.4,"89.3","7.2",35.7,7.3,42.7,"78.331204972","94.426613853",25.6,47.8
"Flexen, Chris",623167,2023,28,"29","102.1",466,420,133,88,19,1,25,74,38,15.9,8.2,".317",".545",".376","0.921","66",".292",".512",".392",".372",".356",".220","71.2",21.7,14.6,11.9,37,30.1,"7.2",5,9.9,-0.8,50.2,31.4,"89.4","15.1",38.6,9.4,41.4,"78.528991782","94.275430661",22.3,48
"Sheehan, Emmet",686218,2023,23,"13","60.1",248,219,46,24,10,1,11,64,26,25.8,10.5,".210",".416",".294","0.710","52",".181",".380",".307",".287",".271",".200","71.4",21,10.5,7.2,27.9,19.1,"7.2",0,10.8,-3.8,45.8,31.6,"89.7","20.8",34.4,10.8,42,"79.762933165","93.986124459",29.6,51.5
"Junis, Jakob",596001,2026,33,"38","42.0",172,162,38,30,5,0,3,31,7,18,4.1,".235",".321",".279","0.600","2",".264",".391",".266",".304",".307",".127","71.9",27,10.5,8.6,35,28.8,"7.4",2,10.9,-2.5,51.5,33.2,"87.4","13.3",38.2,3.8,34.4,"76.718053182","93.148083053",19.4,47.4
"Mattson, Isaac",676755,2026,30,"36","34.2",166,146,40,24,13,0,3,34,18,20.5,10.8,".274",".425",".355","0.780","5",".288",".495",".344",".373",".368",".207","71.1",22.2,15.1,11.9,36.1,28.5,"7",2,6,4.1,45.1,31.3,"92","17.6",46,12.4,50.4,"82.874279455","95.376327818",21.7,49.5
"Cole, Gerrit",543037,2026,35,"15","86.2",353,331,75,44,19,1,11,92,19,26.1,5.4,".227",".390",".271","0.661","40",".237",".369",".288",".285",".281",".132","72",25.7,13.6,10.9,33.6,26.7,"7.3",10,8.8,0,52.6,32.2,"90.2","19.6",34.7,8.1,42.7,"80.628962991","94.13789359",21.7,48.1
"Faucher, Calvin",676534,2025,29,"65","60.1",255,225,53,40,4,1,8,59,24,23.1,9.4,".236",".369",".314","0.683","13",".263",".387",".302",".323",".339",".124","71.5",23.7,13,10.5,31.4,25.3,"7.1",14,7,4.8,48.9,32.8,"87.7","8.1",37.3,4.7,34.3,"76.544550714","93.486938024",23.7,42.5
"Schreiber, John",670167,2025,31,"74","64.0",265,244,57,34,12,1,10,62,19,23.4,7.2,".234",".414",".292","0.706","28",".245",".416",".305",".311",".302",".171","72",25.9,14.6,11.3,32.4,25.2,"7.2",6,7.5,1.6,47.3,32.8,"88.5","15.2",35,9.3,38.3,"77.339312637","93.948012265",23.4,47.7
"Puk, A.J.",640462,2024,29,"62","71.1",294,262,51,28,17,1,5,88,28,29.9,9.5,".195",".324",".276","0.600","28",".198",".301",".265",".262",".280",".103","71",20.3,8.3,5.9,28.7,20.5,"7.3",14,9.5,-2.6,47.8,32.1,"86.2","16.8",35.2,4,33.5,"74.536264828","92.955833678",31.8,49.3
"Henderson, Logan",701656,2026,24,"12","63.1",240,226,43,24,8,1,10,75,12,31.3,5,".190",".367",".234","0.601","38",".204",".337",".262",".256",".247",".133","72.1",26,13.1,9.5,27.4,19.8,"7.4",6,11.4,-6.3,49,32.8,"87.9","20.9",34.2,8.6,37.5,"76.173905333","93.928015467",28.1,53.9
"Thompson, Ryan",657044,2026,34,"46","40.2",186,168,51,35,13,0,3,29,13,15.6,7,".304",".435",".362","0.797","22",".275",".381",".345",".311",".336",".106","72.3",29.3,16.3,13.5,34.8,28.9,"7.3",4,7.5,-1.1,43.8,35.3,"88.3","7.5",33.3,4.3,34,"77.181734783","93.778151957",19.2,48.6
"Singer, Brady",663903,2023,26,"29","159.2",702,634,182,113,44,5,20,133,49,18.9,7,".287",".467",".341","0.808","96",".271",".455",".346",".339",".329",".184","72.5",26.5,19.1,14.6,38,28.9,"7.5",7,11.9,-3.3,49.5,34.2,"91","9",34.8,7.9,48.6,"80.379261107","95.275444743",22.7,45.6
"Gusto, Ryan",687473,2026,27,"16","53.2",237,220,57,34,13,2,8,49,14,20.7,5.9,".259",".445",".308","0.753","33",".263",".417",".327",".317",".312",".154","72.4",27.4,16.2,13.2,37.4,30.4,"7.2",12,9.2,0.6,48.7,32.1,"90.3","13.7",38.4,8.7,44.2,"80.701937326","94.245517326",21.2,49.4
"Rogers, Taylor",573124,2026,35,"51","45.0",208,179,51,37,10,1,3,39,21,18.8,10.1,".285",".402",".366","0.768","24",".248",".365",".337",".313",".337",".116","71.4",22.4,11.8,10,37,31.3,"7.3",6,11.8,-5.5,51.7,30.7,"86","14.9",40,5.5,26.9,"75.491928551","92.240167464",17.3,42.2
"Miller, Mason",695243,2025,26,"60","61.2",234,202,28,18,3,2,5,104,28,44.4,12,".139",".248",".246","0.494","16",".157",".279",".225",".249",".265",".122","70.2",14.6,7.1,4.2,23.7,14,"7.2",22,9.2,-0.5,42.4,30.3,"87.9","16.4",36.6,10,37.6,"77.092263878","93.484907835",45.2,49.9
"Romano, Jordan",605447,2025,32,"49","42.2",187,163,45,26,9,0,10,47,17,25.1,9.1,".276",".515",".348","0.863","26",".223",".417",".365",".313",".304",".195","72.1",26.1,15.9,11.3,34.3,24.4,"7.5",2,11.8,-4.2,56.1,31.5,"88.9","18.3",29.2,10,39.2,"77.842098","94.377039244",28.7,46.8
"Speier, Gabe",642100,2023,28,"69","54.2",216,200,47,33,7,0,7,64,11,29.6,5.1,".235",".375",".282","0.657","24",".238",".387",".278",".287",".287",".149","71.3",22.3,16.4,10.8,29.1,19.3,"7.3",9,9.6,0.9,47.1,33.8,"88.5","6.9",30.4,8.8,42,"76.446845882","94.689236667",30.8,52.8
"Jax, Griffin",643377,2025,30,"73","66.0",283,257,64,44,12,1,7,99,21,35,7.4,".249",".385",".307","0.692","34",".228",".358",".299",".282",".289",".131","71.6",24.9,15.7,10.3,30.5,20,"7.5",22,11.1,-4.2,55.3,33.2,"89.2","6.7",38.5,9.4,44.1,"77.109701392","94.907304747",37.3,50.6
"Webb, Jacob",657097,2024,30,"60","56.2",237,208,40,25,11,0,4,58,27,24.5,11.4,".192",".303",".287","0.590","27",".207",".351",".266",".290",".300",".145","70.8",17.8,10.2,7.6,29.1,21.8,"7.3",9,11.2,-3.8,52.6,30.5,"87.4","17.7",33.8,7.9,34.4,"76.061058133","93.4304094",27.4,49.6
"Lorenzen, Michael",547179,2026,34,"26","115.2",562,497,168,114,29,6,19,82,49,14.6,8.7,".338",".535",".398","0.933","54",".302",".495",".401",".374",".368",".193","72.3",29,18.8,15.5,38.6,32,"7.3",14,10.9,-2.9,48.3,32.6,"91.1","11.5",33.6,9.4,46.4,"80.623805403","95.364292085",18.1,44.3
"Blach, Ty",621389,2024,33,"20","71.1",330,301,103,65,20,1,17,36,18,10.9,5.5,".342",".585",".387","0.972","25",".312",".575",".413",".402",".362",".264","71.9",26.4,19.6,16.7,40.7,34.7,"7.3",4,8.5,2,45.9,34.6,"90.7","13.2",37.8,12.3,42.6,"80.23793542","94.980568206",14.8,50.1
"Arrighetti, Spencer",681293,2026,26,"17","88.0",386,317,68,46,10,0,12,87,50,22.5,13,".215",".360",".344","0.704","42",".238",".395",".321",".345",".366",".157","71.9",24.7,12.5,9.5,31.7,24,"7.4",8,13,-6.8,52.5,32.1,"87.3","18.1",38.7,7.7,30.6,"76.972483103","92.872766422",25.4,42.1
"Ross, Joe",605452,2025,32,"37","51.0",228,202,57,31,17,1,8,39,18,17.1,7.9,".282",".495",".344","0.839","22",".286",".520",".356",".373",".351",".234","71.2",21.1,13.6,10.7,31.5,24.7,"7.1",6,7.8,2,52,32.4,"89.3","11",38.1,11.9,43.5,"77.508137349","94.873628303",22.4,50.8
"Irvin, Jake",663623,2026,29,"15","71.1",313,271,66,41,13,0,12,72,31,23,9.9,".244",".424",".332","0.756","38",".247",".461",".333",".350",".339",".214","72.3",26.3,13.7,10.6,30.6,23.6,"7.3",7,11.9,-3.7,45.7,33,"88.8","17.1",35.5,12.3,43.8,"76.897837624","94.577947761",24,46.7
"Bird, Jake",656234,2023,27,"70","89.1",381,341,94,67,19,2,6,77,27,20.2,7.1,".276",".396",".336","0.732","46",".258",".410",".320",".328",".326",".152","71.3",21.5,13.6,11.2,41.2,34.1,"7.3",4,10.2,-1.9,46.8,34.6,"89.7","5.3",33,8.1,43.7,"78.730692222","94.68471237",21.1,45.6
"Stanek, Ryne",592773,2023,31,"55","50.2",213,190,42,26,8,0,8,51,21,23.9,9.9,".221",".389",".300","0.689","36",".218",".407",".300",".310",".300",".189","71.5",22.4,9.4,7,28.3,21,"7.4",3,11.8,-1.3,63.8,30.3,"90.1","22.5",32.9,7.1,44.3,"80.460036714","94.168075429",30.7,52.4
"Sasaki, Roki",808963,2025,23,"10","36.1",161,136,30,18,5,1,6,28,22,17.4,13.7,".221",".404",".342","0.746","30",".243",".472",".331",".362",".361",".230","71.4",20.3,14.6,11.9,37.3,30.4,"7.2",5,9.5,-0.7,51.3,33.8,"90.6","13.1",32.4,11.1,45.4,"80.793682037","94.617473458",22.1,43
"Farmer, Buck",571656,2023,32,"71","75.0",309,271,58,29,18,0,11,70,29,22.7,9.4,".214",".402",".296","0.698","26",".216",".410",".303",".310",".300",".195","70.6",16.8,10.1,6.7,32.4,21.6,"7.5",3,12.3,-5.9,51.9,31.3,"87.8","19.8",28.2,8.8,35,"76.605196569","93.628873498",30.3,47
"Romero, JoJo",668941,2026,29,"44","43.0",186,164,40,28,6,1,5,43,16,23.1,8.6,".244",".384",".326","0.710","17",".262",".433",".313",".337",".343",".171","71.8",23.7,23.2,18.7,42.8,34.4,"7.3",8,8.7,0.3,50,32.5,"91.3","9.2",36.6,8.2,43.1,"80.185425167","95.695288667",23.6,39.9
"Seymour, Ian",693855,2026,27,"39","96.1",399,358,78,42,17,4,15,115,31,28.8,7.8,".218",".413",".285","0.698","67",".223",".392",".299",".296",".292",".169","72",28.3,11.7,8.2,30.2,21.3,"7.4",9,11.3,-5,49.6,31.1,"88.2","21.5",34.9,10,37.8,"77.206351488","93.841052149",29.5,49.9
"Smith, Shane",681343,2025,25,"29","146.1",616,542,117,74,23,3,17,145,58,23.5,9.4,".216",".363",".305","0.668","75",".229",".383",".296",".310",".318",".154","71.8",23.4,13.9,10.4,33.5,25,"7.2",28,7.9,2.5,50.4,32.5,"90.3","13.3",35.4,6.8,45.4,"79.548236111","94.983409519",27.7,48.3
"Lyles, Jordan",543475,2023,32,"31","177.2",748,689,176,87,48,2,39,120,45,16,6,".255",".501",".305","0.806","109",".260",".483",".340",".338",".310",".223","72.6",31.9,15.7,12.7,33.3,26.9,"7.6",7,14.4,-7.3,57,33.1,"89","19.8",34.6,9.9,35.5,"78.646858035","93.749665333",20.1,48.1
"Gausman, Kevin",592332,2026,35,"25","139.0",588,539,139,96,23,3,17,138,38,23.5,6.5,".258",".406",".306","0.712","54",".247",".399",".311",".305",".298",".152","72.1",26.8,15.3,11.3,30,22.1,"7.5",20,10.4,-4.2,38.9,33.9,"88.4","16.1",34.5,7.3,39.2,"76.274402935","94.404276443",26.9,50.5
"Hader, Josh",623352,2026,32,"31","30.0",113,103,13,10,2,0,1,41,10,36.3,8.8,".126",".175",".204","0.379","10",".155",".234",".181",".214",".230",".079","71.6",21.7,7.3,4.8,26.3,17.4,"7.3",7,10.5,-2.5,53.6,30.4,"85.7","16.9",29,6.5,33.9,"74.038652581","92.725895645",36.5,53.5
"Gomber, Austin",596295,2024,30,"30","165.0",696,653,178,105,39,4,30,116,38,16.7,5.5,".273",".482",".312","0.794","78",".275",".501",".339",".350",".315",".226","71.9",24.4,16.8,13.5,37.1,29.7,"7.5",4,11,-3.2,49,33,"90.2","15",37.7,9.6,41.2,"80.036265299","94.432492071",19.9,48.3
"Hanifee, Brenan",669724,2025,27,"54","60.0",260,243,65,46,14,2,3,40,14,15.4,5.4,".267",".379",".312","0.691","30",".271",".417",".299",".315",".315",".147","71.5",24.9,18,15.3,40.1,34,"7.2",4,6.9,4.1,47.8,33.2,"90.5","4.1",29.9,6.9,44.6,"79.52943396","95.089713762",16.1,45.2
"Bernardino, Brennan",657514,2025,33,"55","51.2",225,190,39,30,8,0,1,43,27,19.1,12,".205",".263",".309","0.572","34",".210",".325",".256",".287",".318",".115","71.5",25.3,15.9,13.3,33,27.5,"7.3",7,10.1,-1.6,47.1,34.6,"87.6","9.5",28.5,7.3,35.8,"75.546172973","93.832306486",19.3,43.6
"Feltner, Ryan",663372,2023,26,"10","43.1",201,170,45,34,8,1,2,38,28,18.9,13.9,".265",".359",".373","0.732","22",".252",".366",".331",".332",".364",".115","71.6",22.6,6,4.8,24,19.4,"7.1",0,8.5,0.7,52.4,32,"86.1","13.7",33.8,4.5,29.3,"74.102836364","93.03714053",21.5,44.3
"Doval, Camilo",666808,2026,28,"51","46.2",213,179,43,30,6,0,7,47,25,22.1,11.7,".240",".391",".333","0.724","23",".214",".333",".318",".296",".319",".120","72.1",24.4,11.4,8.5,33.5,25,"7.5",8,10.5,-2.9,54.8,32.8,"90.5","6.9",25.4,6.6,47.1,"80.760930588","94.68049637",26.4,46.8
"Pivetta, Nick",601713,2024,31,"27","145.2",595,554,128,73,23,4,28,172,36,28.9,6.1,".231",".439",".277","0.716","73",".217",".412",".306",".292",".265",".196","71.3",21.6,11.6,9,30.3,23.3,"7.3",20,11.4,-2.6,55.4,30.9,"89.4","19.4",38.9,10.2,38.9,"79.225758698","93.96201671",25.6,50.3
"Tate, Dillon",622253,2024,30,"33","36.2",164,147,42,32,8,0,2,27,12,16.5,7.3,".286",".381",".354","0.735","16",".243",".363",".326",".306",".316",".120","71.5",22.5,12,10.1,32.2,27.1,"7.3",1,11.3,-3.1,54.7,32.2,"87.5","8.2",32.2,5,30.6,"76.936454","93.004608833",19.3,45.8
"Saucedo, Tayler",642048,2024,31,"53","38.2",166,146,35,26,4,2,3,38,18,22.9,10.8,".240",".356",".331","0.687","24",".211",".308",".301",".276",".307",".097","71.7",24.5,11.1,8.3,32.1,24.1,"7.5",8,11.8,-4,54.3,32.7,"85.2","7.3",25.9,4.6,27.8,"73.522157963","92.556282336",28.1,46
"Lodolo, Nick",666157,2023,25,"7","34.1",166,147,50,32,7,1,10,47,10,28.3,6,".340",".605",".406","1.011","18",".237",".473",".426",".337",".315",".236",,,,,,,,,,,,,"90.8","8.3",36.3,12.7,40.2,"80.3363972","95.3382382",30.4,46.9
"Civale, Aaron",650644,2024,29,"31","161.0",689,627,158,98,31,0,29,149,52,21.6,7.5,".252",".440",".314","0.754","95",".241",".408",".327",".315",".306",".166","71.6",22.6,14.1,11.2,33.7,26.7,"7.4",13,11.7,-4,55.4,30.5,"89.4","17.2",36.5,7.3,39.4,"79.152007238","94.002413711",21.9,45.2
"Irvin, Jake",663623,2023,26,"24","121.0",530,462,118,79,17,2,20,99,54,18.7,10.2,".255",".431",".340","0.771","57",".254",".450",".335",".344",".341",".196","72",25.4,15.9,12.8,30.1,24.3,"7.1",4,9.3,2,52.6,31.9,"90.4","14.7",33.1,10.3,39.6,"80.193214837","94.671824251",17.9,43.7
"Snell, Blake",605483,2025,32,"11","61.1",254,222,51,38,10,0,3,72,26,28.3,10.2,".230",".315",".307","0.622","27",".224",".322",".278",".283",".305",".098","72.1",30.7,12.3,7.9,26.9,17.3,"7.5",16,11.7,-4.3,48.8,33.1,"86.2","5.6",35.3,5.8,34,"73.401030133","93.530650537",35.6,47.3
"Brogdon, Connor",641401,2025,30,"43","47.0",199,178,45,24,9,1,11,49,18,24.6,9,".253",".500",".318","0.818","18",".223",".433",".341",".305",".292",".211","71.1",19.1,12.9,9.1,31.3,22.2,"7.4",3,12.1,-4.2,49.9,32.5,"89.1","20.9",34.1,12.9,40.2,"78.264849242","94.213360763",29.3,49.2
"Lange, Alex",656638,2023,27,"67","66.0",288,232,43,25,12,0,6,79,45,27.4,15.6,".185",".315",".328","0.643","21",".201",".308",".294",".303",".343",".107","71.6",26.2,14.4,9.3,33.1,21.3,"7.7",4,15.6,-10.5,48.4,34.2,"88.6","8.5",33.1,7,36.3,"77.063817051","94.166499103",39.1,41
"Coulombe, Danny",543056,2025,35,"55","43.0",176,156,32,25,4,0,3,43,18,24.4,10.2,".205",".288",".286","0.574","21",".242",".381",".261",".309",".318",".139","72.8",31.6,13.1,9.8,27.1,20.3,"7.5",9,11.9,-6.2,55.2,32.6,"87.5","17.2",31.3,5.2,38.3,"76.015655893","93.564165804",27.7,50.6
"Boyd, Matthew",571510,2025,34,"31","179.2",718,656,154,107,25,3,19,154,42,21.4,5.8,".235",".369",".288","0.657","118",".240",".398",".287",".301",".293",".158","71.7",23.5,14.4,11.3,32.4,25.3,"7.3",14,9.2,-3.1,46.4,31.4,"88.5","18",31.4,9,38,"77.347035336","93.962286673",23.1,51.5
"Little, Brendon",663893,2025,28,"79","68.1",295,245,48,35,9,2,2,91,45,30.8,15.3,".196",".273",".323","0.596","39",".194",".291",".273",".286",".327",".097","72.6",34.8,20.6,12.2,37.9,22.4,"7.6",26,11.9,-3.8,53.4,34.8,"89.7","1.4",30.6,6.4,47.1,"78.031955513","95.180069677",43.5,40.6
"Pfaadt, Brandon",694297,2025,26,"33","176.2",767,710,198,118,51,3,26,147,37,19.2,4.8,".279",".469",".323","0.792","109",".284",".494",".339",".351",".329",".210","72.4",29.4,18.3,14.5,34.5,27.4,"7.4",32,11.1,-3.6,55.2,33.4,"90.8","12.5",39.1,10.9,45.8,"79.642424366","95.370126614",22.1,49.2
"Gausman, Kevin",592332,2025,34,"32","193.0",775,716,155,98,34,2,21,189,50,24.4,6.5,".216",".358",".269","0.627","94",".238",".407",".273",".301",".289",".169","72.3",28.4,13.8,10.2,30.5,22.7,"7.4",20,10.1,-3.7,45,33.5,"89.3","16.5",35,8.5,41.4,"78.114323042","94.522007833",26.4,51.6
"Sandlin, Nick",680704,2023,26,"61","60.0",239,209,38,19,7,0,12,66,24,27.6,10,".182",".388",".270","0.658","33",".212",".411",".284",".308",".297",".199","70.1",11.8,16,10.7,30.4,20.3,"7.5",4,14.5,-9,43.5,34,"86.7","16.9",25.9,10.2,40.1,"73.295218056","94.243114653",32,46.5
"Moore, Matt",519043,2023,34,"50","52.2",218,198,46,28,10,1,7,60,15,27.5,6.9,".232",".399",".295","0.694","22",".212",".372",".296",".282",".278",".160","70.7",19.6,10.8,7.5,30.4,21,"7.3",8,9.6,-0.8,46.8,32.5,"88.4","16.4",32.1,8,36.7,"78.358668529","93.347734296",28.2,53.1
"Martinez, Nick",607259,2024,33,"42","142.1",570,539,128,81,32,2,13,116,18,20.4,3.2,".237",".377",".267","0.644","82",".242",".373",".279",".282",".271",".131","71.3",21.7,11.3,8.9,31.3,24.6,"7.4",15,11.4,-3.6,51.8,32.5,"86.4","17",34,5.1,30.5,"74.850496934","92.978959505",23.1,51.1
"Hentges, Sam",656529,2023,26,"56","52.1",223,204,53,42,8,1,2,56,18,25.1,8.1,".260",".338",".318","0.656","27",".262",".388",".292",".314",".321",".126","71.2",20.2,19.8,14.6,42,30.9,"7.3",6,10,0.8,47.2,34,"91.6","0.9",32.9,5.4,49,"81.514860676","95.57236527",27.4,45
"Walker, Taijuan",592836,2023,30,"31","172.2",733,650,155,96,35,4,20,138,71,18.8,9.7,".238",".397",".320","0.717","105",".245",".410",".313",".322",".326",".165","71.9",28,16.5,13.6,40,32.9,"7.3",10,10.8,-1,53.6,32.4,"89.1","11.1",33.1,6.8,40.9,"77.901900078","94.417705363",20.5,44.1
"Jarvis, Bryce",686826,2024,26,"44","59.1",258,218,52,37,9,0,6,38,33,14.7,12.8,".239",".362",".349","0.711","26",".269",".442",".314",".357",".376",".173","71.1",22,11.4,9.2,34.3,27.6,"7.2",3,7.1,1.6,43.4,33.3,"90.5","11.4",34.1,7.2,40.1,"81.272036264","94.194507845",21.8,48.4
"Yates, Kirby",489446,2026,39,"38","34.0",148,128,26,16,7,0,3,44,13,29.7,8.8,".203",".328",".293","0.621","5",".188",".297",".280",".265",".282",".109","72.2",29.1,10.3,7.2,31.4,21.9,"7.1",3,7.2,0.6,46.2,32.7,"91.1","20.8",34.5,6.9,46,"81.357306279","95.060172326",30.7,52.8
"Allard, Kolby",663465,2025,27,"33","65.0",266,245,64,45,13,1,5,42,14,15.8,5.3,".261",".384",".300","0.684","32",".241",".390",".293",".286",".283",".150","71.8",23.8,13.3,10.8,33.1,27.1,"7.2",7,8.7,1,51.9,31.3,"88.2","17.8",34.4,5.7,35.9,"77.493502039","93.650984049",19.6,49.5
"Matthews, Zebby",805673,2024,24,"9","37.2",177,164,51,31,9,0,11,43,11,24.3,6.2,".311",".567",".362","0.929","16",".275",".538",".397",".371",".328",".264","71.5",22,13.9,10.7,33.9,26,"7.3",6,9.8,-1.4,57.2,31.1,"90.5","14.1",38,14,42.1,"80.995728689","94.314896529",24,49.9
"Gibson, Cade",806188,2026,28,"28","32.2",156,128,36,28,6,0,2,29,16,18.6,10.3,".281",".375",".377","0.752","6",".251",".321",".336",".307",".354",".071","71.2",24,12.3,9.9,33.7,27,"7.3",4,10,-1.8,54.2,33.1,"86.9","8.1",36.2,2.9,39,"75.347748077","93.423095825",20.9,44.5
"deGrom, Jacob",594798,2025,37,"30","172.2",669,624,122,76,19,1,26,185,37,27.7,5.5,".196",".354",".242","0.596","100",".221",".391",".259",".286",".268",".170","71.9",23.9,13.1,9.4,32,22.9,"7.4",39,9.7,-1.1,52.5,32.2,"90.1","16",33.1,9.3,41.9,"79.671198045","94.499823864",30.2,51.7
"Schwellenbach, Spencer",680885,2024,24,"21","123.2",500,468,106,61,27,4,14,127,23,25.4,4.6,".226",".391",".271","0.662","59",".238",".380",".286",".291",".282",".142","71.4",20.4,13.9,10.3,28.1,20.8,"7.4",17,10.6,-2.8,46.6,33.3,"87.6","11.7",35.2,5,39.8,"75.644253882","93.853559824",27.4,53.1
"Civale, Aaron",650644,2026,31,"23","89.1",403,370,113,70,25,1,17,72,25,17.9,6.2,".305",".516",".352","0.868","41",".270",".456",".374",".336",".322",".186","71.8",25.6,18.7,14.9,38.7,30.8,"7.4",8,12.4,-5.3,55.8,31.3,"89.9","20.3",39.1,9.3,44,"79.505555867","94.398251633",21.3,46.9
"Chapman, Aroldis",547973,2023,35,"61","58.1",249,211,37,27,6,0,4,103,36,41.4,14.5,".175",".261",".297","0.558","36",".169",".275",".258",".260",".292",".106","70.8",21,16,9.6,27,16.2,"7.1",2,4.9,4.7,36,32,"86.5","10.4",34.9,9.2,33,"74.310414259","93.325749907",42.2,44.9
"Brasier, Ryan",518489,2023,35,"59","59.2",239,213,42,30,9,0,3,56,20,23.4,8.4,".197",".282",".272","0.554","23",".227",".348",".248",".292",".305",".122","70.6",19.5,11.5,8.6,32.1,24.1,"7.2",7,10.1,-1.6,44.7,33.8,"89.5","12.8",31.3,3.8,42.5,"79.365490375","94.120214214",25.1,51.2
"Peguero, Elvis",665625,2024,27,"52","51.1",227,197,52,42,5,1,4,47,27,20.7,11.9,".264",".360",".357","0.717","22",".247",".363",".317",".316",".343",".117","71.7",21.5,15.3,11.3,35.5,26.3,"7.4",9,8.6,0,51.8,35.7,"90.1","3.2",29.1,5.4,40.4,"79.603008919","94.532881216",27.7,47.5
"Ferrer, José A.",678606,2025,25,"72","76.1",324,294,81,62,12,2,5,71,16,21.9,4.9,".276",".381",".326","0.707","40",".252",".353",".310",".294",".307",".102","71.1",18.7,14.2,10.8,34.5,26.4,"7.1",14,5.7,5.1,36.9,33.4,"89.1","0.8",28.3,4.8,42.2,"77.190838991","94.646342064",24.8,49.8
"Silseth, Chase",681217,2023,23,"16","52.1",221,193,41,23,9,0,9,56,26,25.3,11.8,".212",".399",".312","0.711","37",".228",".394",".313",".319",".326",".165","71.5",22.2,18.8,13.6,38.2,27.8,"7.4",6,11.7,-4,48.5,33.9,"88.7","8.5",35,10.2,42.3,"77.224657826","94.364685766",27.9,44
"Matsui, Yuki",673513,2025,29,"61","63.1",272,233,53,31,10,2,10,61,33,22.4,12.1,".227",".416",".321","0.737","22",".228",".397",".318",".313",".322",".170","72",28,13.3,9.4,33.9,24,"7.5",17,12.6,-7.1,53.9,33.1,"88.5","20.6",30.5,9,37.3,"77.594650455","93.797769716",30.3,49
"Winn, Keaton",676775,2023,25,"9","42.1",172,156,36,21,7,2,6,35,8,20.3,4.7,".231",".417",".288","0.705","18",".236",".428",".304",".317",".296",".192","71.7",22.3,18.7,12.2,36.3,23.7,"7.5",1,11.5,-3.8,46.2,35.2,"92.4","4.5",26.8,10.6,48,"83.099068167","95.599386807",30.7,52.7
"Lynch IV, Daniel",663738,2026,29,"48","50.0",203,186,37,21,11,1,4,40,14,19.7,6.9,".199",".333",".261","0.594","24",".236",".374",".264",".295",".296",".138","71.9",25,13,9.5,35.9,26.3,"7.5",7,12.1,-5.7,49.2,33.2,"87.9","11.5",32.7,6.2,34.7,"76.695606806","93.639701042",28.3,47.1
"Rucker, Michael",621074,2023,29,"35","40.1",176,152,39,26,5,2,6,40,19,22.7,10.8,".257",".434",".347","0.781","22",".237",".397",".339",".324",".332",".161","73.1",30.3,29.6,24.2,48.1,39.4,"7.3",0,8.2,2.2,48.5,33.8,"91.6","7.8",32.5,7.9,49.1,"81.332750175","95.494645614",27.7,43.1
"Cosgrove, Tom",676680,2023,27,"54","51.1",205,179,31,25,2,1,3,44,19,21.5,9.3,".173",".246",".270","0.516","33",".185",".270",".238",".255",".282",".086","71",16.2,11.5,9.2,34.6,27.7,"7",2,10.2,-3.9,51.5,33.2,"83.9","16.3",24.8,3.7,25.5,"71.686643731","92.164938872",24.9,46.1
"Pfaadt, Brandon",694297,2023,24,"19","96.0",421,386,109,59,25,3,22,94,26,22.3,6.2,".282",".534",".329","0.863","30",".249",".463",".362",".326",".299",".215","71.9",25.4,14.9,11.5,34.2,26.4,"7.4",7,11,-4.2,52.9,33.1,"90.1","18.2",37.2,11.7,44,"79.562691678","94.728173805",25,49.3
"Stroman, Marcus",573186,2023,32,"27","136.2",575,519,120,84,27,0,9,119,52,20.7,9,".231",".335",".304","0.639","76",".261",".388",".285",".318",".331",".128","72.3",30.5,15.8,13,32.9,27.1,"7.3",1,7.7,0.1,49.5,35.8,"90.3","3",30.7,5,41.4,"79.8502842","94.625671429",22.4,45.1
"Kimbrel, Craig",518886,2026,38,"35","36.0",151,130,30,16,9,1,4,32,17,21.2,11.3,".231",".408",".327","0.735","10",".250",".397",".322",".326",".343",".147","71.8",24.9,11.6,8.9,33.2,25.7,"7.1",9,8.4,0.2,54.2,31.1,"89.6","19.4",32,6,37,"80.296349","93.954233232",25.1,48.3
"Fernandez, Ryan",681676,2025,27,"32","30.1",140,123,36,23,4,3,6,34,16,24.3,11.4,".293",".520",".379","0.899","16",".225",".404",".382",".313",".319",".179","72",24.8,13,9.3,30.4,21.7,"7.5",9,12.9,-5.2,51.3,31.1,"89.5","13.3",30.3,11.2,43.8,"78.815764667","94.366684607",32.1,50
"Harrison, Kyle",690986,2025,23,"11","35.2",156,141,35,22,8,1,4,38,14,24.4,9,".248",".404",".321","0.725","8",".246",".409",".315",".316",".318",".163","71.6",24.1,14.1,10.3,35.1,25.7,"7",3,5.2,4.7,36.1,31.4,"90.7","13.6",40.8,6.8,42.7,"80.8124982","94.7913102",25.9,50.5
"Domínguez, Seranthony",622554,2023,28,"57","50.0",224,195,48,37,4,0,7,48,22,21.4,9.8,".246",".374",".339","0.713","35",".243",".400",".318",".330",".338",".157","72.1",30.2,8.9,6.4,21.1,15.1,"7.3",3,9.3,-0.9,53.1,32.9,"85.5","14.8",35.8,8.1,31.1,"72.580060685","93.227442397",28,50.6
"Booser, Cam",592155,2025,33,"39","31.0",143,120,28,15,5,0,8,35,19,24.5,13.3,".233",".475",".343","0.818","12",".202",".422",".350",".326",".320",".220","71",18.1,14,10.1,32.6,23.6,"7.5",5,12.3,-5.4,47.5,31.5,"90.9","20.4",36.8,13.8,42.5,"80.27361381","95.090481786",30,47.3
"Fluharty, Mason",689254,2026,24,"65","49.2",209,185,43,32,5,0,6,55,20,26.3,9.6,".232",".357",".309","0.666","26",".189",".315",".296",".261",".270",".127","72.3",30.1,10.1,7.4,27.9,20.5,"7.4",3,11.8,-3.9,49.6,31.5,"86.1","17",36.8,7.5,32.3,"74.547404462","92.883435769",28.2,49.1
"Fairbanks, Pete",664126,2023,29,"49","45.1",184,159,26,21,2,0,3,68,20,37,10.9,".164",".233",".273","0.506","5",".174",".259",".240",".253",".283",".084","71.4",24,11.7,7.8,21.9,14.7,"7.4",2,8.5,-1.1,48.8,32.4,"85.7","10.4",27.2,3.3,35.9,"71.983792444","93.760373889",30.7,46.6
"Estévez, Carlos",608032,2025,32,"67","66.0",269,241,48,31,11,1,5,54,22,20.1,8.2,".199",".315",".276","0.591","9",".228",".404",".255",".299",".302",".176","72.1",29.4,12.6,10.5,28.5,23.6,"7.2",7,7.8,1.1,52.5,31.4,"89.1","23.4",35.4,10.6,38.1,"78.515485957","93.934951649",19,49.4
"Smith, Will",519293,2024,34,"45","41.1",186,165,45,27,11,0,7,29,15,15.6,8.1,".273",".467",".342","0.809","14",".278",".484",".347",".358",".348",".206","71.4",22.8,14.1,11.4,34.5,28,"7.6",6,13.2,-7.7,51,33.2,"87","18",40.3,8.6,30.9,"75.807624348","93.165260584",23.7,47
"Buttó, José",676130,2023,25,"9","42.0",179,156,33,26,3,1,3,38,23,21.2,12.8,".212",".301",".313","0.614","12",".235",".343",".281",".306",".333",".108","71.9",23.4,14.8,10.6,34.2,24.3,"7.4",1,12.1,-4,55.9,32.6,"90","15.5",25.4,2.5,44.1,"79.256981724","94.803524224",28.8,45.4
"Springs, Jeffrey",605488,2025,32,"32","171.0",713,647,153,89,36,0,28,138,54,19.4,7.6,".236",".422",".295","0.717","102",".249",".431",".309",".321",".309",".182","71.4",21.5,16,12.1,37,27.9,"7.5",14,11.2,-4.4,52.2,30.7,"88.3","19.2",38.2,8.1,37.3,"76.965319805","93.911262183",26,46.3
"Harvey, Hunter",640451,2023,28,"57","60.2",235,217,44,30,7,0,7,67,13,28.5,5.5,".203",".332",".251","0.583","22",".220",".384",".252",".284",".270",".164","71.1",24.6,9.6,7.5,27.9,21.6,"7.2",2,8.3,1.7,46.8,31.3,"89.6","11.7",32,8.5,41.2,"79.113678684","94.366785592",26.3,50.9
"Mayza, Tim",641835,2026,34,"49","56.1",224,206,46,29,9,2,6,56,14,25,6.3,".223",".374",".275","0.649","33",".227",".367",".280",".279",".278",".140","72.3",27.5,15.2,11.9,32.6,25.5,"7.1",7,6.9,4.8,50.3,34.3,"89","8.6",32,7.2,43.8,"77.129925067","94.678804",24.3,45
"Kershaw, Clayton",477132,2025,37,"23","112.2",463,420,102,70,22,2,8,84,35,18.1,7.6,".243",".362",".302","0.664","78",".249",".377",".292",".303",".310",".128","72.9",36.6,18.8,14.4,38.7,29.7,"7.6",9,13.4,-7.7,54.2,33.3,"89.7","11.6",31.3,4.1,42.1,"78.924767294","94.516163835",24.3,45.3
"Meyer, Max",676974,2024,25,"11","57.0",248,225,62,28,18,2,14,46,19,18.5,7.7,".276",".560",".339","0.899","33",".239",".461",".381",".335",".307",".221","72.6",32.5,17.3,13.4,34.9,27.1,"7.5",9,11.6,-3.7,51.5,33.2,"90.6","10.1",27.2,13.9,47.8,"78.957991111","95.543548944",23.9,47.5
"Birdsong, Hayden",806185,2024,22,"16","72.0",315,264,57,34,11,1,11,88,43,27.9,13.7,".216",".390",".332","0.722","37",".228",".413",".321",".335",".343",".185","71",21.7,16.9,12,36.4,25.8,"7.3",10,11.4,-4.4,47.7,31.6,"92","13.8",32.8,8.9,50,"82.066002273","95.853044148",29.8,42.6
"Luzardo, Jesús",666200,2024,26,"12","66.2",274,248,61,39,12,1,9,58,22,21.2,8,".246",".411",".311","0.722","25",".252",".439",".315",".330",".318",".187","71.9",24.7,14.8,10.9,36.6,27.1,"7.7",6,13,-6.8,52.6,33.2,"90.4","16.5",33.3,9.9,41.1,"80.411432","94.572347196",29.6,48.9
"De Los Santos, Enyel",660853,2023,27,"70","65.2",262,232,50,31,15,0,4,62,25,23.7,9.5,".216",".332",".302","0.634","31",".234",".390",".282",".313",".319",".156","71.1",16.9,13.3,9.7,30.7,22.2,"7.4",6,11.5,-3.9,46.9,33.9,"88.7","14.3",36.8,8.2,33.3,"78.162220581","93.744391871",27.4,49.7
"Rodriguez, Grayson",680570,2024,24,"20","116.2",491,449,109,68,24,2,15,130,36,26.5,7.3,".243",".405",".305","0.710","87",".229",".396",".310",".303",".293",".167","71.4",21.7,13.1,9.5,32.1,23.4,"7.3",17,10,-0.9,45.2,31,"89.2","13.4",36.9,7.8,39.7,"78.512590063","94.106694844",30,50.2
"Dobbins, Hunter",690928,2025,25,"13","61.0",256,237,61,40,14,1,6,45,17,17.6,6.6,".257",".401",".313","0.714","47",".241",".415",".310",".308",".298",".174","71.1",18.8,18.4,14.7,40.7,32.5,"7.3",6,9.8,-0.7,50.6,31.3,"89.3","9.5",31.8,6.8,41.7,"77.906045053","94.643822789",21.9,46.5
"Kerkering, Orion",689147,2026,25,"52","48.1",213,181,35,20,9,3,3,53,26,24.9,12.2,".193",".326",".307","0.633","41",".191",".291",".286",".274",".306",".099","71.3",21.1,9.9,7.3,26.4,19.6,"7.1",9,8.5,1.2,50.2,32.1,"85.2","19.5",35.4,5.4,28.5,"73.563384688","92.393509453",27,42.8
"García, Yimi",554340,2024,33,"39","39.0",153,138,23,10,7,0,6,49,12,32,7.8,".167",".348",".243","0.591","12",".183",".375",".252",".270",".258",".192","70.9",18.6,8.6,5.9,23,16,"7.2",0,8.7,1.3,52.5,30.3,"87.4","23.3",36.7,13.3,34.4,"75.579494091","93.693798523",29,51.2
"Morgan, Eli",669212,2023,27,"61","67.1",299,273,73,52,11,1,9,75,24,25.1,8,".267",".414",".328","0.742","37",".240",".407",".322",".309",".304",".167","71.3",21.8,12.4,9.2,32.6,24.3,"7.4",4,12,-5.4,46.9,32.5,"86","12.6",32.7,9.1,32.3,"73.543223673","93.211532347",28.2,51.7
"Houck, Tanner",656557,2024,28,"30","178.2",743,674,156,118,27,0,11,154,48,20.7,6.5,".231",".320",".296","0.616","107",".255",".394",".276",".318",".319",".139","71.5",22.4,15.8,12.5,36.8,29,"7.4",17,10.8,-2.7,50,34.6,"89.4","3.8",30.2,5.8,41.8,"78.489312385","94.430703969",22.6,46.8
"Lauer, Eric",641778,2026,31,"19","98.1",416,375,91,55,13,1,22,63,31,15.1,7.5,".243",".459",".305","0.764","68",".250",".459",".330",".333",".312",".209","72.8",31.8,11.8,9.7,28.9,23.8,"7.2",9,8.9,-0.1,52.8,30.9,"88.3","21.7",35,10.7,35,"77.848157115","93.534227949",19.1,51.6
"Scott, Tanner",656945,2023,28,"74","78.0",307,277,53,39,11,0,3,104,24,33.9,7.8,".191",".264",".264","0.528","39",".203",".278",".236",".247",".275",".075","71.1",24.3,8.5,5.7,25,16.6,"7.2",10,6.4,1.7,42.2,33.9,"85.3","9",34.3,3.5,26.3,"73.512373721","92.600342515",36.2,51.2
"Darvish, Yu",506433,2025,38,"15","72.0",296,269,66,36,15,1,14,68,19,23,6.4,".245",".465",".310","0.775","41",".218",".395",".334",".297",".284",".177","71.9",26.4,11.2,8.7,29.5,23,"7.3",8,9.7,-3.5,49.8,33.4,"87.3","15.3",32.5,8.9,33,"76.396139307","93.193532836",23,47
"Hall, DL",669084,2024,25,"13","43.0",197,170,48,37,5,0,6,44,21,22.3,10.7,".282",".418",".372","0.790","32",".236",".397",".350",".327",".333",".162","71.4",22,14.9,11.6,28.7,22.4,"7.5",6,10.1,-2.3,50.6,33.2,"87.3","14",28.3,8.7,37.8,"75.073509194","93.863195285",23.6,43.4
"Ramirez, Nick",598286,2023,33,"32","40.2",172,160,41,28,11,1,1,28,9,16.3,5.2,".256",".356",".298","0.654","18",".258",".399",".286",".306",".301",".141","71.4",25.8,13,9.7,38,28.2,"7.6",3,13.8,-5.5,53.5,33.1,"85.8","7.5",36.6,6,28.4,"74.679746119","92.475416767",24.1,46.7
"Suárez, Albert",544150,2024,34,"32","133.2",565,510,130,78,34,1,17,108,43,19.1,7.6,".255",".425",".314","0.739","65",".241",".420",".320",".316",".303",".179","71.3",20.8,11.9,9.1,32.8,24.9,"7.3",10,10.9,-0.8,53,30.8,"88.8","17",38,7.1,38.4,"78.437722921","93.664169109",24.6,50.4
"Peterson, David",656849,2023,27,"27","111.0",492,432,124,87,17,4,16,128,50,26,10.2,".287",".456",".367","0.823","51",".260",".429",".357",".339",".343",".170","72.4",31.6,18.2,13,31.6,22.6,"7.4",14,9.4,0.9,49.1,32.4,"90","5.3",34.4,8.1,44.5,"78.230617763","95.247518383",29.5,45.9
"Wright, Kyle",657140,2023,27,"9","31.0",155,132,40,27,7,1,5,34,17,21.9,11,".303",".485",".396","0.881","20",".250",".447",".382",".351",".352",".198","72.2",25.3,18.8,16,32.8,28,"7.3",0,11.5,-1.4,54.4,34.4,"91.1","-1.4",32,12,46,"80.598265102","95.447128367",23.2,47.3
"Chavez, Jesse",445926,2023,39,"36","34.2",144,128,26,19,4,1,2,39,12,27.1,8.3,".203",".297",".285","0.582","21",".230",".340",".263",".292",".310",".110","70.7",16.7,13.8,13.3,44.8,43.3,"6.9",0,5.9,2.7,43.3,33,"87.1","7.2",33.3,3.3,33.3,"76.766142889","92.870256742",28.3,41.3
"Detmers, Reid",672282,2024,24,"17","87.1",391,348,98,57,20,3,18,109,38,27.9,9.7,".282",".511",".353","0.864","51",".226",".408",".370",".315",".306",".182","71.6",22,12.9,9.6,33.3,24.7,"7.4",17,10.7,-3.1,50.2,31.3,"89.9","16.2",34.3,10.7,39.3,"80.195033","94.042631125",29.2,48.9
"Criswell, Cooper",681867,2024,27,"26","99.1",424,377,103,69,22,2,10,73,31,17.2,7.3,".273",".422",".333","0.755","66",".259",".408",".327",".324",".324",".149","71.8",24.9,15.6,13.2,32.2,27.2,"7.3",12,9.7,-2.4,50.8,35.6,"89.3","9.7",33.2,7,37.4,"78.440882949","94.249624744",17.2,44.6
"Lucchesi, Joey",664192,2025,32,"38","38.1",165,149,35,22,8,1,4,31,12,18.8,7.3,".235",".383",".301","0.684","12",".231",".371",".298",".293",".297",".140","70.5",18,13.8,11.8,34.9,29.8,"6.8",9,3.7,7.5,38.1,32.5,"88","6",25.8,6.7,31.7,"77.249338305","93.461507094",19.6,45.1
"Bibee, Tanner",676440,2024,25,"31","173.2",710,651,150,84,40,4,22,187,44,26.3,6.2,".230",".406",".285","0.691","92",".235",".401",".299",".304",".291",".167","71.2",19.8,11,8.2,28.9,21.5,"7.2",22,10.4,-2.5,48.9,31.2,"88.4","17.7",37.4,7,36.9,"77.504108675","93.719329103",26.9,51
"Sandoval, Patrick",663776,2026,29,"7","34.0",160,139,47,34,10,0,3,35,16,21.9,10,".338",".475",".403","0.878","23",".277",".412",".383",".334",".350",".135","72.4",29.3,13.4,10.2,32.6,24.8,"7.5",3,9.2,-2.9,48.4,31.8,"87","16.3",36.1,5.6,32.4,"75.723586415","93.177885472",25.5,47.3
"Pérez, Martín",527048,2026,35,"23","106.1",455,403,88,58,15,4,11,83,45,18.2,9.9,".218",".357",".297","0.654","49",".259",".385",".290",".322",".337",".127","73.4",36.1,17.1,13.4,34.9,27.3,"7.7",7,13.7,-7.3,52.4,33.3,"88.1","7.8",33.8,5.2,37.2,"76.554643125","93.940604765",21.6,42.6
"Liberatore, Matthew",669461,2024,24,"60","86.0",358,323,81,50,20,0,11,76,28,21.2,7.8,".251",".415",".312","0.727","39",".248",".425",".313",".319",".310",".177","71.5",23,12.7,9.7,30.4,23.4,"7.3",11,10,-0.4,51.5,32.4,"89.7","13.2",31.7,7.2,38.6,"79.153381475","94.390364774",25.1,52.1
"Chivilli, Angel",683409,2024,21,"30","31.2",133,122,31,20,2,2,7,28,10,21.1,7.5,".254",".475",".316","0.791","17",".260",".451",".340",".340",".322",".190","71.4",23.3,14.6,9.2,38.2,24.1,"7.7",2,15.3,-10,46.5,33.1,"89.1","9.3",31.9,10.6,46.8,"77.469158298","94.631832128",36.9,53.4
"Bubic, Kris",663460,2024,26,"27","30.1",121,112,26,18,5,1,2,39,5,32.2,4.1,".232",".348",".261","0.609","9",".189",".279",".252",".215",".222",".090","70.7",16.2,11,7.8,21.2,15.2,"7.1",6,6,4.5,40.4,32.9,"83.4","3",26,2.6,28.6,"70.912425946","92.231484384",30.5,50.5
"Stanek, Ryne",592773,2025,33,"65","56.0",255,221,56,38,10,1,7,58,32,22.7,12.5,".253",".403",".345","0.748","27",".236",".411",".330",".327",".332",".174","71.5",19.7,11.5,8.4,29.3,21.5,"7.2",15,8.7,2.1,54.4,31,"90.3","19.9",37,10.9,43.6,"80.257948072","94.444661758",27.8,52.5
"Gilbert, Logan",669302,2025,28,"25","131.0",535,494,104,63,20,1,20,173,31,32.3,5.8,".211",".377",".266","0.643","62",".206",".367",".280",".275",".263",".161","71.9",24.8,13.5,9.4,31.2,21.6,"7.5",26,12.5,-8.2,50.3,32.2,"90.8","15",32.1,8.6,41.7,"81.144057391","94.674260997",32.9,51.1
"Law, Derek",571882,2024,33,"75","90.0",365,333,82,63,11,1,7,76,24,20.8,6.6,".246",".348",".294","0.642","44",".257",".368",".282",".302",".308",".111","71.4",20.2,11.6,8.4,33.5,24.1,"7.5",14,10.9,-1.8,55.8,33,"88.2","9",34.5,3.8,35.2,"77.850689847","93.340480649",28.6,49.9
"Dreyer, Jack",676263,2026,27,"52","50.1",200,182,36,24,5,0,7,60,15,30,7.5,".198",".341",".263","0.604","30",".218",".359",".264",".279",".282",".141","71.9",25.1,13.1,9.2,31,22,"7.2",4,9.1,0.5,56.9,31,"89","11.7",25,7.3,41.1,"77.164591667","94.638842917",28.8,48.6
"Corbin, Patrick",571578,2024,34,"32","174.2",764,697,208,134,42,7,25,139,54,18.2,7.1,".298",".486",".348","0.834","68",".291",".481",".357",".359",".343",".190","72.2",27.2,19.5,15.5,35.9,28.6,"7.5",25,12.1,-3.9,48.5,34.2,"90.8","10",37.3,8.3,46.7,"79.877843129","95.30570991",22.4,48.2
"Vieira, Thyago",600986,2024,31,"28","38.0",177,147,37,22,6,1,8,39,26,22,14.7,".252",".469",".367","0.836","16",".236",".441",".361",".349",".355",".205","71.6",24.7,13,10,32.7,25.1,"7.3",6,9.5,-1.2,52,32.8,"89.6","13",35.5,10,45.5,"78.028932","94.877831101",24.8,43.3
"Flaherty, Jack",656427,2024,28,"28","162.0",649,605,135,88,18,5,24,194,38,29.9,5.9,".223",".388",".273","0.661","100",".232",".389",".288",".296",".283",".157","71.4",22.8,13.3,9.3,32.4,22.7,"7.5",24,11,-4.5,46.7,33.4,"88.4","14",36.1,8,35.9,"77.445862362","93.776478992",32.1,46.2
"Rodríguez, Yariel",684320,2025,28,"66","73.0",298,255,50,34,7,1,8,66,34,22.1,11.4,".196",".325",".304","0.629","33",".226",".385",".281",".317",".332",".158","71.3",22,14,10.5,29.9,22.4,"7.3",11,9.5,-1.2,52.9,31.3,"86.4","15.8",39.6,9.4,35.9,"74.039525263","93.477406085",27.5,45.6
"Adam, Jason",592094,2025,33,"65","65.1",270,238,50,41,5,0,4,70,25,25.9,9.3,".210",".282",".291","0.573","40",".196",".309",".256",".260",".279",".114","71.9",21.6,12.8,8.8,34.3,23.6,"7.7",11,15,-10.2,53.2,30.9,"88.8","15",22.8,7,38,"78.701433176","93.56960574",33.3,48.9
"Moll, Sam",594580,2023,31,"70","62.1",268,228,47,34,9,2,2,68,30,25.4,11.2,".206",".289",".315","0.604","28",".199",".284",".265",".263",".309",".085","69.8",17.2,12.8,10.1,33.8,26.6,"7",0,5.7,3,41.4,31.8,"87.7","7.9",26.4,2.5,35.6,"77.055905556","93.266613354",22.5,44.6
"Kelly, Zack",677161,2025,30,"28","35.1",152,134,35,23,9,0,3,35,12,23,7.9,".261",".396",".333","0.729","11",".233",".347",".318",".289",".308",".115","70.8",18.1,10.9,8.6,31.6,25.1,"7.1",5,7.3,1.4,50,32.9,"86.2","13.5",37.3,4.9,31.4,"74.3228046","93.0280845",23.3,49.3
"Nicolas, Kyle",693312,2025,26,"31","38.0",167,146,34,23,7,1,3,34,18,20.4,10.8,".233",".356",".323","0.679","12",".235",".381",".303",".315",".327",".146","71.8",23.8,15.2,11,34.3,24.9,"7.3",8,9.7,-2.2,54.6,31.3,"90","14.3",32.7,7.1,38.9,"79.652483571","94.404391607",29.4,47.5
"Weathers, Ryan",677960,2024,24,"16","86.2",367,331,78,49,18,0,11,80,24,21.8,6.5,".236",".390",".303","0.693","35",".240",".412",".303",".317",".308",".172","71.6",26.8,12.9,9.8,34.2,25.9,"7.3",9,9,-0.3,46.9,32.6,"89.5","10.4",32.7,8.3,38.2,"78.779545952","94.321363147",26.1,46.4
"Zerpa, Angel",672582,2025,25,"69","64.2",275,247,67,43,17,0,7,58,22,21.1,8,".271",".425",".333","0.758","29",".246",".399",".330",".311",".311",".154","70.6",14.1,15.5,13.3,37.1,31.8,"7",11,4.8,6.5,42.5,31.8,"89.5","0",30.6,8.3,43,"78.207393191","94.766879415",16.4,43.3
"Smith, Cade",671922,2025,26,"76","73.2",300,274,55,29,21,1,4,104,19,34.7,6.3,".201",".328",".261","0.589","37",".201",".299",".255",".248",".263",".098","71",21.3,9.9,6.7,29.8,20,"7",12,6.8,4.1,43.8,30.6,"89.2","15.8",38.7,4,37,"79.068385465","93.893454593",34.3,52.3
"Gordon, Tanner",685299,2024,26,"8","34.1",160,149,53,31,9,3,10,26,6,16.3,3.8,".356",".658",".386","1.044","9",".306",".514",".440",".368",".340",".208","71.7",23.2,13,10.9,32.8,27.4,"7.3",1,9,-1.3,45.4,31.6,"90.2","15.9",34.4,8,36.8,"80.273597377","94.303805328",18.8,54.2
"Scott, Tanner",656945,2026,31,"53","49.0",188,174,34,22,8,0,4,62,11,33,5.9,".195",".310",".247","0.557","16",".233",".358",".241",".275",".282",".125","72.1",26.4,9.9,6.5,28.3,18.7,"7.5",20,9.8,-3.5,49,33,"88.6","17.1",38.6,7.9,33.3,"78.551360357","93.389458839",36.8,54.8
"Rea, Colin",607067,2024,33,"32","167.2",714,656,169,105,33,2,29,135,43,18.9,6,".258",".447",".311","0.758","92",".269",".463",".327",".342",".323",".194","72.2",26.5,15.8,13.1,35,28.9,"7.3",16,9.7,-1.4,53.6,33.4,"90.4","15.2",36.3,8.8,42,"80.213678192","94.594415173",19.3,46.8
"Parker, Mitchell",680730,2026,26,"22","39.2",178,159,46,31,5,1,9,34,13,19.1,7.3,".289",".503",".351","0.854","25",".272",".462",".370",".347",".335",".189","71.8",22,19.9,14.4,39.3,28.5,"7.5",5,11.5,-5.8,49.1,32.6,"90.9","14.5",34.1,8.5,41.9,"80.559445167","95.129785333",28.1,50.3
"Mize, Casey",663554,2024,27,"22","102.1",452,417,121,86,20,4,11,78,29,17.3,6.4,".290",".436",".336","0.772","47",".283",".440",".335",".338",".331",".158","71.3",21.3,16.9,13.3,37.4,29.4,"7.2",9,8.2,1,51,30.8,"90.6","9.3",32.4,7.9,44.6,"79.855545471","95.082817876",22,49.5
"Jackson, Andre",656578,2023,27,"19","61.1",257,231,52,29,11,1,11,57,22,22.2,8.6,".225",".424",".296","0.720","22",".264",".480",".310",".351",".333",".216","71.3",20.6,13,9.8,36.6,27.5,"7.3",4,11.5,-4.3,54.9,31.9,"90.8","14.5",39.2,10.8,44.3,"81.077767159","94.835657841",24.4,48.3
"Senzatela, Antonio",622608,2026,31,"40","57.0",239,216,56,42,6,3,5,49,18,20.5,7.5,".259",".384",".319","0.703","31",".254",".375",".307",".304",".317",".120","71",17.1,13.6,10.7,33.6,26.5,"6.9",12,4.8,7.3,44,32,"88.8","10.3",34.7,6.5,41.8,"77.214797381","94.30477625",23.7,49.8
"Morales, Luis",806960,2025,22,"10","48.2",199,179,38,23,5,2,8,43,18,21.6,9,".212",".397",".286","0.683","20",".238",".442",".297",".325",".310",".204","71.7",22,13.5,10.6,31,24.2,"7.3",9,10.2,-2.9,52.4,30.6,"89","18.9",32.8,11,41.6,"77.2372225","94.558966912",23.5,44
"Saucedo, Tayler",642048,2023,30,"52","47.2",207,175,41,33,5,1,2,43,23,20.8,11.1,".234",".309",".343","0.652","28",".243",".339",".298",".314",".352",".096","71.8",26.8,10.4,7.9,27.2,20.7,"7.6",3,10.8,-2.7,47.9,32.5,"85.9","0.8",25.9,5.2,31.9,"74.207399231","92.829145271",29.6,45.8
"Bassitt, Chris",605135,2026,37,"13","61.2",285,249,75,54,15,0,6,40,25,14,8.8,".301",".434",".379","0.813","36",".285",".406",".360",".344",".367",".122","71",21.3,14.2,11.8,36.4,30.1,"7.1",4,8.7,-2,41.1,32.6,"87.6","10.3",30.7,4.2,35.4,"76.209050571","93.515041",20,45.5
"Kuhl, Chad",641771,2023,30,"16","38.1",187,150,47,26,12,1,8,31,28,16.6,15,".313",".567",".419","0.986","23",".306",".604",".412",".430",".418",".299",,,,,,,,,,,,,"92.2","17.6",44,12,50.4,"81.778122742","95.868107903",26.6,41
"Jiménez, Joe",641729,2024,29,"69","68.2",277,248,45,34,9,0,2,82,23,29.6,8.3,".181",".242",".260","0.502","24",".182",".292",".230",".253",".264",".109","71.5",23.2,8.5,6,29.6,20.8,"7.5",14,12.2,-8.1,52.6,31.5,"87.8","16.3",29.8,4.8,32.7,"77.818499762","92.99504479",32.9,51.4
"Maton, Phil",664208,2024,31,"71","64.0",265,231,47,30,8,2,7,60,24,22.6,9.1,".203",".346",".303","0.649","29",".235",".393",".290",".322",".330",".159","70.8",17.7,14.3,10.7,30.5,22.8,"7.2",3,10.9,-1.9,44.9,31.8,"86.5","12.9",32.6,7,33.1,"74.354926279","93.404469942",26.7,47.2
"Hicks, Jordan",663855,2025,28,"34","67.1",314,269,80,56,15,3,6,58,32,18.5,10.2,".297",".442",".387","0.829","30",".266",".381",".364",".330",".360",".116","71.1",21,14.7,11.7,36.9,29.4,"7.3",10,9.4,-1.4,46.3,32.5,"90","5.8",31.6,4.7,45.6,"79.016019245","94.960133585",23.1,43.6
"Hernández, Daysbel",678226,2025,28,"39","37.0",163,131,27,19,5,0,3,33,29,20.2,17.8,".206",".313",".358","0.671","22",".204",".342",".310",".318",".356",".139","71.8",23.7,13.5,9.8,30.6,22.2,"7.4",5,8.7,0,43.9,32.6,"89.4","10.2",30.3,9.1,37.4,"79.245454898","94.012642887",29.2,43
"Ruiz, José",614179,2023,28,"38","44.1",207,178,52,32,9,1,10,39,21,18.8,10.1,".292",".522",".382","0.904","22",".265",".458",".385",".353",".359",".193","71.9",18.5,20,14.8,35,25.9,"7.6",1,10.3,-4.3,42.9,34.6,"89","13.2",39.7,8.5,36.2,"79.078778592","93.699931702",29.5,45.9
"Abreu, Bryan",650556,2024,27,"78","78.1",325,285,59,39,10,1,9,103,32,31.7,9.8,".207",".344",".299","0.643","52",".196",".337",".288",".284",".291",".141","71.2",17.1,12.8,9.1,32.2,22.8,"7.4",16,10.8,-2.2,53.8,31.6,"90.4","16",32.1,8.7,38,"81.143034674","94.097664645",34,46.2
"Mikolas, Miles",571945,2024,35,"32","171.2",720,683,194,113,51,4,26,122,25,16.9,3.5,".284",".485",".312","0.797","84",".273",".468",".339",".334",".303",".195","71.9",25.9,15,12.6,32.4,27.3,"7.2",11,9.2,1.3,53.9,32,"88.8","13.6",38.1,8.1,42.3,"77.511449435","94.25374515",16.4,49.8
"Garrett, Braxton",666129,2023,25,"31","159.2",659,617,154,93,37,4,20,156,29,23.7,4.4,".250",".420",".294","0.714","64",".271",".444",".307",".328",".315",".173","72.2",26.8,18.3,14.9,37,30.1,"7.4",7,10.8,-2.8,56.9,33.7,"90.2","7.4",32.2,7.8,45.1,"78.937398913","95.013758957",25.4,47.2
"Blubaugh, AJ",805123,2025,24,"11","32.0",125,112,17,8,3,0,6,35,12,28,9.6,".152",".339",".232","0.571","24",".184",".383",".251",".279",".261",".200","72.2",21.7,16.4,11.6,30,21.2,"7.3",1,9.5,-0.1,48,31.7,"89.9","22.6",26.9,10.4,42.3,"78.425083947","95.000814211",30,47.9
"Burke, Sean",680732,2026,26,"25","140.0",571,516,113,70,23,4,16,154,42,27,7.4,".219",".372",".287","0.659","59",".226",".370",".291",".294",".294",".145","71.6",25.4,11.6,8.8,30.8,23.4,"7.2",26,10.3,-0.8,52.6,31.4,"89.1","18.3",35.5,7.7,36.9,"79.007483425","93.691198255",25.8,48.9
"Casparius, Ben",676508,2025,26,"46","77.2",333,307,78,47,22,1,8,71,21,21.3,6.3,".254",".410",".307","0.717","47",".240",".393",".312",".300",".294",".153","71.1",21.9,11.7,8.8,33.3,25.1,"7.2",12,9.3,-1.1,53.4,31.7,"87.5","19.5",31.9,7.1,31.9,"77.195546356","92.986533941",27.6,49.7
"Yates, Kirby",489446,2025,38,"50","41.1",179,159,38,12,17,0,9,52,18,29.1,10.1,".239",".516",".318","0.834","31",".227",".422",".354",".318",".308",".196","72.3",27.4,15.4,10,28.6,18.6,"7.2",5,8.5,-0.8,43.6,33.4,"88.5","18.6",36.1,13,42.6,"76.198084259","94.658953178",35.3,51.3
"Banda, Anthony",607455,2024,30,"48","49.2",209,185,44,34,4,1,5,50,18,23.9,8.6,".238",".351",".309","0.660","27",".227",".368",".281",".285",".300",".140","71.1",19.7,13.7,9.9,34.8,25.1,"7.2",12,8.8,-0.5,50.4,31.4,"88.3","11.9",30.9,6.5,38.8,"76.74134209","94.107629851",30,52.2
"Peguero, Elvis",665625,2023,26,"59","61.1",252,221,49,40,4,1,4,54,26,21.4,10.3,".222",".303",".313","0.616","34",".236",".347",".280",".303",".327",".111","72.8",33.1,13.6,9.9,39.1,28.5,"7.5",4,9.4,-2.6,55.3,35.2,"89","2.1",30.4,3,38.1,"78.13722869","94.042018452",31.3,46.5
"Ramírez, Yohan",670990,2026,31,"49","67.1",296,245,48,29,15,0,4,79,41,26.7,13.9,".196",".306",".334","0.640","38",".210",".293",".287",".289",".346",".083","71.6",24,8.2,6.4,24,18.6,"7.3",17,8.9,-1.8,46,32.6,"84.6","10.7",31.9,4.8,30.1,"72.163382195","92.594300793",27.2,44.4
"Brown, Ben",676962,2026,26,"20","68.0",265,242,45,35,7,1,2,65,19,24.5,7.2,".186",".248",".249","0.497","33",".223",".335",".228",".279",".286",".113","71.9",23.7,11.6,8.5,37.3,27.6,"7.4",10,9.4,-0.5,47.8,32,"90.3","10.1",31.3,7.3,43,"80.433868295","94.492796857",27.3,47.1
"Llovera, Mauricio",661440,2023,27,"30","35.0",160,139,36,26,7,0,3,29,15,18.1,9.4,".259",".374",".344","0.718","25",".267",".439",".312",".341",".354",".173","71.5",25.8,15.6,13.3,35.9,30.7,"7.2",2,8.6,0.6,47.3,32,"89.5","9.1",29.5,6.3,41.1,"78.890293571","94.360238018",17.7,42.8
"Birdsong, Hayden",806185,2025,23,"21","65.2",298,252,61,37,12,2,10,68,37,22.8,12.4,".242",".425",".347","0.772","43",".227",".420",".338",".333",".337",".193","72",25.9,14.1,10.4,35.1,25.9,"7.3",13,10.7,-2.7,53.8,30.5,"89.8","20",36.2,9.6,46.8,"79.24058734","94.684951497",28.4,43.7
"Keller, Brad",641745,2023,27,"11","45.1",211,162,42,31,8,0,3,31,45,14.7,21.3,".259",".364",".427","0.791","28",".230",".388",".364",".363",".405",".158","69.6",25,11.1,8.3,33.3,25,"7.5",0,4,2.7,46.2,34.3,"89.2","5",30.3,6.8,36.4,"79.633097273","93.496134167",22.8,37.5
"Hamilton, Ian",641656,2024,29,"35","37.2",163,142,37,25,10,0,2,41,14,25.2,8.6,".261",".373",".331","0.704","12",".248",".359",".310",".304",".323",".111","70.6",13.8,12.1,7.9,34.5,22.4,"7.4",10,12.1,-6.6,48.1,32.5,"89.5","13.9",34.3,3.8,37.1,"79.771145283","93.768760381",36.5,50.4
"Kopech, Michael",656629,2024,28,"67","67.2",279,234,44,31,4,0,9,88,34,31.5,12.2,".188",".321",".299","0.620","30",".190",".354",".277",".293",".303",".164","71.2",20.6,10.5,7.2,30.4,20.8,"7",7,7.4,4.6,54,29.9,"89","16.9",34.2,10.5,40.8,"78.876881333","93.879345436",32.8,46.9
"Paddack, Chris",663978,2026,30,"14","57.0",267,242,76,54,12,1,9,40,19,15,7.1,".314",".483",".366","0.849","20",".280",".450",".369",".342",".337",".170","72.2",27.6,15.4,12.1,33.6,26.5,"7.4",6,11.4,-1.6,54.1,32.4,"88.8","15",34.5,8.4,36.9,"77.7658922","94.0863732",21.4,50.1
"Richards, Trevor",670950,2026,33,"37","55.1",231,209,44,27,8,1,8,53,18,22.9,7.8,".211",".373",".270","0.643","16",".234",".399",".279",".303",".294",".166","71.5",23.9,12.7,10.1,37.1,29.5,"7.3",8,10.1,-2.6,54.7,31.5,"90.5","21.6",36.3,7.5,40.6,"81.59022","94.208174528",23.8,48.1
"Chapman, Aroldis",547973,2025,37,"67","61.1",228,212,28,20,5,0,3,85,15,37.3,6.6,".132",".198",".189","0.387","13",".175",".278",".177",".227",".230",".103","71.6",24.3,9.2,6,23.1,15,"7.2",15,8.4,0.6,50.1,30.2,"88.8","18.9",34.4,5.5,36.7,"78.389957656","93.713131024",35.8,57.3
"Bummer, Aaron",607481,2023,29,"61","58.1",267,225,53,36,13,0,4,78,36,29.2,13.5,".236",".347",".352","0.699","28",".217",".304",".313",".293",".337",".088","69.9",12.3,13.9,8.8,34.3,21.6,"7.3",5,7.6,-1.8,36.9,35.7,"89.2","-2",27,2.7,44.6,"77.472409863","94.916127724",32.5,40
"Feltner, Ryan",663372,2026,29,"18","87.0",382,341,94,51,22,3,18,61,36,16,9.4,".276",".516",".343","0.859","71",".262",".486",".368",".353",".332",".224","72.6",30.4,14.4,11.1,31.7,24.6,"7.4",8,12.1,-4.6,50.6,32.1,"87.5","13.8",32,10.9,39.1,"75.734018227","93.712236868",23.3,48.2
"Sale, Chris",519242,2024,35,"29","177.2",702,652,141,96,32,4,9,225,39,32.1,5.6,".216",".319",".269","0.588","126",".211",".323",".260",".263",".264",".112","70.6",16.9,10.2,7.3,29,20.6,"7.4",26,10.8,-5,45.3,32.3,"86.5","9.6",34.9,5.6,31.2,"75.016805094","93.046190662",31,49
"Rosenberg, Kenny",670046,2023,27,"7","33.0",146,131,35,25,7,0,3,29,14,19.9,9.6,".267",".389",".342","0.731","12",".222",".365",".321",".293",".302",".143","71.7",26.6,13.1,10,27.3,21,"7.6",3,13.9,-6.6,44.1,34.4,"88","16.6",29.4,6.9,30.4,"76.986203725","93.524386373",23.3,47.3
"Martinez, Seth",661527,2024,29,"44","52.2",222,199,49,29,12,1,7,36,18,16.2,8.1,".246",".422",".321","0.743","37",".243",".397",".323",".316",".319",".154","71.3",20.8,19.2,15.1,39.2,30.8,"7.4",6,11.1,-3.2,49.7,32.8,"88.4","16.4",31.1,6.7,40.2,"77.583805625","93.891014214",23,45.7
"Irvin, Jake",663623,2025,28,"33","180.0",787,717,195,116,38,3,38,124,62,15.8,7.9,".272",".492",".334","0.826","105",".273",".505",".355",".360",".335",".233","72",25.1,19.5,16.3,37,30.8,"7.3",15,11.2,-2.2,53.1,31.9,"90.4","12.8",34.8,12,47.1,"79.313724864","95.158643027",18.2,46.8
"Miller, Erik",669062,2025,27,"36","30.0",128,101,24,19,5,0,0,22,20,17.2,15.6,".238",".287",".373","0.660","27",".253",".354",".297",".330",".390",".101","70.9",19.2,12.3,8.6,35.5,24.7,"7.2",4,10.3,-2.4,46.2,31.8,"87.8","9.2",30.1,3.6,32.5,"77.48305225","93.1156705",30.7,47.3
"Warren, Will",701542,2025,26,"33","162.1",711,631,158,100,32,4,22,171,65,24.1,9.1,".250",".418",".320","0.738","82",".252",".426",".321",".330",".325",".175","72",24.9,16.7,12.8,36.3,27.8,"7.2",14,9,1.6,54.9,32.1,"91","12.2",36,10.9,45.3,"80.374098233","95.303643801",24.6,42.8
"Devenski, Chris",606965,2023,32,"38","42.1",173,157,36,25,4,1,6,42,11,24.3,6.4,".229",".382",".279","0.661","28",".249",".454",".283",".326",".302",".205","71.9",21.3,15.4,10.7,38.5,26.7,"7.7",2,14.6,-10.5,41.6,32.7,"90.3","18",31.1,13.4,42.9,"79.717117966","94.765837692",29.3,48.2
"Erceg, Lucas",668674,2026,31,"46","43.1",208,170,53,37,11,0,5,31,29,14.9,13.9,".312",".465",".425","0.890","13",".263",".361",".391",".340",".387",".097","71.3",19.5,13.6,10.8,30,23.9,"7.2",4,8.4,1.8,45,32.7,"86.8","7.6",32.4,4.9,38.7,"73.744503143","94.041113786",20.8,47.2
"Crawford, Kutter",676710,2024,28,"33","183.2",759,695,155,89,30,2,34,175,51,23.1,6.7,".223",".419",".284","0.703","94",".222",".422",".304",".307",".283",".200","72.2",29.8,12.8,9.8,30,23,"7.4",24,11.9,-4.9,55.9,31.1,"88.4","19.8",33.4,9.9,36.3,"77.710617066","93.646279363",25.3,52
"Lambert, Peter",663567,2026,29,"21","118.2",494,437,91,64,15,0,12,117,46,23.7,9.3,".208",".325",".296","0.621","59",".202",".341",".281",".284",".291",".139","72.4",27.4,11.5,8.7,28.4,21.6,"7.4",15,11.5,-3.8,52,31.9,"88.7","19.1",30.1,6.5,36.3,"78.524273125","93.59565348",25.6,48.4
"Petty, Chase",695534,2026,23,"16","31.2",139,125,31,18,7,0,6,15,9,10.8,6.5,".248",".448",".309","0.757","14",".278",".470",".328",".361",".348",".191","72.4",29.6,14.9,12.2,37.9,31,"7.5",0,13,-6.8,59.2,31.5,"88.5","15.8",35.7,9.1,37.5,"77.668980909","93.925085545",19.6,48.2
"Wheeler, Zack",554430,2024,34,"32","200.0",787,723,139,86,28,5,20,224,52,28.5,6.6,".192",".328",".253","0.581","118",".194",".333",".256",".262",".256",".139","71.1",20.1,8.4,6.3,26.4,19.7,"7.1",18,8.3,1.3,49.2,32.2,"86.5","13.5",32.6,8.3,33.6,"74.93491968","93.046728036",27.5,51.2
"Gilbert, Logan",669302,2023,26,"32","190.2",770,724,169,102,36,2,29,189,36,24.5,4.7,".233",".409",".270","0.679","110",".238",".411",".290",".295",".275",".173","71.7",21.9,15.7,11.8,35.2,26.6,"7.4",14,11.1,-3.2,49.6,32.5,"90.5","13.6",35,9,44.6,"80.44648539","94.746169145",26.4,52.2
"Ashby, Aaron",676879,2026,28,"58","69.0",303,265,62,48,9,0,5,97,34,32,11.2,".234",".325",".323","0.648","61",".204",".289",".294",".268",".298",".085","71.9",23.5,12.3,9,30.9,22.7,"7.4",21,9.1,-0.9,47.5,33.4,"87.6","4.7",29.4,4.7,39.4,"74.885665765","94.335963609",32.3,41.1
"Thielbar, Caleb",573204,2024,37,"59","47.1",216,188,50,35,9,0,6,53,24,24.5,11.1,".266",".410",".344","0.754","23",".233",".398",".327",".316",".319",".165","70.2",12.8,12.5,9.5,30.3,22.9,"7.2",5,10.6,-2.4,54.2,30.9,"88.3","16.2",34.5,10.1,33.8,"77.094068116","93.819488613",24.7,48.4
"Gómez, Yoendrys",672782,2025,25,"21","62.2",277,243,60,38,9,1,12,58,27,20.9,9.7,".247",".440",".330","0.770","50",".249",".467",".335",".347",".334",".218","71.7",24.2,13.4,10.4,33.7,26.2,"7.3",9,10.4,-1.2,57.9,32.3,"89.4","17.5",36.9,12.4,37.4,"79.100776559","94.185554595",23.9,47.1
"Suarez, Ranger",624133,2025,29,"26","157.1",651,602,154,113,25,2,14,151,38,23.2,5.8,".256",".374",".305","0.679","63",".226",".351",".298",".278",".278",".125","71.8",25,13.7,10.7,33.1,25.9,"7.4",10,11.2,-3.1,47.1,33.4,"86.5","12.9",29.2,5.5,31.1,"74.916710313","93.042499196",22.2,47.9
"Heaney, Andrew",571760,2025,34,"27","122.1",536,479,129,69,34,1,25,86,40,16,7.5,".269",".501",".335","0.836","57",".284",".492",".357",".362",".348",".208","72.1",27.5,17.8,14.3,36.7,29.6,"7.3",9,9,-1.3,47.2,32.1,"90.2","15.1",37.7,10.3,43.6,"79.264750152","94.947389467",19.9,47.5
"Heaney, Andrew",571760,2024,33,"32","160.0",693,634,159,105,30,1,23,159,41,22.9,5.9,".251",".410",".307","0.717","64",".251",".442",".312",".328",".309",".191","72",25.6,14,10.5,32.3,24.3,"7.4",20,10.4,-2.6,49.2,32.7,"89.6","18.2",37.4,8.4,40.1,"78.990582236","94.388347616",26.3,50.3
"Beeter, Clayton",690925,2026,27,"40","38.0",160,130,24,15,3,0,6,39,24,24.4,15,".185",".346",".316","0.662","23",".216",".365",".294",".323",".350",".149","71.4",21.8,13.1,10,34.1,26.2,"7.3",11,8.3,1.2,45.5,33,"89.7","4.1",28.4,6.4,43.2,"79.806864783","94.182071304",28,44.8
"Eisert, Brandon",685126,2025,27,"72","69.2",306,272,75,41,20,2,12,74,25,24.2,8.2,".276",".496",".344","0.840","22",".238",".418",".353",".314",".314",".181","71.5",21.7,15.9,10.8,32.9,22.4,"7.4",10,11.3,-4.1,58.3,32.4,"87.8","13.2",38.6,9.5,37.1,"76.389994545","93.646268426",32,46.8
"Kolek, Stephen",663568,2024,27,"42","46.2",211,195,59,46,9,0,4,39,12,18.5,5.7,".303",".410",".352","0.762","30",".280",".416",".336",".332",".331",".136","70.4",16.4,12.2,9.9,33.2,27,"6.9",5,3.9,10.1,42.3,32.2,"88.1","3.6",30.8,3.8,41,"76.118934211","94.213670921",21.1,49.3
"Raley, Brooks",548384,2023,35,"66","54.2",236,203,44,29,11,0,4,61,25,25.8,10.6,".217",".330",".319","0.649","27",".209",".327",".289",".286",".313",".118","71.5",19.4,12.4,9.1,24,17.6,"7.7",3,14.9,-8.6,54.2,33.8,"85.8","15.7",31.3,4.9,29.2,"73.900633944","92.883279155",29.3,43.4
"Estrada, Jeremiah",669093,2024,25,"62","61.0",252,224,42,30,8,0,4,94,23,37.3,9.1,".188",".277",".259","0.536","32",".186",".286",".239",".253",".263",".100","71",21.7,9.2,5.9,27.5,17.8,"7.2",6,9.5,-1.6,50.6,31,"89.2","17.5",35.8,5.2,37.3,"79.316654925","93.81656194",36,53.7
"Lauer, Eric",641778,2023,28,"10","46.2",211,185,54,26,12,0,16,43,24,20.4,11.4,".292",".616",".370","0.986","34",".299",".575",".411",".405",".378",".275","74.5",48.7,16.1,12.8,38.7,30.8,"7.6",0,10,-1.3,66.7,32.5,"91.7","21.8",41,13.9,45.1,"82.100517639","95.026071875",22,46.9
"Syndergaard, Noah",592789,2023,30,"18","88.2",391,358,104,62,17,3,22,56,19,14.3,4.9,".291",".539",".340","0.879","55",".296",".544",".371",".381",".348",".248","71.4",18.7,17.5,14.9,35.5,30.2,"7.3",1,9.9,-0.9,57.7,33.7,"88.7","14.8",38.9,11.1,42.2,"76.831032434","94.369710132",17.9,49.1
"Yesavage, Trey",702056,2026,22,"18","93.2",386,330,61,30,21,0,10,91,46,23.6,11.9,".185",".339",".285","0.624","34",".200",".330",".280",".285",".300",".130","72.2",27,10.4,7.5,31.9,22.9,"7.5",17,13.2,-5.7,52.4,32.3,"88.3","20.7",36.4,6.1,34,"78.103157273","93.347663636",30,47.3
"Gallen, Zac",668678,2026,30,"19","98.0",440,401,122,81,19,4,18,61,31,13.9,7,".304",".506",".358","0.864","47",".312",".531",".372",".383",".365",".218","72.5",30.5,18.6,15.3,40.2,33.1,"7.5",12,12.2,-5.3,58.2,34.1,"90.8","11.9",34.3,11,44.7,"80.244577427","95.102276637",19,46
"Honeywell, Brent",641703,2023,28,"40","52.1",235,204,53,37,4,2,10,45,24,19.1,10.2,".260",".446",".350","0.796","24",".273",".458",".347",".361",".363",".185","71.4",23.3,16.5,12.6,34.2,26.2,"7.6",0,14.2,-7.3,51,33.2,"90.9","10.4",30.4,8.1,47.8,"80.587708125","95.2103195",24,46.8
"Mlodzinski, Carmen",669387,2025,26,"34","99.0",419,385,102,72,20,2,8,89,27,21.2,6.4,".265",".390",".320","0.710","43",".261",".395",".312",".313",".316",".135","71.6",24.4,15.8,12.2,36.6,28.3,"7.3",11,8.6,-0.7,47.1,33.2,"90.2","8.6",34.8,6.1,40.1,"79.93386863","94.732405308",23,46.6
"Tinoco, Jesus",622786,2024,29,"32","40.2",162,147,27,20,3,1,3,42,12,25.9,7.4,".184",".279",".259","0.538","19",".210",".357",".241",".284",".283",".148","71",19.3,10.1,7.7,29.3,22.3,"7.5",8,11.9,-5.5,46.3,34.7,"87.1","13",28.6,6.7,33.3,"75.889197692","93.22449375",26.4,48.8
"Brash, Matt",666374,2023,25,"78","70.2",308,269,65,51,9,2,3,107,29,34.7,9.4,".242",".323",".325","0.648","40",".208",".306",".292",".280",".300",".099","71",19,11.5,7.6,29.3,19.4,"7.3",11,10.5,-1.4,45.9,32.6,"88.1","12.5",31.3,4.8,34.3,"77.214648072","93.573118788",38.3,44.5
"Webb, Logan",657277,2026,29,"22","139.0",560,519,116,87,14,6,9,110,32,19.6,5.7,".224",".326",".276","0.602","76",".249",".365",".268",".295",".301",".116","72.2",28.5,13.4,10.8,31.9,25.7,"7.2",15,8.7,1.5,50.1,34.1,"87.8","7.2",30.2,5.1,38,"76.255712794","93.765406978",20.8,48.2
"Leasure, Jordan",673929,2024,25,"33","31.1",142,120,32,18,7,1,6,26,18,18.3,12.7,".267",".492",".362","0.854","9",".241",".434",".366",".339",".340",".193","71.2",20.2,13.1,9.9,33.9,25.6,"7.1",7,7.6,0.3,54.2,30.4,"88.8","17.8",34,7.2,35.1,"78.728604792","93.544683053",26.6,48.4
"Messick, Parker",800048,2025,24,"7","39.2",165,159,46,35,7,0,4,38,6,23,3.6,".289",".409",".315","0.724","15",".237",".368",".315",".274",".265",".131","72",28.2,12.4,9.4,35.1,26.7,"7.3",3,8,1.4,47.1,32.3,"88.1","9.8",33.1,5.8,29.8,"77.579424262","93.461058264",26,46.1
"Roupp, Landen",694738,2025,26,"22","106.2",476,422,113,79,23,0,11,102,45,21.4,9.5,".268",".400",".340","0.740","54",".248",".408",".325",".319",".323",".161","71.8",25.1,15.2,11.5,36.7,27.8,"7.5",14,12.9,-4.9,45.9,34.6,"88.4","9.8",36.5,8.9,36.5,"76.827210559","94.175041433",25.2,43.8
"Nelson, Ryne",669194,2023,25,"29","144.0",619,559,159,88,37,10,24,96,46,15.5,7.4,".284",".515",".334","0.849","97",".263",".493",".357",".349",".319",".230","72.1",28.8,16.1,13.1,35.8,29.1,"7.2",2,9,-0.8,53.1,32,"90.8","16.2",37.1,11.6,42.7,"80.703908814","94.897921525",20.3,49.8
"Miller, Bryce",682243,2023,24,"25","131.1",537,501,124,70,36,0,18,119,26,22.2,4.8,".248",".427",".293","0.720","66",".264",".473",".309",".337",".310",".209","72.2",23.2,15.3,11.6,34.2,26,"7.2",7,8.9,0.9,50.6,31.6,"90.7","17.8",38.7,10.9,42.1,"80.533819372","94.75094644",24.3,52.8
"Young, Brandon",687064,2026,27,"20","113.2",507,456,117,80,21,1,15,96,42,18.9,8.3,".257",".406",".319","0.725","75",".258",".412",".319",".323",".323",".154","71.9",26.1,15.2,12,35.5,28.1,"7.3",25,9.8,-1.1,49.5,30.5,"89.4","14.1",34.2,6.9,41.1,"78.586816722","94.34501195",23.4,49.9
"Foley, Jason",671345,2023,27,"70","69.0",276,259,65,48,13,2,2,55,15,19.9,5.4,".251",".340",".293","0.633","31",".259",".384",".275",".299",".302",".125","71.2",16.8,14.8,12.3,30.1,25,"7.1",6,6.4,4.5,47.5,34.5,"88.2","3.7",29.3,4.4,42,"75.64732049","94.552937143",17.9,48.4
"Olson, Reese",681857,2025,25,"13","68.2",285,254,58,41,12,0,5,65,25,22.8,8.8,".228",".335",".310","0.645","35",".244",".391",".287",".313",".324",".147","71.1",21.1,15.1,11,37,27.1,"7.5",20,12.4,-6.6,48.6,34.1,"91.5","12",36.8,7.4,44.7,"81.731139149","95.248943138",29.7,44.4
"Ferguson, Tyler",621053,2024,30,"48","51.1",207,180,32,19,7,2,4,62,24,30,11.6,".178",".306",".282","0.588","22",".209",".374",".262",".301",".309",".165","71.2",20.7,10.5,7.8,23.7,17.5,"7.2",7,8.1,1.6,54.2,32.9,"88.2","17.3",31.9,8.4,38.7,"76.590678136","94.017449661",26.8,47.9
"Legumina, Casey",668984,2025,28,"48","49.2",219,190,47,31,9,0,7,55,25,25.1,11.4,".247",".405",".339","0.744","28",".217",".378",".325",".304",".314",".161","70.4",15.4,15.7,11.9,31,23.5,"6.9",8,6.1,6.1,43.8,30.8,"90.6","17.1",29.2,8.8,43.8,"79.801734412","95.008117941",24.6,49.6
"Barria, Jaime",642545,2023,26,"34","82.1",362,328,91,54,17,0,20,62,30,17.1,8.3,".277",".512",".340","0.852","54",".276",".495",".357",".352",".339",".219","72.6",28.3,14.3,11.5,33,26.5,"7.6",2,12.9,-5.5,58.9,32.4,"87.6","16.6",34,10.4,34,"76.306750597","93.493041124",22.9,48.5
"Lodolo, Nick",666157,2025,27,"29","156.2",642,592,138,92,23,1,22,156,31,24.3,4.8,".233",".387",".285","0.672","76",".227",".388",".293",".291",".280",".161","71.6",22.1,14.1,10.6,32.5,24.4,"7.4",32,10.7,-2.7,46.7,32.4,"88.8","12.6",31,8.2,40.5,"77.560730837","94.23638627",27.5,50
"Romero, JoJo",668941,2024,27,"65","59.0",243,220,52,33,11,0,8,51,16,21,6.6,".236",".395",".302","0.697","40",".267",".465",".305",".346",".329",".198","71.6",22.2,20.6,16.2,44,34.6,"7.4",9,9.5,-1.5,52.2,32.7,"89.9","7.9",34.5,10.6,39.8,"79.342751566","94.412021758",25.4,43.7
"Darvish, Yu",506433,2024,37,"16","81.2",331,300,65,39,13,1,12,78,22,23.6,6.6,".217",".387",".274","0.661","46",".226",".392",".286",".298",".285",".166","71.5",21.8,11.2,8.5,32.4,24.5,"7.6",4,14.1,-8.4,53.9,33.9,"89.4","17.1",32,7.5,39.9,"79.064280619","94.154535022",25.6,51.5
"Hancock, Emerson",676106,2025,26,"22","90.0",385,346,93,62,16,0,15,64,31,16.6,8.1,".269",".445",".336","0.781","59",".291",".468",".339",".358",".357",".178","72.1",26.8,15.4,12.5,32.7,26.6,"7.2",5,8.1,1.2,46.8,33.3,"89","13.4",35.4,7.7,42.5,"77.615179437","94.459962923",20.3,49.6
"Gomber, Austin",596295,2023,29,"27","139.0",603,552,164,100,35,3,26,87,43,14.4,7.1,".297",".513",".351","0.864","85",".289",".505",".368",".363",".343",".217","73.1",34.2,15.5,12.9,35.4,29.5,"7.4",2,11.2,-3.8,54.9,32.1,"90.5","12.8",31.3,9,44.3,"79.777446652","94.9510922",19.1,47.5
"Sandoval, Patrick",663776,2023,26,"28","144.2",652,567,145,103,29,1,12,128,74,19.6,11.3,".256",".374",".344","0.718","78",".256",".403",".318",".331",".347",".147","71.3",21.1,10.2,7.6,30.3,22.7,"7.4",9,9.4,-1.6,43.8,32.4,"87.6","9.4",38,7,35.1,"76.334476941","93.456079153",27.7,46.6
"Kelly, Kevin",687330,2024,26,"68","70.2",278,261,59,42,8,2,7,63,9,22.7,3.2,".226",".352",".264","0.616","17",".240",".372",".268",".288",".278",".132","71.3",19.5,14.4,11.8,32.5,26.6,"7.2",7,7.5,1.5,40.6,32.7,"86.9","4.9",29.9,5,36.8,"74.480663434","93.764899289",20.1,44.8
"Ray, Robbie",592662,2025,33,"32","182.1",755,671,148,85,39,2,22,186,73,24.6,9.7,".221",".383",".298","0.681","97",".219",".385",".299",".300",".299",".166","71.9",25.2,13.4,9.8,32.6,23.8,"7.3",20,10.9,-2.1,52.6,30.7,"91","17.7",35.4,9.6,44.7,"81.357482769","94.734721694",27.8,49.3
"Povich, Cade",700249,2024,24,"16","79.2",352,313,80,44,22,2,12,69,34,19.6,9.7,".256",".454",".332","0.786","35",".229",".411",".339",".316",".309",".182","71.4",19.2,12.8,10,32,24.9,"7.3",7,11.2,-2.3,55.2,30.7,"88.4","17.8",32.5,8.9,36.6,"77.604254426","93.762288566",22.3,47.2
"Megill, Trevor",656730,2026,32,"49","48.0",186,170,28,21,7,0,0,54,12,29,6.5,".165",".206",".223","0.429","15",".198",".316",".193",".248",".254",".118","71.3",20.8,10.2,7.3,36.1,25.7,"7.3",12,10.1,-2.5,54.1,31,"91","18.6",29.4,5,41.2,"82.201775088","94.338929211",32.3,52
"Mize, Casey",663554,2026,29,"19","102.0",408,375,84,51,25,1,7,95,25,23.3,6.1,".224",".352",".271","0.623","43",".229",".361",".273",".283",".279",".132","72.8",32.3,12.7,9.6,32,24.3,"7.4",12,11,-3.3,58.6,31.6,"88.8","18.3",35.9,7.7,36.9,"78.602469366","93.706531479",25.3,48.2
"Ginkel, Kevin",656464,2026,32,"55","52.0",209,189,43,26,10,1,6,49,15,23.4,7.2,".228",".386",".279","0.665","34",".233",".404",".287",".302",".289",".171","71.9",24.5,13.1,9.8,36.9,27.6,"7.4",17,10.3,-2.1,54.7,31.7,"89.9","15.4",32.4,9.7,40.7,"80.060994225","94.143710922",29.8,50.4
"Pearson, Nate",663878,2024,27,"60","66.1",285,255,67,41,14,0,12,74,21,26,7.4,".263",".459",".319","0.778","17",".241",".443",".333",".330",".306",".202","70.5",14.7,14.7,11.1,40.5,30.5,"7.3",15,10.3,-4.5,48.8,30.2,"90.9","16.8",38,10.2,45.5,"81.328956452","94.629260108",27.8,46.6
"Rodón, Carlos",607074,2026,33,"9","46.1",194,164,32,20,9,0,3,52,26,26.8,13.4,".195",".305",".306","0.611","33",".212",".324",".281",".296",".324",".111","72.2",27.3,9.4,7,26.8,19.8,"7.4",13,10.7,-2.4,54.4,32.5,"89.9","13.5",33,5.2,35.7,"80.879946491","93.732418772",28.8,48.2
"Kuhnel, Joel",669270,2026,31,"35","35.1",157,139,40,27,7,0,6,22,12,14,7.6,".288",".468",".357","0.825","11",".297",".441",".357",".355",".367",".144","72.3",26.2,19.2,15.4,36.2,29,"7.3",6,10.8,-1.2,60.5,34.2,"89.1","9.7",30.3,6,39.5,"78.257379661","94.174692735",22.6,47.2
"García, Luis",472610,2024,37,"60","59.0",254,235,61,40,13,0,8,53,15,20.9,5.9,".260",".417",".311","0.728","26",".234",".385",".314",".296",".289",".151","71.5",22.5,14.5,11.4,35.3,27.8,"7.3",9,10.4,-1.5,49.9,33.5,"88.7","6.3",33.9,7.1,39.3,"77.192155217","94.284691093",24,49.7
"Guerrero, Tyron",594027,2026,35,"31","31.0",128,121,28,23,3,0,2,34,5,26.6,3.9,".231",".306",".273","0.579","12",".210",".299",".257",".243",".254",".089","71.2",21.3,6.8,5,24.9,18.3,"6.9",1,4.2,8.6,39.8,31.6,"85.4","2.7",28.7,3.5,31,"72.840053902","92.980968415",25.4,57.7
"Fluharty, Mason",689254,2025,23,"55","52.2",215,187,36,22,8,0,6,56,24,26,11.2,".193",".332",".290","0.622","33",".205",".350",".271",".284",".302",".145","71.4",21.2,11.4,8.2,29.3,21.2,"7.3",11,10.6,-2.6,53.6,30.3,"86.6","16.3",30.1,7.5,33.1,"74.875064242","93.20536855",31.9,46.3
"Jones, Jared",683003,2026,24,"14","64.0",269,244,56,30,13,2,11,72,21,26.8,7.8,".230",".434",".295","0.729","27",".219",".392",".317",".297",".285",".173","72.5",28.3,12.8,9.1,33.1,23.5,"7.3",9,9.7,-3.1,54.2,32.7,"89.6","16.4",33.9,8.6,39.1,"79.221889767","94.279301105",31,48.3
"Tyler, Kyle",667725,2024,27,"8","31.2",142,123,37,30,3,0,4,25,18,17.6,12.7,".301",".423",".394","0.817","17",".293",".469",".363",".379",".388",".176","71.7",26.3,17.5,13.9,38,30.1,"7.4",4,11.6,-2.2,51.4,32.5,"88.7","10.2",32.7,8.2,45.9,"76.495926939","94.751034286",26.1,44.3
"Weathers, Ryan",677960,2026,26,"24","134.0",551,506,122,85,17,2,18,140,38,25.4,6.9,".241",".389",".296","0.685","48",".251",".417",".301",".316",".308",".166","72.6",30.7,16.7,12.5,36.1,27,"7.5",20,11,-3.7,48.7,33,"89.4","9.3",31.4,8.4,41.1,"77.981084645","94.606172712",27,44.9
"Blalock, Bradley",687134,2025,24,"14","58.2",275,243,85,59,9,0,17,27,23,9.8,8.4,".350",".597",".405","1.002","29",".322",".591",".423",".409",".383",".269","71.8",24.9,19.1,16.1,39.2,33.2,"7.2",7,9,0.4,53.5,31.9,"91.4","12.8",36.5,12.2,45.9,"80.714571545","95.462649636",15.9,47.5
"Canning, Griffin",656288,2024,28,"32","171.2",739,656,174,112,28,3,31,130,66,17.6,8.9,".265",".459",".334","0.793","84",".257",".448",".341",".338",".328",".191","72.2",26.7,14.6,11.3,36.2,27.8,"7.4",26,11,-3,54.7,32.2,"90.5","14.3",32.4,8.6,41.9,"80.443886517","94.700505891",24.5,48.4
"Glasnow, Tyler",607192,2026,32,"7","39.2",148,134,20,9,5,1,5,49,13,33.1,8.8,".149",".313",".223","0.536","28",".180",".324",".235",".252",".251",".144","71.7",25.9,13.9,10.5,38.2,28.6,"7.2",9,10.6,-3,57,32,"90.4","14.3",30.2,8.1,38.4,"81.822428372","93.85257907",29.8,43.1
"Senzatela, Antonio",622608,2025,30,"30","130.0",618,554,192,128,39,3,22,73,47,11.8,7.6,".347",".547",".402","0.949","41",".319",".544",".406",".395",".380",".225","71.3",23.1,19.9,16.6,42.3,35.3,"7.1",16,7.2,3.4,44.1,32.1,"90.9","10.4",36.4,9.3,46,"79.952632708","95.433018917",18.1,46.7
"Romero, JoJo",668941,2025,28,"65","61.0",255,217,47,36,9,0,2,55,29,21.6,11.4,".217",".286",".311","0.597","49",".220",".343",".265",".291",".318",".123","71.5",21.9,15.4,11.7,34.7,26.2,"7.4",11,10.7,-3.6,53.4,32.9,"87.3","5.1",28.6,7.3,35.1,"75.560028293","93.63772638",27,41.5
"Sears, JP",676664,2023,27,"32","172.1",735,662,165,94,33,4,34,161,53,21.9,7.2,".249",".465",".319","0.784","65",".242",".457",".335",".332",".314",".214","72.3",27.1,16,12.1,33,25,"7.5",9,10.3,-3.6,49.5,33.2,"88.6","22.6",32.7,11.1,38.4,"77.25363428","94.084952044",24.8,51
"Soriano, George",666277,2023,24,"26","52.0",228,197,46,31,9,0,6,52,23,22.8,10.1,".234",".371",".326","0.697","25",".247",".407",".308",".328",".339",".160","71.3",21.2,15.6,11,37.1,26.3,"7.4",5,11.3,-3.8,52.5,31.4,"89.9","13.1",34.5,7.4,38.5,"79.743508649","94.351616395",28.8,44.5
"Lodolo, Nick",666157,2026,28,"14","71.2",316,269,73,47,13,1,12,57,29,18,9.2,".271",".461",".357","0.818","36",".287",".465",".356",".369",".376",".179","72.1",25.7,15.4,12.4,33.6,26.9,"7.4",10,10,-1.8,45,33,"90.2","12.1",35,8.9,38.6,"79.717134762","94.627959",21.9,46.3
"McGreevy, Michael",700241,2026,25,"24","132.0",538,500,127,80,27,2,18,91,34,16.9,6.3,".254",".424",".299","0.723","62",".284",".490",".314",".355",".330",".206","72.4",31.4,17.6,14.6,37.4,31.1,"7.3",18,9.6,-0.5,53.1,33.2,"90","11.3",33.7,10.2,42.6,"79.082260539","94.890524324",19.2,44.7
"Ryu, Hyun Jin",547943,2023,36,"11","52.0",224,206,53,32,12,0,9,38,14,17,6.3,".257",".447",".306","0.753","32",".245",".394",".323",".304",".299",".149","71.5",21.1,17.2,14,34.7,28.2,"7.4",5,11,-4.1,48.2,31.7,"87.8","11.7",29.2,7.6,36.8,"76.900121548","93.399926726",21.1,48.1
"Thompson, Keegan",624522,2024,29,"24","30.1",127,107,19,11,4,1,3,36,18,28.3,14.2,".178",".318",".294","0.612","16",".218",".404",".277",".325",".328",".187","71.2",18.7,11.9,8.9,29.6,22,"7.3",3,9.7,-0.6,52.5,32.8,"90.6","12.9",41.7,12.5,47.2,"80.077421111","94.990143056",28.2,45.5
"Kochanowicz, Jack",686799,2024,23,"11","65.1",266,247,68,47,14,0,7,25,10,9.4,3.8,".275",".417",".325","0.742","21",".287",".461",".323",".348",".336",".173","71",18.3,16.1,13.7,37.6,32,"7.1",3,8.1,3.7,50,34.2,"90.3","3.6",29.1,6.3,44.4,"79.406982569","94.989052248",15.2,53.7
"Erceg, Lucas",668674,2023,28,"50","55.0",251,208,51,31,18,1,1,68,36,27.1,14.3,".245",".356",".371","0.727","31",".204",".305",".328",".298",".337",".102","70.6",19.8,8.7,6.6,26.1,19.8,"7.1",4,7.4,3.3,37.9,34.1,"86","7.9",34,6.4,33.3,"74.335598451","92.859649858",28.4,41.5
"Morán, Jovani",663558,2023,26,"43","42.1",184,155,35,26,3,3,3,48,27,26.1,14.7,".226",".342",".341","0.683","12",".208",".327",".307",".296",".326",".119","71.7",22.5,23.8,12.5,42.9,22.5,"7.6",0,15.7,-13,46.3,34,"86.2","15.1",32.1,6.5,27.5,"74.957443269","92.705976923",37,42.1
"Stratton, Hunter",676702,2024,27,"36","37.2",158,145,37,26,8,0,3,33,7,20.9,4.4,".255",".372",".303","0.675","13",".230",".363",".297",".286",".280",".133","71.5",23.9,14,10.8,29.5,22.7,"7.3",3,10.3,-2.4,55.6,31.6,"87.3","19.4",32.2,6.1,31.3,"76.05360375","93.397733694",27.4,52.3
"Soto, Gregory",642397,2023,28,"69","60.1",250,224,47,31,10,0,6,65,22,26,8.8,".210",".335",".284","0.619","34",".196",".305",".274",".259",".272",".109","70.7",20.8,14,9.2,35.1,23.1,"7.3",6,8.6,-1.3,39.9,33.7,"87.4","8.4",28.6,5.6,34.8,"75.982967722","93.412218924",34.2,48.1
"Varland, Gus",681402,2026,29,"33","31.2",151,132,43,23,12,1,7,30,15,19.9,9.9,".326",".591",".387","0.978","12",".303",".579",".411",".400",".370",".276","72.1",29.7,16.8,13.3,39.1,30.9,"7.2",3,8.5,0,53.5,29.9,"93.8","20.3",46.2,16.2,50,"84.997393333","96.217845588",21.6,49.9
"Gonzales, Marco",594835,2023,31,"10","50.0",215,195,55,36,14,0,5,34,18,15.8,8.4,".282",".431",".340","0.771","31",".285",".445",".334",".349",".350",".160",,,,,,,,,,,,,"89.7","13.8",37.4,6.7,36.8,"79.9982705","93.984348",20.1,48.6
"Yamamoto, Yoshinobu",808967,2026,27,"22","145.1",556,515,96,63,17,1,15,136,34,24.5,6.1,".186",".311",".241","0.552","79",".219",".344",".245",".273",".273",".125","72.1",27.3,12.6,9.4,32.4,24.2,"7.3",10,8.8,-1.3,53.9,33.6,"87.7","8.9",30.4,6.5,35.9,"76.177745904","93.771152553",25.9,49.1
"Alexander, Tyler",641302,2023,28,"25","44.0",181,172,44,26,10,0,8,44,5,24.3,2.8,".256",".453",".283","0.736","30",".231",".439",".313",".297",".260",".208",,,,,,,,,,,,,"89.2","18.8",38.8,10.9,40.3,"78.754392031","93.940287638",18.3,49.2
"Castillo, José",620454,2025,29,"29","32.0",149,129,40,29,7,0,4,30,14,20.1,9.4,".310",".457",".389","0.846","18",".252",".372",".367",".315",".341",".120","71.9",26.6,16.5,13.1,37.1,29.4,"7.5",3,10,-1.3,52,34.2,"89.7","4.2",34.7,6,42.6,"79.415740408","94.443429388",22.6,46.4
"Bradley, Taj",671737,2026,25,"24","135.2",579,514,116,73,24,0,19,151,59,26.1,10.2,".226",".383",".308","0.691","88",".229",".383",".307",".310",".313",".154","72.2",28.4,13,9.9,32.3,24.5,"7.3",26,9.6,-1.5,53.5,31.8,"90.8","15.6",38.5,9.6,45.1,"80.834754396","94.867954368",26,47
"Sears, JP",676664,2026,30,"8","32.2",143,128,33,24,3,0,6,25,11,17.5,7.7,".258",".422",".324","0.746","12",".263",".441",".328",".345",".334",".178","72.2",30.6,18,14.8,38.4,31.6,"7.2",3,6.4,0.5,42.5,32.9,"90.6","16",27.9,8.7,45.2,"81.108293137","94.414000882",20.7,47.4
"Skubal, Tarik",669373,2025,28,"31","195.1",748,706,141,95,26,2,18,241,33,32.2,4.4,".200",".319",".240","0.559","100",".206",".344",".245",".258",".246",".138","71.1",20.8,9.7,6.5,26.6,17.9,"7.3",27,9.2,-0.8,43.5,31.9,"86.1","12.7",35.6,8.1,33,"73.770997639","93.244404688",32.5,54.8
"Davis, Noah",663562,2023,26,"8","30.0",146,126,43,31,6,0,6,26,15,17.8,10.3,".341",".532",".425","0.957","11",".250",".400",".412",".335",".348",".150","71.9",21.7,12.1,9.6,24.2,19.3,"7.3",0,10.1,-2.8,51.7,32.9,"89.3","13.7",29.7,5.9,38.6,"79.2047086","93.8069757",19.8,47.1
"De Los Santos, Enyel",660853,2026,30,"54","57.1",235,219,54,35,11,1,7,53,13,22.6,5.5,".247",".402",".288","0.690","11",".236",".380",".299",".287",".279",".145","71.8",22.6,12.2,8.9,30.6,22.4,"7.4",7,11.5,-3.9,47.8,30.5,"87.9","18",35.5,5.3,36.7,"77.20328631","93.428275329",28.4,55.2
"Cavalli, Cade",676917,2026,27,"26","136.2",578,520,129,93,21,0,15,151,41,26.1,7.1,".248",".375",".315","0.690","120",".242",".378",".307",".307",".312",".136","72",25.1,12.7,9.7,31.1,23.8,"7.3",29,8.8,0,52.6,32.6,"89.1","8",33.4,7.3,40.6,"78.078779081","94.297172141",25.7,47.5
"Soroka, Michael",647336,2026,28,"17","92.0",375,347,81,55,18,2,6,88,21,23.5,5.6,".233",".349",".286","0.635","52",".255",".407",".281",".312",".307",".153","72.2",25.9,12.8,10.2,28,22.5,"7.4",11,11.9,-4,54.1,33.3,"87.6","16.6",37.2,8,32.6,"76.739183846","93.341717297",22,49.9
"Soriano, José",667755,2025,26,"31","169.0",724,634,158,117,28,1,12,152,78,21,10.8,".249",".353",".335","0.688","99",".242",".367",".309",".312",".330",".125","72.3",28.8,19.1,14.4,38.6,29.1,"7.4",35,9.6,0.4,52,34,"91.4","-2.8",26.8,7.2,48.2,"79.974239247","95.946385146",27,44.8
"La Sorsa, Joe",686747,2023,25,"25","32.2",145,130,32,24,5,0,3,28,9,19.3,6.2,".246",".354",".324","0.678","30",".270",".377",".304",".324",".346",".107","70.5",12.9,12.6,9.5,32.4,24.5,"7.4",1,13.1,-8.3,46.7,32.5,"85.7","12.2",33.3,2,30.4,"74.845880588","92.374209901",22.5,46.9
"Criswell, Cooper",681867,2026,29,"26","30.2",121,109,28,21,3,1,3,23,8,19,6.6,".257",".385",".308","0.693","16",".240",".358",".301",".286",".295",".117","71.1",16.9,14.9,12,31.8,25.7,"7.2",4,8,0.6,44,32.7,"87.2","5.9",22.5,4.5,36,"74.785562273","93.798142727",22,48.3
"Burrows, Mike",681347,2025,25,"23","96.0",402,362,88,62,11,2,13,97,31,24.1,7.7,".243",".392",".308","0.700","47",".247",".425",".305",".322",".314",".178","72",25.1,16.4,12,34,25,"7.5",9,13.1,-6.9,52.2,30.9,"89.2","13.8",33.1,10.8,42,"77.441745","94.693836269",27,48.7
"Berríos, José",621244,2024,30,"32","192.1",786,714,168,112,21,4,31,153,54,19.5,6.9,".235",".406",".300","0.706","126",".262",".447",".308",".336",".325",".185","71.7",24,15,12.2,36,29.2,"7.3",26,9.5,-1.3,51,33,"89.6","13.4",36.3,7.8,41.8,"79.087839143","94.188449928",21.1,46.7
"Weaver, Luke",596133,2024,30,"62","84.0",331,296,52,29,9,4,10,103,26,31.1,7.9,".176",".334",".248","0.582","44",".197",".370",".256",".286",".272",".173","71.2",22.2,11.8,7.7,31,20.2,"7.3",10,10.8,-1.1,55.3,30.6,"89.1","16.5",36.4,8.6,38.4,"77.937654388","94.297465641",33.5,49.7
"Mize, Casey",663554,2025,28,"28","149.0",627,581,153,98,30,4,21,139,36,22.2,5.7,".263",".437",".307","0.744","93",".236",".412",".319",".298",".282",".177","72.3",28.2,15.1,11.5,35.4,27,"7.3",10,10.1,-1,54.7,32.2,"90","14",36.1,9.2,42.5,"79.394689775","94.590713063",24.1,49.6
"Soto, Gregory",642397,2025,30,"70","60.1",279,241,62,49,9,0,4,70,24,25.1,8.6,".257",".344",".349","0.693","27",".238",".343",".312",".305",".333",".106","71.2",16.4,14.3,10.5,32.7,24,"7.4",14,10.3,-3.9,43.9,32.5,"88.9","10.5",33.9,4,37.9,"77.394929176","94.241314176",29.9,47
"Beeks, Jalen",656222,2025,31,"61","57.1",231,208,42,25,11,0,6,47,20,20.3,8.7,".202",".341",".277","0.618","36",".235",".398",".271",".306",".308",".163","72.4",26.4,13,9.6,29.1,21.4,"7.2",5,9.3,-1.2,49.8,31.6,"88.5","12.5",29,10.5,39.5,"76.33152625","94.389777875",27.7,49.2
"Blanco, Ronel",669854,2024,30,"30","167.1",676,599,114,63,26,3,22,166,68,24.6,10.1,".190",".354",".273","0.627","90",".224",".398",".276",".311",".305",".174","71.8",26.1,13,9.4,30.8,22.2,"7.5",17,13.4,-6.1,55,31.5,"88.7","16.4",30.1,9.4,35.5,"78.14814367","93.702377385",29,48.6
"Chirinos, Yonny",630023,2023,29,"20","85.0",367,331,91,53,22,1,15,53,27,14.4,7.4,".275",".483",".336","0.819","61",".294",".512",".350",".373",".356",".218","72.2",27.5,14,11.1,36.6,29,"7.5",2,12.7,-4.8,48.4,34.9,"91.3","9.9",34.9,9.3,45.6,"81.408703333","95.087772349",17.7,48.7
"Wolfram, Grant",664991,2026,29,"45","37.0",168,148,41,24,12,2,3,43,13,25.6,7.7,".277",".446",".349","0.795","30",".237",".370",".346",".302",".315",".132","71.3",22.9,11.5,8.9,29,22.5,"7.1",9,7.4,1.1,49,31.7,"88.9","12.9",30.6,6.5,36.1,"78.004395882","94.037902574",25.2,48.3
"Leone, Dominic",608678,2023,31,"51","54.0",235,201,49,26,7,2,14,54,28,23,11.9,".244",".507",".336","0.843","21",".243",".469",".352",".347",".340",".227","71.8",24.9,14.2,9.6,35.5,23.9,"7.5",8,10.7,-3.1,54.2,33.1,"89.7","14.7",36.4,11.9,44.4,"78.60371","94.596106556",34.1,50.7
"Garcia, Robert",676395,2024,28,"72","59.2",251,232,55,43,8,0,4,75,16,29.9,6.4,".237",".323",".288","0.611","26",".205",".297",".270",".250",".260",".092","71.3",20.1,9.3,6.5,28.9,20.1,"7.3",5,8.7,0.7,44.3,32.5,"87.7","11.5",29.6,3.2,30.2,"77.686503947","92.864831776",29.4,51.1
"Scott, Christian",681035,2026,27,"18","84.2",367,324,74,50,15,1,8,105,35,28.6,9.5,".228",".355",".319","0.674","43",".229",".356",".304",".304",".319",".127","72.2",27.5,7.5,5.7,25.7,19.4,"7.1",14,8,0.9,45.3,31,"87.2","16.9",40.6,6.8,34.7,"76.162286389","93.157108791",26.6,49.8
"Vesia, Alex",681911,2026,30,"55","42.1",185,155,24,16,5,1,2,56,29,30.3,15.7,".155",".239",".286","0.525","22",".178",".290",".244",".274",".310",".112","71.7",24.4,8.2,5.5,27.5,18.3,"7.3",11,9.7,-3.1,52.1,29.8,"87.8","20.7",31,6,36,"77.7639598","92.9326399",35,46.5
"Phillips, Tyler",663969,2026,28,"30","98.2",424,379,94,66,12,3,13,76,40,17.9,9.4,".248",".398",".325","0.723","39",".266",".424",".321",".336",".340",".159","72.9",33.1,16.2,12.4,38.2,29.3,"7.6",27,12.6,-5.6,49.9,34,"90.3","10.5",32.6,7.9,44.4,"80.190928067","94.603279167",25.7,46.2
"Woods Richardson, Simeon",680573,2025,24,"23","111.1",471,418,96,62,16,1,17,107,46,22.7,9.8,".230",".395",".308","0.703","52",".214",".402",".308",".304",".295",".188","72.1",26.9,13.9,10.9,32.3,25.3,"7.2",13,10.4,-1.2,52.6,31.9,"90.2","20",34,11.4,41.6,"80.370681656","94.323096369",24.1,48
"Mazur, Adam",800049,2024,23,"8","33.2",158,133,40,22,11,1,6,22,21,13.9,13.3,".301",".534",".399","0.933","16",".277",".447",".399",".366",".381",".171","71.5",23.7,13.1,10.8,39.3,32.3,"7.4",3,12.2,-4.6,56.9,30.4,"90.7","19.6",38.1,6.2,38.9,"81.676084386","94.167105398",18.4,43.8
"Javier, Cristian",664299,2023,26,"31","162.0",687,611,143,81,33,4,25,159,62,23.1,9,".234",".424",".309","0.733","105",".228",".451",".317",".325",".306",".222","71.8",25.3,11.9,8.9,29.7,22.1,"7.3",11,11.1,-1.7,58.1,30.2,"89.1","23.8",38.1,9.4,38.3,"78.877175219","93.876231451",27.1,48
"Wells, Tyler",669330,2023,28,"25","118.2",470,429,83,41,15,2,25,117,34,24.9,7.2,".193",".413",".257","0.670","55",".212",".441",".286",".306",".275",".228","70.9",20.6,11.4,8.4,24.1,17.8,"7.3",1,11.9,-2.7,67.9,30.7,"89","20.7",32.1,11.7,38.7,"77.869539808","94.191887404",26.4,47.2
"Shuster, Jared",694363,2024,25,"39","73.1",321,283,74,51,13,1,9,56,33,17.4,10.3,".261",".410",".333","0.743","16",".265",".428",".324",".334",".337",".163","71.1",19.4,11.3,8.8,32.5,25.2,"7.4",10,10.3,-2.4,49,33.3,"87.5","17.6",37.9,7.4,31.9,"76.890127391","93.046398952",23.4,47.3
"Martinez, Adrián",661309,2023,26,"22","55.0",241,212,59,41,8,2,8,47,19,19.5,7.9,".278",".448",".344","0.792","17",".274",".451",".341",".350",".347",".178","72.2",25.6,15.5,12.6,33.9,27.4,"7.3",7,9.1,-0.6,48.2,34.2,"88.6","13.7",42.4,10,37.6,"77.21628","94.169164588",23.1,45.5
"Hill, Rich",448179,2023,43,"32","146.1",660,587,165,94,44,4,23,129,58,19.5,8.8,".281",".487",".351","0.838","86",".275",".479",".359",".357",".347",".204","71.5",21.6,17.7,14.6,37.5,31,"7.2",6,8.4,-0.2,50.8,30.9,"89.4","14.3",37.3,10.1,39.9,"78.850617598","94.135267838",19.3,45.4
"Hall, DL",669084,2026,27,"30","37.2",152,124,20,14,3,0,3,38,26,25,17.1,".161",".258",".309","0.567","15",".203",".293",".271",".299",".344",".090","70.8",20.1,10.1,7.6,31.5,23.7,"7.3",4,8.7,-0.4,49.1,31.6,"86.9","9.6",27.6,5.8,31,"76.637003023","92.625074186",27.4,40.6
"Fedde, Erick",607200,2025,32,"32","141.0",623,546,147,94,32,2,19,83,67,13.3,10.8,".269",".440",".351","0.791","56",".275",".461",".344",".355",".357",".186","72",26.1,15,12.6,35.5,29.9,"7.2",18,8.5,1.9,51.3,32.6,"90.2","14.9",35.3,7.9,42.6,"80.198985764","94.366291335",18,44.7
"Johnson, Ryan",696270,2026,23,"15","60.1",271,236,64,42,6,0,16,47,29,17.3,10.7,".271",".500",".354","0.854","22",".265",".479",".369",".359",".350",".214","73.1",34.4,14.8,11.7,30.4,24,"7.6",8,13.6,-7.7,52.5,34.8,"88.3","19.9",32.8,11.5,37.5,"76.803961979","93.961843194",23.2,46
"Walter, Brandon",687888,2025,28,"9","53.2",212,204,46,27,8,1,10,52,4,24.5,1.9,".225",".422",".251","0.673","18",".237",".390",".288",".282",".262",".154","72.2",27.7,12.1,9.1,27.7,21,"7.4",6,11.1,-4.4,46.3,32.5,"86.2","12",30.7,7.2,38.6,"73.587650789","93.449561854",24.6,50.5
"Green, Chad",643338,2025,34,"45","43.2",190,175,51,31,6,0,14,35,13,18.4,6.8,".291",".566",".347","0.913","25",".268",".557",".385",".370",".326",".289","71.8",22.8,19.9,15.6,36.4,28.4,"7.3",5,10.3,-0.7,54.7,30.3,"92.3","18.3",35,16.4,52.9,"82.219181449","96.106873333",22.7,51
"Nola, Aaron",605400,2026,33,"25","130.0",567,514,143,86,24,3,30,138,46,24.3,8.1,".278",".512",".336","0.848","59",".245",".423",".363",".318",".308",".178","72.3",27.5,17.6,13.1,35.3,26.2,"7.5",14,14.4,-8.6,51,33.4,"88.7","13.7",34.6,9.7,41.6,"76.924475926","94.490785556",27.7,45.7
"Elder, Bryce",693821,2025,26,"28","156.1",679,616,167,109,32,2,24,131,51,19.3,7.5,".271",".446",".331","0.777","76",".266",".448",".336",".335",".327",".182","72.6",32,19,15.1,36,28.5,"7.5",25,11.7,-3.5,54.3,34.7,"90","8.5",34,7.8,43.8,"78.82004177","94.988058103",22.5,46.3
"Fujinami, Shintaro",660261,2023,29,"64","79.0",357,302,73,44,18,2,9,83,45,23.2,12.6,".242",".404",".350","0.754","36",".237",".411",".332",".334",".347",".175","71.4",21.8,11.4,8.4,28.6,20.9,"7.3",3,8.1,0.7,44.8,33,"90.4","13.9",33.3,7.7,44.6,"79.712802523","94.937518281",30.1,45.4
"Sánchez, Cristopher",650911,2023,26,"19","99.1",396,375,88,52,18,2,16,96,16,24.2,4,".235",".421",".271","0.692","48",".242",".412",".296",".299",".278",".171","72.4",31,17.5,13.1,36.1,27,"7.6",9,12.2,-5.8,45.7,33.6,"88.8","3.9",31,8.2,40.2,"76.691795396","94.726978195",26.4,48.2
"Hudson, Bryan",663542,2024,27,"43","62.1",231,208,28,13,7,1,7,62,17,26.8,7.4,".135",".279",".209","0.488","32",".195",".342",".218",".273",".266",".147","71",20.2,12.1,9.5,27.5,21.8,"7",7,4.6,6.2,37.6,33.8,"87.8","14.2",35.8,6.8,36.5,"76.378445676","93.743675068",21.5,47.7
"Gallen, Zac",668678,2023,27,"34","210.0",846,790,188,121,42,3,22,220,47,26,5.6,".238",".382",".284","0.666","124",".250",".434",".289",".315",".296",".184","72",26.7,16.9,13.5,38.7,30.9,"7.3",11,10.2,-0.9,53.3,32.7,"91.5","12.3",36.4,9.2,46.2,"82.024994196","95.003873538",26.4,47.2
"Pérez, Cionel",672335,2023,27,"65","53.1",247,212,56,44,10,0,2,44,27,17.8,10.9,".264",".340",".357","0.697","26",".240",".342",".311",".304",".337",".102","71.1",19.4,8.4,6.5,31.8,24.5,"7.1",5,6.3,2.7,40.1,33,"89.2","1.5",21.5,2.9,41.9,"77.698215952","94.507534048",20,46.2
"Honeywell, Brent",641703,2024,29,"20","37.2",150,132,32,21,8,0,3,18,12,12,8,".242",".371",".311","0.682","8",".281",".437",".300",".345",".347",".156","70.1",14.5,13.9,12,34.9,30.3,"7.1",4,6.2,3.1,47.1,32.1,"88.3","14",39,5.1,39.8,"77.165601207","93.884121293",15.3,46.2
"Abbott, Andrew",671096,2023,24,"21","109.1",459,409,100,59,24,1,16,120,44,26.1,9.6,".244",".425",".316","0.741","55",".223",".399",".320",".306",".299",".176","71.5",21.4,14.7,11.4,31.4,24.4,"7.3",13,9.1,-1.6,47.7,31.2,"91.2","21.6",36.7,9.2,42.5,"82.090583241","94.483927172",25.6,46.8
"Hamilton, Ian",641656,2025,30,"36","40.0",166,139,28,18,4,1,5,42,22,25.3,13.3,".201",".353",".313","0.666","14",".219",".389",".296",".315",".329",".169","71.2",25,11.1,8.2,30.2,22.4,"7.4",8,11.5,-3.7,49.8,32.9,"89.9","16.9",37,10.1,36,"80.179450816","94.043123299",27.8,49.5
"Cabrera, Edward",665795,2024,26,"20","96.1",417,361,82,54,12,1,15,107,49,25.7,11.8,".227",".391",".326","0.717","63",".241",".423",".317",".337",".338",".183","72.3",26.8,14.5,10.8,28.8,21.4,"7.4",20,11.6,-3.8,50.1,33.8,"89.7","10",32.4,8.6,45.7,"78.09417746","94.921917421",28,45.5
"Baz, Shane",669358,2025,26,"31","166.1",711,633,158,95,36,1,26,176,64,24.8,9,".250",".433",".325","0.758","92",".229",".386",".330",".306",".308",".156","71.8",24.8,13.1,10,31.2,23.7,"7.2",27,8.1,1.2,52.3,30.8,"89","10.7",32.3,9.5,39.4,"77.845062957","94.260697",25.8,49.2
"Bazardo, Eduard",660825,2026,30,"59","56.0",235,212,55,36,11,0,8,55,16,23.4,6.8,".259",".425",".309","0.734","31",".252",".416",".317",".316",".308",".164","72.1",25.5,11.2,9.1,33,26.8,"7.3",7,9.5,-2,57.1,32.1,"89.2","18.9",37.4,8.6,37.4,"78.841834375","93.97904673",21.3,46.4
"López, Reynaldo",625643,2023,29,"68","66.0",278,241,50,36,5,1,8,83,34,29.9,12.2,".207",".336",".307","0.643","23",".213",".384",".286",".308",".314",".172","71",21.7,10.3,7.4,23.7,17.1,"7.1",5,6.7,4.9,38.3,32.1,"88.1","14.3",33.3,9.4,38.4,"76.320518974","93.973551154",30.5,51.2
"Muller, Kyle",666205,2024,26,"21","49.1",202,188,48,32,10,0,6,36,10,17.8,5,".255",".404",".292","0.696","16",".261",".417",".294",".312",".303",".157","71.8",25,15,11.8,36.1,28.5,"7.2",3,8.4,2.5,54.7,31.8,"90.2","13.6",35.5,7.7,43.2,"80.150417821","94.370308258",22.7,51.7
"Wentz, Joey",666214,2025,27,"39","98.0",442,393,110,80,15,4,11,92,43,20.8,9.7,".280",".422",".348","0.770","65",".257",".421",".334",".329",".332",".164","71.7",23.2,15.4,12.1,32.5,25.6,"7.4",20,10.7,-4.7,49.3,32.9,"90.5","15.9",36.3,9.5,42.8,"80.603843974","94.649886954",23.5,49.2
"Webb, Logan",657277,2023,26,"33","216.0",850,811,201,143,34,4,20,194,31,22.8,3.6,".248",".374",".280","0.654","77",".251",".397",".283",".295",".283",".146","71.8",25.2,18.4,15.3,36,30,"7.3",9,7.9,2,50.8,34.5,"90.7","0.6",28.4,7,46,"79.69594423","95.252167361",20.8,47.4
"Abbott, Andrew",671096,2026,27,"25","133.0",578,507,125,88,19,1,17,102,64,17.6,11.1,".247",".389",".328","0.717","61",".258",".416",".318",".333",".341",".157","72.5",29,13.7,11.1,31,25,"7.3",25,9.9,-0.4,49.3,32.7,"89.5","16.6",32,7.5,38.1,"79.18277551","94.041377398",22.5,46.3
"Cruz, Fernando",518585,2025,35,"49","48.0",200,172,33,21,7,0,5,72,24,36,12,".192",".320",".300","0.620","30",".198",".332",".281",".288",".305",".135","71.3",21.3,17.7,10.6,37.3,22.4,"7.8",20,16.9,-18.1,47.6,31.5,"87.5","16.5",41.6,8.9,38.6,"75.3648042","93.7985887",46.5,42.9
"Coulombe, Danny",543056,2023,33,"61","51.1",210,195,45,35,6,0,4,58,12,27.6,5.7,".231",".323",".282","0.605","18",".217",".343",".269",".270",".270",".126","69.9",12.6,17.4,12.6,43,31.1,"7.1",7,8.3,-0.8,52.5,31.4,"85.6","13.7",26.8,5.8,30.4,"73.855585735","92.774530741",29.8,46.5
"Thompson, Mason",666168,2023,25,"51","54.0",240,211,62,46,10,2,4,44,22,18.3,9.2,".294",".417",".368","0.785","19",".254",".397",".345",".328",".337",".144","71.4",23.9,15.1,12.5,35.6,29.5,"7.4",0,10.6,-2.7,52.2,32.9,"86.6","7.2",30,5.3,35.9,"73.971674167","93.643920595",21.6,43.9
"Leiter, Jack",683004,2026,26,"15","80.0",355,314,80,52,12,2,14,83,35,23.4,9.9,".255",".439",".335","0.774","34",".257",".430",".340",".336",".338",".173","72.4",28,11.1,8.4,31,23.5,"7.2",15,10.4,-3.5,52.3,32.2,"88","16.2",37.8,10.3,39.9,"76.339515","94.090686983",25.4,47.9
"Burrows, Mike",681347,2026,26,"18","94.2",423,384,112,72,18,1,21,75,35,17.7,8.3,".292",".508",".357","0.865","46",".263",".441",".375",".337",".331",".178","72.6",29,14.4,11.5,33.2,26.5,"7.5",11,12.4,-5.4,54.3,31.4,"88.3","15.7",35.6,8.4,38.8,"77.094696234","93.877639707",21.6,49.3
"Hollowell, Gavin",668970,2023,25,"26","33.2",154,130,31,17,5,1,8,32,18,20.8,11.7,".238",".477",".357","0.834","17",".249",".448",".360",".356",".367",".199","70.9",20.9,12.2,9.3,29.5,22.5,"7",2,8.3,1.6,47.1,31.7,"86.6","20",37.8,8.2,35.7,"74.819953265","93.405662165",25.5,46.2
"Marte, Yunior",628708,2023,28,"40","39.1",182,163,47,32,8,1,6,38,17,20.9,9.3,".288",".460",".357","0.817","18",".255",".424",".354",".330",".329",".169","71.7",25.7,11.5,9.2,34.5,27.5,"7.4",6,11.4,-5.3,38.9,34.2,"87.1","11.6",28.6,8,34.1,"75.137260806","93.524892016",25,47.4
"King, Michael",650633,2025,30,"15","73.1",308,277,62,38,12,0,12,76,26,24.7,8.4,".224",".397",".299","0.696","42",".232",".427",".305",".319",".307",".194","71.5",20.2,15.4,11.7,32,24.2,"7.5",10,12.5,-4.9,52.4,32.2,"87.8","15.8",35.1,11.4,38.1,"75.256827327","94.366145373",25.8,44.1
"Gore, MacKenzie",669022,2023,24,"27","136.1",582,519,134,86,19,2,27,151,57,25.9,9.8,".258",".459",".330","0.789","60",".256",".476",".339",".347",".330",".220","71.9",24.5,11.6,8.8,25.5,19.4,"7.2",3,8.8,2.5,46.4,31.7,"89.9","14.5",35.1,12.1,43.7,"78.41922712","94.967012446",27.9,48.5
"Booser, Cam",592155,2024,32,"43","42.2",183,164,41,29,6,1,5,43,16,23.5,8.7,".250",".390",".311","0.701","36",".227",".388",".304",".298",".293",".162","70.7",18.5,11.8,8.5,35.4,25.4,"7.3",4,11,-3.2,58.8,31.9,"88.6","20.6",38.7,8.1,36.3,"78.02345459","93.842475574",28.9,52.8
"Schmidt, Clarke",657376,2024,28,"16","85.1",353,309,71,50,11,2,8,93,30,26.3,8.5,".230",".356",".312","0.668","37",".224",".359",".296",".304",".312",".136","71.7",26.9,12.9,9.3,29.8,21.7,"7.2",6,8.6,0.9,50.3,31.8,"89.1","16",31.7,6,38,"78.87294578","93.864991613",29.4,44.2
"Uceta, Edwin",670955,2024,26,"30","41.2",159,149,26,18,6,0,2,57,8,35.8,5,".174",".255",".222","0.477","13",".184",".262",".213",".222",".231",".078","71.4",23,8.8,5.8,25.9,17.2,"7.4",4,12,-5,61,31.2,"87.3","20.7",32.3,3.2,31.2,"76.943605652","93.000901648",34,51.6
"Jackson, Luke",592426,2023,31,"33","33.1",143,126,26,16,6,1,3,43,15,30.1,10.5,".206",".341",".294","0.635","15",".199",".345",".276",".282",".291",".146","71.8",23.7,13.9,9.6,35.2,24.3,"7.3",6,8.3,-1.1,51.9,33.5,"88.8","7.7",29.8,8.3,40.5,"77.798236667","94.044697381",30.4,49
"Soroka, Michael",647336,2023,25,"7","32.1",145,128,36,19,8,0,9,29,12,20,8.3,".281",".555",".361","0.916","30",".267",".486",".389",".361",".348",".219","71.1",17.9,16.3,11.9,38.8,28.4,"7.3",3,9.8,-0.7,54.4,31.5,"87.3","12.9",38,11,34,"75.610231837","93.616636837",23.5,45.3
"McFarland, T.J.",519008,2024,35,"79","56.2",235,210,53,37,12,0,4,39,17,16.6,7.2,".252",".367",".316","0.683","34",".238",".352",".293",".290",".306",".114","71",18.5,12.8,10.9,34.9,29.7,"7.3",11,9,-0.9,49.5,34.7,"87.5","3.2",26.3,4.6,34.9,"76.102289176","93.452573471",19.2,46.2
"France, J.P.",641585,2023,28,"24","136.1",581,524,138,98,20,1,19,101,47,17.4,8.1,".263",".414",".322","0.736","83",".264",".462",".319",".340",".325",".198","71.8",23.9,16.7,13.5,36.2,29.2,"7.4",2,12.2,-3.5,53.7,31.3,"89.6","13.1",33.9,8.1,38.7,"79.324354233","94.108334569",21.9,44.9
"Rogers, Tyler",643511,2023,32,"68","74.0",309,280,66,44,14,1,7,60,19,19.4,6.1,".236",".368",".289","0.657","31",".218",".311",".284",".259",".274",".092","70.8",19.3,13.7,11,33.6,27.1,"7.1",2,4.8,2.9,30.8,34,"84.4","8.7",26.2,2.2,27.6,"71.871971892","92.516102127",22.4,51.2
"Schlittler, Cam",693645,2025,24,"14","73.0",304,267,58,42,8,0,8,84,31,27.6,10.2,".217",".337",".309","0.646","50",".230",".384",".291",".315",".322",".154","72",28.2,9.3,7,24.5,18.4,"6.9",9,5.5,6.8,47.6,29.9,"89","14.5",41.3,8.2,40.2,"78.249297826","94.098445683",26.1,50.1
"Green, Chad",643338,2024,33,"53","53.1",210,190,41,26,7,0,8,46,14,21.9,6.7,".216",".379",".271","0.650","14",".232",".447",".276",".308",".286",".215","71.6",24.5,14,10.9,32.2,25.1,"7.2",6,9.6,0.7,61.7,29.3,"91.3","17.2",35.1,8.8,45.9,"81.357816622","95.150588986",23.3,52.6
"Gomber, Austin",596295,2025,31,"12","57.2",272,252,82,46,18,2,16,34,17,12.5,6.3,".325",".603",".369","0.972","21",".279",".553",".411",".372",".327",".274","72.9",32.6,16,13.6,32.5,27.7,"7.5",6,12.5,-6.2,55,33.1,"88.1","18.2",38.6,14.5,39.5,"76.183386514","94.163679539",15.9,49
"Cortes, Nestor",641482,2023,28,"12","63.1",266,242,59,33,15,0,11,67,20,25.2,7.5,".244",".442",".308","0.750","41",".214",".398",".323",".298",".283",".184","72.1",25.8,6.3,3.2,6.3,3.2,"7.5",0,12.8,-4,51.6,33.2,"89.6","26.6",33,7.4,41.5,"79.260958182","94.1314096",24.2,49.4
"Quintana, Jose",500779,2026,37,"9","41.0",181,156,45,26,11,2,6,20,17,11,9.4,".288",".500",".352","0.852","26",".275",".441",".363",".343",".344",".166","72.9",31,12.6,10.2,35.7,28.9,"7.5",5,12,-2.9,57.8,33,"88.2","18.7",35,8.4,32.9,"78.148649286","93.159093929",21.1,47
"Scherzer, Max",453286,2024,39,"9","43.1",177,165,40,22,11,0,7,40,10,22.6,5.6,".242",".436",".288","0.724","19",".241",".407",".312",".307",".289",".166","71.7",24.2,12.5,8.9,26.7,19,"7.4",5,12,-6.4,55.2,31.8,"87.9","20.8",40.5,7.9,34.9,"76.868146557","93.48110123",29.2,54.7
"Fulmer, Carson",608334,2024,30,"37","86.2",379,329,81,46,24,0,11,81,40,21.4,10.6,".246",".419",".334","0.753","34",".247",".442",".326",".338",".337",".196","72.3",27,14.7,11.1,32.4,24.6,"7.5",15,11,-2.6,54.1,35.3,"90.6","13",34.1,9.6,44.4,"80.4347144","94.852082088",25.8,46.3
"Miller, Tyson",668338,2024,28,"58","62.0",235,217,39,24,8,0,7,54,11,23,4.7,".180",".313",".235","0.548","39",".218",".396",".242",".290",".270",".179","71.3",22.2,11.8,8.9,31.8,24.2,"7.3",6,10.2,-4.5,49.5,29.9,"88.2","20.3",33.3,7.9,34.5,"77.718869756","93.500990798",26.5,52.1
"Winn, Cole",668390,2026,26,"47","43.0",192,174,48,31,8,2,7,42,15,21.9,7.8,".276",".466",".335","0.801","30",".270",".443",".346",".337",".333",".172","72.5",30.5,13.9,10.1,32.8,23.8,"7.4",6,10.3,-2,53.7,31.5,"88.3","12.6",34.3,6.8,43.3,"75.934892727","94.456926591",28,53.5
"Keller, Brad",641745,2026,30,"32","31.1",135,118,29,23,2,0,4,32,13,23.7,9.6,".246",".364",".326","0.690","11",".226",".313",".309",".284",".311",".087","71.1",20.4,8.2,6.6,28.2,22.7,"7",7,7.1,3.7,49.5,32.3,"85.5","12.7",27.3,4.6,31.8,"73.919911364","92.65674069",22.5,45
"Anderson, Justin",605121,2024,31,"56","53.1",243,205,48,34,9,0,5,57,33,23.5,13.6,".234",".351",".347","0.698","21",".236",".431",".314",".343",".349",".195","70.7",17.8,11.4,8.2,30,21.6,"7.3",12,10.3,-2.2,48.5,32.9,"87.3","15.4",39.3,8.7,35.3,"75.076823243","93.849010203",29.7,47.4
"White, Brendan",686839,2023,24,"33","40.2",177,155,40,28,8,0,4,44,15,24.9,8.5,".258",".387",".341","0.728","22",".247",".403",".322",".326",".335",".155","71.5",23.2,18.6,13.5,44.2,32.3,"7.4",4,7.1,2.7,54.3,34.6,"90.3","5.6",33.6,7.4,41.7,"79.904834717","94.842112925",29.2,48.3
"Woo, Bryan",693433,2023,23,"18","87.2",371,331,75,48,12,2,13,93,31,25.1,8.4,".227",".393",".305","0.698","64",".217",".352",".305",".289",".297",".136","71.6",25,6.8,5.1,26.9,19.9,"6.8",4,6.8,3.9,48,32.4,"87.4","13.9",32.5,6.3,33.8,"76.283120168","93.342257722",28.1,50.9
"Lovelady, Richard",663992,2024,28,"35","34.1",147,132,34,25,6,0,3,26,11,17.7,7.5,".258",".371",".322","0.693","9",".264",".420",".304",".329",".327",".156","72",26.2,19.9,15.3,35.8,27.5,"7.2",2,7.4,1.8,46,33.8,"89.5","7.6",31.5,8.3,46.3,"77.189113019","95.201703019",23.6,48.9
"Woodruff, Brandon",605540,2025,32,"12","64.2",257,239,45,29,7,0,9,83,14,32.3,5.4,".188",".331",".242","0.573","42",".171",".299",".252",".232",".226",".128","71.9",24.6,12,8.8,27.8,20.4,"7.2",8,8.4,0.1,49.8,32.4,"87.9","24.6",28.8,7.1,35.9,"76.785361154","93.594377821",27.9,50.5
"Suarez, Ranger",624133,2024,28,"27","150.2",626,575,140,92,32,2,14,145,41,23.2,6.5,".243",".379",".299","0.678","89",".247",".371",".297",".300",".303",".123","71.6",23.4,14.2,11.4,32.4,25.9,"7.3",12,10.3,-2.1,45.2,33.6,"86.9","6.3",32.9,5.1,34.3,"74.743507217","93.618829764",21.9,47.3
"Armstrong, Shawn",542888,2025,34,"71","74.0",284,254,40,25,8,2,5,74,20,26.1,7,".157",".264",".232","0.496","46",".202",".338",".224",".272",".274",".136","72",26,9,6.9,28.6,22,"7.1",8,7.2,4,46.6,31.7,"88","19.1",32.6,7.1,34.2,"77.669163587","93.240193661",24.4,47.6
"Alvarado, José",621237,2026,31,"51","44.0",208,177,48,33,8,3,4,56,22,26.9,10.6,".271",".418",".377","0.795","14",".222",".336",".352",".303",".335",".114","71.8",24.1,7.5,5.4,25.8,18.4,"7.3",10,11,-1.7,53.4,33,"87.6","19",36.1,5,27.9,"77.33069","92.993549573",29.4,46.3
"Cease, Dylan",656302,2025,29,"32","168.0",722,636,152,93,37,1,21,215,71,29.8,9.8,".239",".399",".318","0.717","90",".214",".359",".313",".290",".297",".145","71.5",23.2,11.6,7.9,28.3,19.3,"7.4",37,11.1,-3.7,55.3,31.6,"88.9","16.6",36.6,8.6,37.5,"78.184355258","93.931109718",33.4,49.2
"Bautista, Félix",642585,2023,28,"56","61.0",237,209,30,23,3,0,4,110,26,46.4,11,".144",".215",".245","0.460","16",".139",".241",".218",".225",".242",".102","71.7",22.1,7.3,4.4,26.8,16.2,"7.4",2,10.9,-3.1,52.6,31.1,"88.6","21.4",31.3,8.2,34.3,"78.80514625","93.278068125",44.3,51.2
"Kremer, Dean",665152,2024,28,"24","129.2",553,493,110,73,19,0,18,123,51,22.2,9.2,".223",".371",".297","0.668","62",".238",".435",".294",".330",".314",".197","71.5",23.1,13.2,10.3,29.7,23.2,"7.4",13,10.7,-1.7,49.3,31.8,"87.4","15.1",31.1,9.9,35.4,"75.880741892","93.507892033",23.3,46.2
"Williams, Devin",642207,2023,28,"61","58.2",231,202,26,16,6,0,4,87,28,37.7,12.1,".129",".218",".238","0.456","12",".168",".289",".214",".255",".273",".121","71.7",24,8.7,5.3,24.3,14.6,"7.6",7,13.3,-7.6,48,33.9,"85.9","8.9",35.7,7,29.6,"74.738557895","92.523990965",41.8,46.9
"Priester, Quinn",682990,2024,23,"11","49.2",221,202,56,42,6,1,7,33,14,14.9,6.3,".277",".421",".330","0.751","23",".269",".414",".327",".328",".326",".145","72.1",24.7,15.6,12.2,35.5,27.8,"7.4",7,10.8,-2.9,54,32.6,"89.3","5.9",28.1,4.2,46.2,"77.731858214","94.649414226",22.2,50.1
"Chafin, Andrew",605177,2023,33,"63","51.1",224,195,45,25,11,3,6,63,28,28.1,12.5,".231",".410",".330","0.740","16",".228",".398",".324",".321",".328",".171","72",28.1,14.4,11,29.7,22.6,"7.6",2,11.1,-3.1,49,35,"86.8","13.9",38.6,9.8,32.6,"74.918832923","93.364925462",31.8,43
"Nelson, Ryne",669194,2025,27,"33","154.0",619,572,124,73,25,9,17,132,41,21.3,6.6,".217",".381",".273","0.654","97",".245",".411",".284",".308",".299",".166","71.4",22,14.4,11.6,35.7,28.7,"7",20,7.7,2.2,50.6,31.5,"91.4","14.3",36.2,7.5,45.5,"81.990156636","94.984519659",21.6,50.4
"Darvish, Yu",506433,2023,36,"24","136.1",573,517,134,89,25,2,18,141,42,24.6,7.3,".259",".420",".321","0.741","66",".239",".378",".321",".302",".305",".139","72",26.1,14.7,11.5,30.2,23.7,"7.3",5,11.1,-3.4,48.7,32.5,"88.4","13.7",33,6.8,38.2,"77.260033579","93.949118786",25.1,46.4
"Chapman, Aroldis",547973,2024,36,"68","61.2",264,222,44,29,9,1,5,98,38,37.1,14.4,".198",".315",".318","0.633","22",".165",".288",".289",".272",".293",".123","70.9",19.1,8.7,6,27.4,18.9,"7.2",7,6,2.5,43.4,31.5,"90.5","11.2",31,7.2,41.3,"80.398542903","94.663313548",32.3,44.5
"Waddell, Brandon",663399,2025,31,"11","31.1",134,121,29,14,10,1,4,22,11,16.4,8.2,".240",".438",".306","0.744","12",".281",".486",".320",".360",".346",".205","71.7",26.2,15.6,12.7,39.1,31.7,"7.4",6,12.2,-2.2,55.9,31.8,"89.7","14.8",34,10,40,"79.6929348","94.332121717",20.6,46.5
"Finnegan, Kyle",640448,2025,33,"56","57.0",229,204,45,30,8,3,4,55,18,24,7.9,".221",".348",".283","0.631","11",".226",".337",".273",".278",".291",".112","72.4",27.1,14.7,11.2,33,25,"7.3",6,10.2,-1.6,53,31.6,"90.4","11.5",32.5,7.8,42.9,"80.162518158","94.625118344",24.6,50
"Houck, Tanner",656557,2023,27,"21","106.0",463,410,104,66,24,0,14,99,41,21.4,8.9,".254",".415",".328","0.743","71",".240",".398",".323",".315",".317",".158","72.1",24.7,15.5,11.5,32.7,24.4,"7.6",7,13.9,-8.3,50.3,34.8,"90.2","6.5",31.2,6.6,43.8,"79.839613481","94.678429651",28.8,47.3
"Schreiber, John",670167,2023,29,"46","46.2",204,173,41,26,8,1,6,53,25,26,12.3,".237",".399",".343","0.742","24",".219",".366",".324",".312",".333",".147","71",16.7,16.5,13.6,32.1,26.5,"7.1",5,8.4,-0.3,46.5,33.4,"89.3","12.7",32.8,6.6,39.3,"78.359269661","94.188102966",24.5,44.2
"Roycroft, Chris",688297,2024,27,"27","34.1",155,130,31,22,5,2,2,33,17,21.3,11,".238",".354",".338","0.692","8",".219",".304",".309",".292",".323",".085","70.9",20.4,9.8,7.7,27.7,21.7,"6.9",4,3.6,10.4,37.7,32.8,"86.9","1",25.7,2,33.7,"75.127196735","93.446520825",22.1,45.6
"Gonsolin, Tony",664062,2025,31,"7","36.0",157,135,33,21,3,0,9,38,18,24.2,11.5,".244",".467",".346","0.813","23",".236",".469",".354",".351",".339",".233","72.3",26.4,17.3,12.3,41.1,29.4,"7.4",9,12.6,-4.9,62.8,31.2,"91.2","16.3",37.8,11.2,44.9,"81.195201042","95.140222083",30.3,43.8
"Cecconi, Slade",677944,2025,26,"23","132.0",545,506,125,72,27,2,24,109,32,20,5.9,".247",".451",".294","0.745","74",".267",".489",".319",".343",".314",".222","71.3",19.9,20.7,16.4,39.8,31.7,"7.3",16,9.8,-1.3,50.2,32.1,"91.7","13.8",37.2,12.2,49.1,"81.626558543","95.530064534",22.5,46.5
"Vest, Will",676684,2024,29,"69","70.1",289,261,61,48,9,1,3,63,18,21.8,6.2,".234",".310",".285","0.595","38",".261",".384",".261",".309",".315",".123","70.4",15,10.9,8.4,33.2,25.7,"6.9",5,4.3,7.5,37.4,32.1,"88.4","7.4",36.6,2.9,38,"77.72099951","93.836313088",24.3,49.9
"Avila, Pedro",658648,2023,26,"14","50.1",220,187,43,29,11,0,3,54,25,24.5,11.4,".230",".337",".335","0.672","23",".235",".346",".304",".311",".339",".112","71.2",19.8,15,10.9,32.1,23.4,"7.4",7,10.1,-2.5,43.5,33.6,"88.5","2.8",26.5,4.4,41.9,"76.27409803","94.493011298",28.9,45.7
"King, Bryan",687911,2026,29,"49","51.0",225,198,51,37,6,1,7,42,19,18.7,8.4,".258",".404",".335","0.739","14",".245",".367",".326",".308",".326",".122","71.4",19.6,12.6,10.6,30.2,25.5,"7",8,6.9,4.4,45.7,31.7,"87.2","8.9",34,5.7,37.1,"75.704831923","93.428177372",18.6,50
"Lambert, Peter",663567,2023,26,"25","87.1",375,341,93,49,17,9,18,71,28,18.9,7.5,".273",".534",".336","0.870","59",".262",".506",".367",".355",".326",".245","71.9",27.7,17.1,13.7,37.8,30.2,"7.2",5,9.2,-1.4,53.2,32.5,"90.8","14.6",32.1,11.1,45.8,"80.886906324","94.866375646",21.6,47.5
"Baumann, Mike",657508,2024,28,"57","58.1",264,228,59,36,10,4,9,58,28,22,10.6,".259",".456",".345","0.801","33",".239",".426",".344",".337",".331",".188","71.5",23.3,11.6,9.2,29.5,23.3,"7.2",12,8.1,2.1,53.1,31.1,"91.1","14.5",33.9,9.2,43.7,"82.200743793","94.547312543",24.5,48.6
"Thompson, Zack",668868,2023,25,"25","66.1",287,256,69,46,15,0,8,72,25,25.1,8.7,".270",".422",".336","0.758","39",".255",".422",".329",".329",".328",".167","70.6",18.6,17,14.4,38.8,33.1,"6.9",6,7.1,1.7,46,31,"90.3","11.6",35.6,7,43.6,"79.987046087","94.692869126",23.9,43.8
"Puk, A.J.",640462,2023,28,"58","56.2",242,224,54,34,10,0,10,78,13,32.2,5.4,".241",".420",".286","0.706","22",".208",".376",".300",".273",".257",".168","70.4",15.1,13.4,9.1,31.5,21.5,"7.3",5,8.9,-1.1,40.7,32.4,"87.3","13",27.5,8.1,32.2,"75.416323649","93.710062857",33,48.2
"Herrin, Tim",682120,2024,27,"75","65.2",257,225,39,28,9,0,2,68,25,26.5,9.7,".173",".240",".270","0.510","30",".206",".330",".236",".285",".298",".124","70.8",15.8,10.4,7.5,28.7,20.8,"7.4",8,11.2,-4.5,47.5,33.3,"86.9","7.4",28.3,6.9,36.5,"75.234465128","93.348866",29.3,47
"Singer, Brady",663903,2026,29,"24","125.2",557,501,139,93,20,2,24,104,42,18.7,7.5,".277",".469",".342","0.811","58",".271",".447",".353",".343",".339",".176","72.3",30.6,17.8,13.5,38.5,29.3,"7.3",12,10.9,-3.5,45.7,33.3,"90.6","14.6",36.8,9.2,40.5,"80.667251744","94.642570386",25.1,44.4
"Cannon, Jonathan",686563,2025,24,"22","103.2",466,417,116,68,25,4,19,86,38,18.5,8.2,".278",".494",".344","0.838","45",".271",".485",".358",".354",".339",".214","72",24,16.1,12.8,33.8,26.8,"7.2",15,10.4,-0.3,55.9,31.9,"90.3","17.4",37.3,10.8,45.4,"79.404566446","94.921395663",21.4,48.4
"Bender, Anthony",669622,2024,29,"59","53.0",228,204,50,35,11,1,3,59,18,25.9,7.9,".245",".353",".317","0.670","12",".228",".341",".296",".289",".303",".113","70.8",19.2,13.1,10.8,30.3,25.1,"7.3",7,9.2,-0.6,51.3,32.8,"87.7","8.7",32,4.8,40.8,"75.789157808","93.922491164",22.2,42.9
"Canning, Griffin",656288,2023,27,"24","127.0",536,493,121,77,19,3,22,139,36,25.9,6.7,".245",".430",".303","0.733","81",".233",".422",".315",".308",".293",".189","71",18.3,13.7,9.8,33.2,23.8,"7.4",7,11.1,-3.4,51.9,31.2,"91","12.8",31.5,10.3,44.2,"81.182281765","94.781038053",29.1,48.4
"Liberatore, Matthew",669461,2026,26,"24","119.0",519,463,132,90,21,1,20,116,44,22.4,8.5,".285",".464",".349","0.813","61",".266",".438",".354",".337",".334",".172","72.7",31.3,14.3,11.2,34.3,26.8,"7.5",16,11,-3.7,51,32.3,"90.2","16.2",39.5,8.5,41.5,"80.079610284","94.473700171",23.6,47.1
"Corbin, Patrick",571578,2023,33,"32","180.0",790,717,210,142,34,1,33,124,57,15.7,7.2,".293",".481",".344","0.825","101",".298",".519",".353",".372",".351",".222","72.1",26,16.4,12.9,37,29,"7.5",13,12.1,-3.8,49.2,33.5,"90.7","11.7",37.9,9.3,44,"80.192000808","94.927415572",21.4,45.7
"Pérez, Cionel",672335,2024,28,"62","53.2",238,203,47,33,12,2,0,46,28,19.3,11.8,".232",".310",".338","0.648","19",".218",".317",".296",".297",".326",".099","70.9",18.1,12.7,10,33.5,26.3,"7.2",6,7.5,3.4,50.1,33.4,"88.3","4.1",29.6,5,34,"76.963449744","93.832232308",23.7,45.9
"Castillo, Luis",622491,2025,32,"32","180.2",745,689,168,108,34,3,23,162,46,21.7,6.2,".244",".402",".297","0.699","93",".245",".418",".304",".312",".299",".173","71.4",21.7,14.2,10.8,31.7,24.2,"7.1",22,8.9,0.1,49.2,31.5,"90.3","14.5",32.1,10.4,46.4,"79.249648523","95.089940152",24.6,51.6
"Gage, Matt",657424,2025,32,"33","31.0",137,122,35,28,7,0,0,27,12,19.7,8.8,".287",".344",".360","0.704","17",".230",".291",".315",".272",".309",".061","71.4",22,11.4,9.3,30.1,24.4,"7.3",7,8.7,0.4,49.8,31.6,"88.3","11.1",27.1,3.1,33.3,"77.681015106","93.614838172",23.1,47.3
"Nelson, Kyle",669459,2023,26,"68","56.0",239,221,59,35,12,0,12,67,14,28,5.9,".267",".484",".314","0.798","24",".229",".416",".339",".298",".278",".187","72.5",29.8,17.1,12.4,33.3,24.2,"7.6",0,14.7,-8.5,59.2,33.3,"89.6","16.3",39.5,9.6,39.5,"79.423240658","94.139193179",31,52.5
"Assad, Javier",665871,2026,28,"21","80.1",322,295,69,47,7,0,15,53,21,16.5,6.5,".234",".410",".291","0.701","47",".266",".437",".306",".330",".322",".171","71.9",25.6,14.2,12.3,37.8,32.9,"7.2",9,6.9,3,46.6,33.3,"90","12.6",34.3,7.4,45.3,"79.945544959","94.601346653",14.4,44
"Bernardino, Brennan",657514,2024,32,"57","51.0",226,195,50,34,9,1,6,56,22,24.8,9.7,".256",".405",".347","0.752","35",".231",".388",".322",".310",".327",".156","70.9",19.4,12.6,10.2,28,22.5,"7.2",8,8.8,0,46,34.3,"88","8.4",33.8,7.1,37.3,"76.760888696","93.716571825",21.8,44.8
"Montero, Keider",672456,2026,25,"26","128.2",515,475,99,64,20,2,13,86,29,16.7,5.6,".208",".341",".260","0.601","73",".229",".383",".264",".290",".282",".153","72.2",26.9,13.4,11.1,36.7,30.4,"7.3",11,10.3,-2.4,56.8,31,"88.7","16.4",29.6,7.4,37.7,"78.347997128","93.71852946",18.6,48.2
"Barlow, Scott",605130,2026,33,"36","33.1",153,124,26,12,7,0,7,29,20,19,13.1,".210",".435",".346","0.781","26",".236",".448",".341",".358",".370",".212","71.8",26,13.9,9.4,37.7,25.4,"7.9",5,16.5,-16.7,50.8,33.8,"87.9","18.9",30.9,9.3,36.1,"77.463891633","93.335849794",33.1,42.7
"Ureña, José",570632,2023,31,"10","44.2",203,176,50,25,8,4,13,29,22,14.3,10.8,".284",".597",".361","0.958","15",".266",".506",".398",".364",".347",".240","71.1",20.2,10.3,7.9,31.6,24.2,"7.6",4,13.6,-6.8,51.7,34.1,"90.2","10.6",29.8,10.6,39.7,"79.7618748","94.5252938",21.8,47.1
"Miller, Bobby",676272,2023,24,"22","124.1",505,464,105,68,22,3,12,119,32,23.6,6.3,".226",".364",".283","0.647","82",".227",".360",".283",".288",".287",".133","71.1",22.2,12.7,9,37,26.2,"7.2",8,8.9,-2.3,45.4,32.8,"88.3","10.3",33.3,6,37.6,"77.304123023","93.812180058",26.8,48.2
"Burnes, Corbin",669203,2024,29,"32","194.1",784,731,165,121,21,1,22,181,48,23.1,6.1,".226",".347",".274","0.621","134",".229",".371",".273",".286",".278",".142","71.5",21.6,12.6,9.4,32.3,24.2,"7.5",52,11.4,-3.6,54.9,33.6,"87.5","11",26.8,6.7,31.6,"76.693803832","93.206229159",28.6,48.8
"Bednar, David",670280,2023,28,"66","67.1",277,247,53,36,12,2,3,80,21,28.9,7.6,".215",".316",".281","0.597","15",".192",".324",".259",".263",".266",".132","71.4",22.6,11.4,8.2,30.8,22.2,"7.2",6,8.8,-0.1,56.5,29.3,"88","15.6",29.5,5.2,40.5,"76.900823176","93.665319353",32.8,54.1
"Wicks, Jordan",696136,2024,24,"11","46.0",212,189,55,35,10,1,9,42,20,19.8,9.4,".291",".497",".365","0.862","24",".265",".465",".373",".352",".342",".200","71.1",21,12.9,10.5,31.7,25.7,"7.3",6,9.5,-1.2,46.9,33,"89.4","14.9",35.8,8.8,39.9,"78.570555616","94.331509178",23.4,50.2
"Pallante, Andre",669467,2023,24,"62","68.0",302,266,76,54,16,0,6,43,30,14.2,9.9,".286",".414",".362","0.776","35",".255",".356",".341",".312",".336",".101","70",12.7,14.4,12.3,39.3,33.5,"6.9",2,3.7,8,36.2,34.3,"89","-11.6",19.5,3.6,41.6,"77.543855714","94.411945179",18.2,45.3
"Burns, Chase",695505,2026,23,"23","131.0",526,476,97,62,20,2,13,151,46,28.7,8.7,".204",".336",".274","0.610","94",".204",".333",".272",".272",".276",".129","72.2",27.9,9.4,6.7,28.9,20.4,"7.4",26,11.4,-3.6,52.3,31.8,"89.2","19",34.6,7.5,36.7,"79.481351139","93.580771139",31.6,49.2
"Skenes, Paul",694973,2026,24,"25","134.2",553,501,114,70,28,2,14,166,37,30,6.7,".228",".375",".290","0.665","88",".211",".341",".294",".274",".276",".130","71.2",19.7,11.8,8.6,27.7,20.2,"7.3",16,10.2,-1.9,51.6,31.9,"88.6","15.7",34.7,7.6,39.7,"77.229581131","94.090887224",28.4,51.2
"Ohl, Pierson",701487,2025,25,"14","30.0",133,126,38,24,8,1,5,27,7,20.3,5.3,".302",".500",".338","0.838","7",".291",".452",".359",".337",".328",".161","71.8",22.4,15.9,12.4,34.9,27.4,"7.5",3,13.6,-7.8,53.4,33.4,"89.3","15.2",45.5,10.1,39.4,"78.205980612","94.616288571",22,50.2
"Scholtens, Jesse",669947,2023,29,"26","85.0",377,343,100,73,12,0,15,58,30,15.4,8,".292",".458",".350","0.808","33",".268",".453",".349",".338",".329",".186","71.7",26.3,16.9,13.8,38.1,31,"7.3",5,10.4,-2.3,51.6,32.4,"89.3","14.1",35.5,8,37.6,"79.284771608","93.694755594",20.8,45.2
"Young, Alex",622065,2023,29,"63","53.2",236,214,53,34,8,1,10,50,20,21.2,8.5,".248",".435",".315","0.750","44",".244",".402",".324",".313",".312",".158","71.6",22.4,16.5,12.7,38.8,29.9,"7.5",1,13.9,-5.8,56.2,33.9,"90.2","12.4",28.5,6.1,44.2,"79.7651005","94.585088125",30.3,50.9
"Crochet, Garrett",676979,2025,26,"32","205.1",814,762,165,111,28,2,24,255,46,31.3,5.7,".217",".353",".264","0.617","120",".210",".347",".270",".266",".258",".137","72",26.5,11.5,8.4,27.3,20,"7.3",48,9.8,-1.4,50.4,32,"87.7","10.5",32.2,7.3,37.3,"75.538655219","93.9771349",29.4,51.8
"Webb, Logan",657277,2025,28,"34","207.0",856,795,210,144,49,3,14,224,46,26.2,5.4,".264",".386",".308","0.694","125",".246",".384",".303",".295",".292",".138","71.8",26.4,16.8,12.9,36.2,27.8,"7.2",31,8.3,2,48.2,33.7,"89.7","5.7",32.8,8.3,40.2,"78.364554789","94.732224965",24.7,46.2
"Nelson, Ryne",669194,2024,26,"28","150.2",630,583,155,93,36,9,17,126,34,20,5.4,".266",".446",".308","0.754","102",".262",".419",".322",".316",".307",".157","71",20.2,14,11.6,32.7,27.3,"7",18,6,4.1,44.5,32,"90.1","12",34.5,7.5,41.6,"79.83287319","94.487586272",18.2,51.8
"Weissert, Greg",669711,2025,30,"72","67.0",278,251,57,37,14,0,6,57,21,20.5,7.6,".227",".355",".292","0.647","29",".220",".371",".284",".289",".287",".151","71.4",22,12.2,9.6,36.9,29,"7.2",5,9,0.3,50.7,32.8,"89.8","13.5",35.5,7.7,38.6,"80.156528265","94.000111026",22.4,46.7
"Miller, Shelby",571946,2024,33,"51","55.2",225,203,41,22,10,0,9,49,13,21.8,5.8,".202",".384",".262","0.646","34",".220",".398",".280",".303",".284",".177","70.3",15.4,14.1,10.9,37,28.6,"7.1",9,7.9,0.5,54.2,30.4,"91.1","16.8",31,7.6,41.1,"82.009808481","94.576932468",24.3,49.3
"Sandoval, Patrick",663776,2024,27,"16","79.2",353,312,85,61,16,0,8,81,35,22.9,9.9,".272",".401",".349","0.750","36",".257",".399",".329",".325",".336",".142","71.8",23.1,13.7,10.4,30.4,23.1,"7.5",15,9.5,-2.8,47,31.7,"87.9","11",32.9,5.1,36.3,"76.703548276","93.645202078",26.5,46.2
"Duran, Jhoan",661395,2026,28,"46","43.1",177,166,38,34,3,0,1,62,8,35,4.5,".229",".265",".277","0.542","7",".200",".260",".248",".232",".250",".060","71.4",20.7,11.1,7.4,27.5,18.4,"7",14,6,5.8,45,33.9,"90.4","2.8",24,2.9,40.4,"80.4141336","94.3357034",35.9,51.7
"Strahm, Matt",621381,2023,31,"56","87.2",351,320,68,39,17,1,11,108,21,30.8,6,".212",".375",".263","0.638","58",".209",".367",".274",".278",".264",".158","70.7",19.2,11,8.5,31.5,24.4,"7",3,8,1.4,54.9,31.4,"90.2","19.8",35.2,8.2,42,"80.266605648","94.451620791",28,50.4
"Walker, Taijuan",592836,2024,31,"19","83.2",381,338,107,63,20,0,24,58,37,15.2,9.7,".317",".589",".386","0.975","53",".291",".564",".413",".398",".366",".273","72.6",28.7,22.1,18.7,39,33,"7.4",8,11.5,-3,59.2,32.4,"91.4","15.4",37.8,13.5,46.3,"81.056816241","95.427069787",16.7,44.1
"Gibaut, Ian",664139,2023,29,"74","75.2",318,282,69,51,10,0,8,69,28,21.7,8.8,".245",".365",".320","0.685","40",".233",".367",".298",".297",".312",".135","69.8",13.7,7.4,6,28.6,23.1,"6.8",8,5.1,7.1,38.7,31.5,"86.7","16.2",34.3,6,31.9,"75.758066449","92.92461385",25.5,51.7
"Grove, Michael",675627,2023,26,"18","69.0",302,280,83,53,15,3,12,73,19,24.2,6.3,".296",".500",".348","0.848","37",".269",".472",".363",".342",".323",".203","72.9",31,18.8,13.3,36.6,25.9,"7.6",6,15.4,-10.9,52.5,33.3,"90","12.6",40.6,9.2,42,"78.955299231","94.87688744",27.2,49.5
"Alcantara, Sandy",645261,2023,27,"28","184.2",762,700,176,123,30,1,22,151,48,19.8,6.3,".251",".391",".302","0.693","88",".260",".418",".301",".319",".312",".158","71.6",21.6,12.7,9.6,32.3,24.5,"7.3",7,9.9,-0.8,49.8,33.5,"88.8","7",31.4,7,40.6,"77.348736884","94.275894674",25.4,54.2
"Muñoz, Andrés",662253,2025,26,"64","62.1",254,216,36,28,6,0,2,83,28,32.7,11,".167",".222",".271","0.493","10",".194",".293",".228",".263",".295",".099","70.4",16,12,7.9,31.4,20.6,"7.4",12,10.7,-5.1,44.6,31.6,"86.9","8.8",31.9,6.6,39.9,"74.409228529","93.885968074",36.5,47.1
"Swanson, Erik",657024,2023,29,"69","66.2",262,240,52,35,8,1,8,75,21,28.6,8,".217",".358",".280","0.638","34",".198",".364",".280",".274",".263",".165","71.6",22.7,14.2,9.7,29.9,20.5,"7.3",2,11.3,-3.3,48.2,31.2,"89.2","17.1",31.3,6.1,40.4,"78.590354756","94.143308232",32.6,50.4
"Melton, Troy",675512,2026,25,"14","84.1",329,301,57,34,14,1,8,73,25,22.2,7.6,".189",".322",".255","0.577","48",".218",".327",".258",".272",".282",".109","72.8",31.4,11.4,8.6,29.5,22.3,"7.4",13,11.2,-4.6,57,32.7,"87.9","14.3",29.3,5.2,34.9,"77.425486316","93.268280264",25.9,49.5
"Vest, Will",676684,2025,30,"64","68.2",284,259,61,47,8,2,4,75,22,26.4,7.7,".236",".328",".297","0.625","23",".217",".315",".277",".266",".281",".098","70.8",19.3,12.9,9.8,31.8,24.1,"7",12,6.3,5.3,48,32.7,"88.8","6.1",24.7,4.3,41.4,"77.537494891","94.149179946",26.7,48
"Law, Derek",571882,2023,32,"54","55.0",240,209,50,37,6,1,6,45,26,18.8,10.8,".239",".364",".332","0.696","31",".263",".397",".311",".334",".353",".134","70.7",14.8,10.7,8.3,32.6,25.2,"7.2",7,9.3,0,50.2,33.1,"87","14.2",38,4.9,32.5,"76.354562875","92.89302625",27.1,47.8
"Javier, Cristian",664299,2025,28,"8","37.0",157,139,32,21,7,1,3,34,15,21.7,9.6,".230",".360",".306","0.666","21",".210",".355",".294",".285",".290",".146","72.2",27.3,15.4,12,33,25.6,"7.3",4,12.8,-5.3,54.9,30.1,"88.9","23.9",28,6.5,38.3,"78.551114074","93.723277477",24,45.2
"Yamamoto, Yoshinobu",808967,2025,26,"30","173.2",684,619,113,79,20,0,14,201,59,29.4,8.6,".183",".283",".257","0.540","68",".198",".304",".244",".258",".271",".106","71.8",24,13,9.3,28.2,20.2,"7.3",20,8.8,-1.2,52,34.2,"88.3","7.7",28.3,5.7,39.7,"76.238509183","94.220626442",28.9,46.7
"Kranick, Max",668820,2025,27,"24","37.0",150,142,34,24,5,0,5,25,7,16.7,4.7,".239",".380",".273","0.653","20",".262",".453",".283",".329",".300",".191","71.3",23.2,16.7,13.5,35.7,29,"7.2",4,7.9,0.7,54.3,30.9,"90.2","18.1",33.1,9.5,44.9,"79.798507931","94.664708261",20.7,55.6
"Schreiber, John",670167,2024,30,"59","51.2",224,198,48,36,10,1,1,46,20,20.5,8.9,".242",".318",".321","0.639","35",".227",".317",".287",".288",".310",".090","70.9",17.3,14.7,11.8,32.6,26,"7.1",6,7.1,2.2,45.8,33.4,"89","10.2",25.3,3.9,37,"77.776550533","94.1672988",21.6,45.6
"Snell, Blake",605483,2024,31,"20","104.0",418,373,65,45,13,1,6,145,44,34.7,10.5,".174",".263",".263","0.526","44",".177",".283",".241",".252",".266",".106","71.3",21.9,9,5.8,28,18.1,"7.4",30,11.7,-5.3,51.1,32.2,"86.5","14.6",32.9,5.7,28.9,"75.529303097","92.772378489",37.7,46
"King, Michael",650633,2024,29,"31","173.2",726,653,144,98,27,2,17,201,63,27.7,8.7,".221",".346",".296","0.642","105",".223",".364",".284",".295",".298",".141","71.4",22.3,9.1,6.6,25.5,18.4,"7.4",23,11.9,-4.4,48.1,32.6,"85.7","13.8",35.2,6.2,30.3,"73.981359732","92.671656987",29.3,45.4
"Englert, Mason",669438,2025,25,"29","44.2",185,171,43,35,4,0,4,44,11,23.8,5.9,".251",".345",".299","0.644","10",".269",".415",".285",".318",".316",".145","72.9",33,16.8,12.7,33.6,25.3,"7.6",6,13.2,-4.6,53.3,33.2,"91.8","12.8",37.5,9.4,46.9,"81.021740794","95.853766746",25.1,50.1
"Kikuchi, Yusei",579328,2023,32,"32","167.2",700,646,165,110,27,1,27,181,48,25.9,6.9,".255",".426",".311","0.737","103",".244",".436",".319",".318",".301",".191","72.2",29.7,12.6,9.3,32.1,23.7,"7.3",5,7.8,0.4,43.1,34.2,"90.5","13.3",37.7,9,42.4,"80.862697662","94.432324264",28,48.7
"Brubaker, JT",664141,2026,32,"39","57.2",236,205,44,30,7,2,5,38,25,16.1,10.6,".215",".341",".301","0.642","20",".268",".428",".287",".340",".349",".160","72.1",24.3,13.4,10.8,33.6,27.2,"7.4",9,12.2,-4.2,58.5,32.3,"88","13.2",36.8,5.8,36.3,"77.081563256","93.543735322",21,44.8
"Kinley, Tyler",641755,2025,34,"73","72.2",308,270,53,36,11,0,6,73,33,23.7,10.7,".196",".304",".289","0.593","61",".219",".355",".263",".292",".310",".135","71.3",21.1,10,7.2,31.4,22.5,"7.7",17,15.6,-11.7,53.2,32,"87","20.5",34.7,7,29.6,"75.874641313","93.183719543",31.2,49.1
"Stripling, Ross",548389,2024,34,"22","85.1",381,353,109,72,30,0,7,49,22,12.9,5.8,".309",".453",".347","0.800","24",".291",".450",".344",".339",".333",".159","71.8",23.6,17,14.2,38,31.7,"7.4",4,9.9,-1,53.6,31.6,"88.3","13.6",39.8,6.8,35.3,"77.755111307","93.509050131",16.9,47.9
"Flaherty, Jack",656427,2026,30,"19","86.1",389,334,80,46,20,3,11,102,42,26.2,10.8,".240",".416",".333","0.749","44",".236",".394",".329",".323",".333",".158","73.1",33,14.5,10.8,29,21.6,"7.5",16,11.4,-5.6,50.1,32.2,"90.5","22",39.9,8.4,46.2,"80.250628803","94.848968541",27.1,45.1
"Ryan, Joe",657746,2023,27,"29","161.2",672,626,155,92,30,1,32,197,34,29.3,5.1,".248",".452",".290","0.742","97",".220",".409",".316",".292",".267",".190","72",25.8,12.4,9.2,26.8,20,"7.2",5,9.8,-1.1,52.2,30.4,"90","20.4",34,8.7,41.6,"79.798987488","94.412337442",26.8,55.1
"Curry, Xzavion",675540,2023,24,"41","95.0",404,367,98,62,22,2,12,67,30,16.6,7.4,".267",".436",".323","0.759","42",".271",".474",".326",".342",".327",".203","71.9",23.1,17.3,13.5,44,34.3,"7.3",6,10,0.2,57.4,32.4,"91.7","19.6",38.4,7.5,45.2,"82.894754671","94.836293069",20.8,48.9
"Bummer, Aaron",607481,2024,30,"56","55.1",244,220,61,47,11,1,2,69,18,28.3,7.4,".277",".364",".333","0.697","29",".230",".287",".305",".264",".294",".057","70",14,11.1,8.2,30.7,22.9,"7.3",8,7.9,-0.8,37.1,35.4,"86.6","0",29,1.3,32.9,"74.332564189","93.519571554",26.7,43
"Contreras, Roansy",672710,2023,23,"19","68.1",302,266,75,48,16,0,11,55,32,18.2,10.6,".282",".466",".360","0.826","25",".274",".456",".357",".354",".355",".182",,,,,,,,,,,,,"90.5","15.5",37.9,8.4,44.9,"79.771273396","94.964421934",26.5,47
"Mlodzinski, Carmen",669387,2023,24,"35","36.0",152,131,28,21,4,0,3,34,18,22.4,11.8,".214",".313",".309","0.622","19",".239",".361",".279",".309",".332",".122","70.7",19.7,10.7,8.4,27.1,21.3,"7.2",2,7,2.8,49.5,31.9,"88.7","10.5",35.4,4,41.4,"77.2524072","94.159690808",21.4,45.4
"Elder, Bryce",693821,2026,27,"24","137.2",579,524,124,84,16,2,22,113,46,19.5,7.9,".237",".401",".299","0.700","62",".248",".396",".307",".310",".310",".148","72.7",28.8,16.7,13.5,36.9,29.8,"7.3",17,10.6,-2.2,52.1,33.3,"90.2","13.4",32.4,6.5,40.8,"80.190806863","94.37469098",21.6,46.6
"Thornton, Trent",663423,2025,31,"33","42.1",180,159,41,31,3,1,6,32,14,17.8,7.8,".258",".403",".330","0.733","19",".265",".440",".317",".339",".339",".175","72",27.9,13.8,11,32.8,26.2,"7.2",2,9,1,50.3,31.4,"89.4","13.6",30.8,6.9,42.3,"78.310009538","94.477236589",20.6,49.5
"Brown, Hunter",686613,2025,26,"31","185.1",729,661,133,93,20,3,17,206,57,28.3,7.8,".201",".318",".271","0.589","83",".217",".339",".262",".277",".286",".122","71.7",25.4,11.8,8.6,29,21.2,"7.1",26,7.7,3.3,48.4,31.4,"86.1","10.1",31.4,5.9,32.2,"73.816626184","93.243178596",27.8,44.8
"Morgan, Eli",669212,2024,28,"32","42.0",167,152,30,18,7,1,4,34,11,20.4,6.6,".197",".336",".255","0.591","28",".203",".311",".256",".254",".260",".109","70.8",17.4,7,5.4,28.6,22.1,"7.4",9,10.3,-3.6,54.8,30.7,"85.2","17.6",28.9,2.5,28.1,"74.099472667","92.249199328",24.9,53.4
"Varland, Louis",686973,2023,25,"17","68.0",283,262,66,39,7,4,16,71,17,25.1,6,".252",".492",".299","0.791","47",".246",".479",".335",".330",".295",".233","70.2",15.9,7.3,4.9,23.6,15.9,"7.2",1,6.9,0.4,44.7,31.5,"91","12.1",32,10.8,43.8,"80.617099792","94.965145521",25.9,53.8
"Blanco, Ronel",669854,2023,29,"17","52.0",226,195,49,32,5,0,12,52,28,23,12.4,".251",".462",".350","0.812","27",".238",".447",".352",".343",".339",".209","70.8",19.6,14.7,10.9,35.3,26.1,"7.4",1,9.5,-2.8,63,31.2,"88.5","17.2",34,11.9,34.7,"77.820547778","93.64306021",33,51.2
"Alexander, Tyler",641302,2026,31,"56","53.2",229,207,54,42,9,1,2,46,16,20.1,7,".261",".343",".322","0.665","23",".233",".327",".298",".279",".296",".094","72.2",26.3,12.7,9.9,31.9,24.9,"7.3",3,8.9,-0.6,53.6,32.8,"86.3","7.7",28.7,3.7,32.9,"74.853427284","92.921619627",21.4,46.3
"Myers, Tobias",668964,2025,26,"22","50.2",220,201,54,39,9,1,5,38,15,17.3,6.8,".269",".398",".323","0.721","24",".263",".430",".315",".324",".318",".167","71.7",24.1,15.6,12.2,37.3,29.2,"7.3",1,10.9,-3.4,52.6,30.4,"90.3","15.4",32.7,6.7,44.8,"80.333098049","94.68101638",21.4,51
"Strahm, Matt",621381,2024,32,"66","62.2",237,217,36,20,12,0,4,79,11,33.3,4.6,".166",".276",".224","0.500","35",".186",".321",".221",".248",".242",".135","71.3",20.6,8.9,6.7,26,19.5,"7",6,6.9,2.2,47.2,30.2,"89.2","21.6",36.2,7.1,37.6,"78.994658","93.952678214",26.7,53.1
"Yarbrough, Ryan",642232,2023,31,"25","89.2",376,354,96,69,14,0,13,67,13,17.8,3.5,".271",".421",".311","0.732","48",".265",".439",".317",".322",".306",".174","70.6",20.6,13.6,10.4,33.2,25.4,"7.3",3,11.2,-4.1,43.9,32.7,"85.4","16.7",32.6,6.6,29.2,"73.244842394","92.76774338",22.8,51.5
"Muñoz, Roddery",682610,2024,24,"18","82.2",379,327,89,44,17,2,26,70,42,18.5,11.1,".272",".575",".359","0.934","36",".275",".555",".393",".393",".365",".280","72.4",27.5,13.2,10.3,33.8,26.5,"7.5",11,12.6,-3.7,60.1,32.2,"90.8","15.9",41.2,13.7,45,"80.757887099","94.738415878",23.6,45.7
"Strider, Spencer",675911,2023,24,"32","186.2",763,696,146,92,29,3,22,281,58,36.8,7.6,".210",".355",".279","0.634","137",".202",".347",".279",".273",".272",".146","70.7",17,9.7,6.6,29.5,20.1,"7.2",20,8.6,0.7,38.4,31.8,"88.5","17",40.2,8.2,36.1,"77.7258957","93.784333768",38.6,53
"Flaherty, Jack",656427,2025,29,"31","161.0",681,614,147,92,31,1,23,188,59,27.6,8.7,".239",".406",".311","0.717","79",".232",".406",".313",".310",".304",".173","71.7",23.9,15.9,12,30.8,23.2,"7.5",30,11.3,-5.2,49.7,33.3,"89.7","16.2",37.8,10.3,43.8,"78.732208967","94.724612024",27.3,45.6
"Eovaldi, Nathan",543135,2025,35,"22","130.0",496,463,90,59,20,1,10,129,21,26,4.2,".194",".307",".239","0.546","69",".219",".358",".240",".271",".263",".139","72.1",28.2,14.3,10.4,32.3,23.4,"7.5",8,12.4,-5.2,46.7,33.8,"88.6","9.5",31.4,7.4,38.5,"77.481805","93.954033855",27.7,50.7
"Webb, Jacob",657097,2026,32,"54","54.0",228,207,46,37,3,0,6,63,19,27.6,8.3,".222",".324",".285","0.609","23",".239",".369",".273",".298",".304",".131","72",26.3,12.3,8.2,30.3,20.2,"7.5",7,12.7,-5,46.8,31.7,"88.6","12.8",39,6.3,42.5,"77.275945833","94.286668951",33.9,51.5
"Ragans, Cole",666142,2025,27,"13","61.2",257,232,53,32,13,1,7,98,20,38.1,7.8,".228",".384",".293","0.677","35",".187",".322",".295",".256",".256",".135","71.5",21.5,11.6,7.8,27,18.2,"7.3",12,9.6,-2.4,49.5,31,"88.4","16.6",32.1,9.5,39.4,"76.571539706","94.275790368",34.8,49.6
"Gonzales, Marco",594835,2024,32,"7","33.2",151,138,43,30,8,0,5,23,11,15.2,7.3,".312",".478",".360","0.838","16",".306",".551",".362",".390",".357",".245","71.9",23.6,18.4,14.8,37.4,30.1,"7.4",1,9.2,-3.4,49.5,32.6,"90.9","15.1",41,11.3,43.6,"80.250298393","95.046505893",17.8,51.5
"Holmes, Grant",656550,2026,30,"24","117.2",507,447,108,69,19,1,19,97,51,19.1,10.1,".242",".416",".320","0.736","58",".254",".432",".323",".336",".334",".178","72.9",31.1,16.6,12.5,38.5,29,"7.5",25,12,-5.2,51.1,34,"91.1","13.8",34,9,43,"81.745648352","94.662691852",26.9,48.3
"Doval, Camilo",666808,2025,27,"69","65.1",278,238,51,38,9,0,4,72,35,25.9,12.6,".214",".303",".321","0.624","20",".219",".330",".285",".296",".326",".111","71.6",21.3,11.5,8.5,30.5,22.6,"7.5",15,10.7,-4.4,53.6,32.4,"88.6","6.2",28.6,6,40.5,"76.738153614","94.494643916",28.4,47.3
"Brazobán, Huascar",623211,2024,34,"39","51.2",217,189,38,30,3,3,2,51,25,23.5,11.5,".201",".280",".304","0.584","22",".224",".323",".269",".299",".324",".099","71.7",21.9,6.1,4.4,19.6,14.1,"7.7",8,13.8,-8.5,51.6,33.1,"82.3","10.4",33.3,4.3,24.6,"69.777538551","91.723285328",30,48.5
"Freeland, Kyle",607536,2023,30,"29","155.2",677,624,187,122,30,6,29,94,42,13.9,6.2,".300",".506",".342","0.848","63",".290",".520",".360",".364",".335",".230","72.4",32.1,16,13.6,36.6,31,"7.3",8,9.7,-1.5,53.2,33,"90.2","14.3",35,8.7,43.5,"79.780080451","94.648559793",17.2,51
"Medina, Luis",665622,2024,25,"8","40.0",180,156,43,29,10,0,4,32,20,17.8,11.1,".276",".417",".356","0.773","20",".254",".415",".336",".335",".340",".161","71.7",23.9,13.7,11.3,30.1,24.9,"7.4",4,9.9,-2.7,48.7,32.2,"89.5","16.3",31.5,8.7,44.9,"77.675197969","94.833622677",19.2,48.5
"Dodd, Dylan",689266,2025,27,"28","35.0",136,128,28,17,5,1,5,30,5,22.1,3.7,".219",".391",".250","0.641","22",".234",".401",".274",".289",".268",".167","72.6",30,16,11.4,34,24.2,"7.3",6,12.2,-3.1,53.8,33.2,"90","7.9",27,8,48,"78.0371262","95.3824356",30.9,54.3
"Watson, Ryan",670245,2026,28,"38","58.1",251,226,56,35,11,2,8,46,19,18.3,7.6,".248",".420",".313","0.733","28",".276",".472",".321",".354",".341",".196","71.3",22.7,14.6,11.4,36,28,"7.2",10,9,-0.6,49.6,31.3,"89.1","15.5",36.6,11,37.7,"78.097841111","94.363166592",23.9,49.6
"Dobnak, Randy",677976,2026,31,"8","41.2",176,157,38,29,7,0,2,25,16,14.2,9.1,".242",".325",".309","0.634","18",".290",".385",".285",".328",".355",".095","72.7",28.6,15.4,12.9,37.1,31,"7.5",11,12.7,-6.6,52.9,35.7,"90.5","7.9",29.6,3.7,40.7,"80.23706197","94.781833561",18.7,46
"Suarez, Robert",663158,2026,35,"31","32.0",121,114,21,19,1,0,1,26,6,21.5,5,".184",".219",".225","0.444","17",".252",".351",".203",".282",".289",".099","71.4",22.7,7.9,5.9,26.2,19.5,"7.2",1,9.3,-0.2,53.1,31.8,"84.9","9.3",33,3.4,33,"72.212930465","92.778147093",24,53.6
"Grove, Michael",675627,2024,27,"39","51.0",216,191,46,32,7,1,6,54,16,25,7.4,".241",".382",".316","0.698","31",".218",".366",".308",".298",".298",".149","71.4",25,11.7,8.8,31.5,23.6,"7.5",9,11.2,-4.1,49,32.3,"87.6","10.5",30.9,9.5,33.8,"76.042672857","93.625837194",26.6,46.3
"Strahm, Matt",621381,2025,33,"66","62.1",256,226,47,29,11,2,5,70,20,27.3,7.8,".208",".341",".273","0.614","22",".197",".330",".267",".261",".264",".133","71.4",24,10.4,8.2,28.3,22.2,"7.3",10,10,-3.2,54.5,30.9,"89.4","29.4",33.5,4.3,38.4,"79.689007051","93.789260192",23.8,52.4
"Cortes, Nestor",641482,2025,30,"8","34.1",157,134,36,19,4,0,13,29,20,18.5,12.7,".269",".590",".369","0.959","13",".261",".573",".405",".395",".363",".312","72.3",33.3,20.1,15.3,42.6,32.4,"7.4",4,10.7,-1.9,55.4,31.4,"92.5","18.4",33,15.1,46.2,"83.209040943","95.498235429",25,42.7
"Boyle, Joe",671212,2025,25,"13","52.0",226,195,43,25,12,0,6,58,28,25.7,12.4,".221",".374",".327","0.701","25",".218",".378",".312",".312",".325",".160","72.5",29.7,16.2,11.8,33.5,24.5,"7.3",8,7.9,1.3,50.7,31,"91.1","15.1",29.2,10.2,46,"80.542818261","95.211971825",29,43.9
"Kelly, Kevin",687330,2026,28,"52","55.2",210,196,39,29,6,0,4,44,9,21,4.3,".199",".291",".244","0.535","26",".261",".367",".235",".292",".303",".106","72.3",26.6,17.9,14.8,36.4,30.2,"7.2",5,6.4,1.2,44.2,34.3,"89.8","0.7",29.9,5.9,44.2,"78.919456974","94.687051325",19.3,48.4
"Ramírez, Yohan",670990,2024,29,"38","45.0",208,175,49,34,9,2,4,45,17,21.6,8.2,".280",".423",".379","0.802","11",".250",".390",".351",".331",".354",".140","71.5",20.6,10.4,8.1,29.5,23.1,"7.3",7,10.2,-3.1,50.4,33.2,"88.5","12.2",29.9,6.7,34.3,"77.597401538","93.79945093",24.8,42.1
"Abreu, Bryan",650556,2023,26,"72","72.0",287,248,44,29,9,0,6,100,31,34.8,10.8,".177",".286",".274","0.560","41",".191",".339",".255",".279",".286",".149","71.5",18.7,13.9,8.8,30.6,19.3,"7.4",5,10.1,-0.7,50,31.8,"89.9","14.4",36.6,9.8,34,"80.589149605","93.964533377",39.8,44.8
"Weathers, Ryan",677960,2023,23,"15","57.2",257,223,68,40,15,1,12,43,29,16.7,11.3,".305",".543",".383","0.926","18",".244",".421",".393",".329",".331",".178","72",26.8,11.8,8.9,34.4,26,"7.3",1,9.5,-1.3,52.8,32.2,"89.2","16.2",33.7,7.7,34.8,"78.823388667","93.970868889",23.6,43.9
"Rodriguez, Eduardo",593958,2024,31,"10","50.0",224,202,56,33,14,1,8,47,19,21,8.5,".277",".475",".341","0.816","26",".272",".490",".350",".357",".338",".219","71.9",26.9,14.8,11.5,34.3,26.6,"7.2",5,7.6,3.4,51.1,31.7,"88.7","14.5",39.5,10.8,42,"76.894034675","94.55394487",22.4,46.4
"Povich, Cade",700249,2025,25,"22","112.1",488,439,125,84,20,4,17,118,43,24.2,8.8,".285",".465",".347","0.812","52",".269",".495",".349",".356",".335",".226","72",25.3,18.1,13.9,35.1,26.9,"7.4",13,10.9,-2.2,52.5,32.3,"91.2","13",36.5,11.3,46.9,"80.827575802","95.396274334",24.2,44.9
"Fried, Max",608331,2025,31,"32","195.1",801,737,164,117,26,7,14,189,51,23.6,6.4,".223",".334",".281","0.615","158",".232",".357",".272",".287",".291",".125","71.8",24.3,14.6,10.9,32.3,24.1,"7.2",21,8.1,1.2,45.4,32.3,"87.2","6.9",29.6,6.9,37.2,"74.884362841","93.857707638",26.6,46.9
"Morán, Jovani",663558,2026,29,"37","51.0",210,183,30,16,6,1,7,58,22,27.6,10.5,".164",".322",".258","0.580","21",".193",".324",".259",".272",".284",".132","71.7",22.8,12.1,8,35.5,23.5,"7.6",5,12.8,-7.8,44.5,32.9,"87.2","14.8",31.3,7.1,29.7,"75.95274871","93.422040488",32.9,46.5
"Pomeranz, Drew",519141,2025,36,"57","49.2",203,181,38,31,2,0,5,57,15,28.1,7.4,".210",".304",".287","0.591","29",".215",".365",".265",".291",".293",".150","71.3",24.4,12.8,9.9,27.1,21,"7.1",13,7.9,2.9,55.6,30.9,"90.1","16.9",34.9,8.7,42.9,"79.760165397","94.62131056",24.5,50
"Long, Sam",669674,2025,29,"39","40.1",189,165,48,33,8,0,7,33,22,17.5,11.6,".291",".467",".381","0.848","16",".262",".423",".369",".342",".356",".161","71.3",22.9,15.8,13.1,31.7,26.1,"7.2",7,9.9,-2.5,50.5,31.6,"88.1","14.3",29.5,8.3,42.4,"76.127649091","94.180791145",19.1,46.1
"Burns, Chase",695505,2025,22,"13","43.1",188,171,41,23,12,1,5,67,16,35.6,8.5,".240",".409",".305","0.714","9",".217",".377",".311",".290",".284",".160","71.5",25.8,10.6,7.3,27.2,18.8,"7.4",9,9.3,0.4,49.2,32.3,"90.2","15.3",36.2,9.5,45.7,"79.716816154","94.89525835",31.9,52.4
"Kahnle, Tommy",592454,2024,34,"50","42.2",179,158,30,16,9,0,5,46,19,25.7,10.6,".190",".342",".285","0.627","27",".201",".335",".278",".285",".295",".134","71.8",22.2,11.9,7.7,27.2,17.7,"7.7",6,16,-10.9,49.2,32.7,"86.2","3.7",24.1,6.4,32.1,"74.119513636","93.096771",36,47.7
"Sánchez, Cristopher",650911,2025,28,"32","202.0",807,754,171,124,35,0,12,212,44,26.3,5.5,".227",".321",".275","0.596","104",".225",".345",".264",".272",".273",".120","71.9",26.7,16.5,11.7,35.8,25.4,"7.5",18,11,-4.6,47.6,33.5,"89","3",27,5.7,39.8,"77.436793852","94.392001148",30.4,49.5
"Garcia, Rico",670329,2025,31,"29","34.1",142,131,31,22,3,1,5,38,10,26.8,7,".237",".389",".289","0.678","9",".224",".351",".292",".280",".280",".127","72.5",30.8,13.9,9.9,26.7,19,"7.5",5,11.5,-4.8,56.2,30.2,"86.9","13",27.7,7.4,42.6,"73.883420638","94.043402366",30.7,50.5
"Hall, DL",669084,2025,26,"20","38.2",155,138,24,15,6,1,2,27,17,17.4,11,".174",".275",".265","0.540","30",".221",".352",".246",".294",".307",".131","72",24.1,13.4,11.2,34,28.4,"7.2",6,8.1,1.7,51.9,31.3,"88","15",36,6.3,28.8,"78.260723036","92.985195586",19.6,44.2
"Spiers, Carson",686730,2024,26,"22","90.2",410,377,112,65,24,3,20,80,27,19.5,6.6,".297",".536",".351","0.887","58",".254",".476",".379",".340",".312",".222","72",27.1,16.2,12.8,34.5,27.3,"7.4",10,10.8,-1.7,49.2,33,"88.9","17.4",36.2,10.4,38.9,"77.529869048","94.295274539",21.4,48
"Anderson, Chase",502624,2024,36,"29","58.1",255,227,55,32,11,0,12,42,21,16.5,8.2,".242",".449",".315","0.764","17",".239",".443",".329",".332",".317",".205","71.7",25.3,13.9,10.8,33.7,26,"7.5",2,11.7,-5.5,51.2,31.7,"86.5","20",33,8.5,33,"74.790460426","93.132957701",23.8,46.4
"Bradley, Taj",671737,2024,23,"25","138.0",578,519,122,77,22,1,22,154,47,26.6,8.1,".235",".408",".300","0.708","69",".227",".426",".308",".318",".295",".199","71.5",22,12.2,8.9,31.4,22.8,"7.2",17,9.8,0.3,56.8,31.5,"91.2","13.3",34.9,10.2,42.9,"81.556942554","94.766375924",27.4,50.7
"Lodolo, Nick",666157,2024,26,"21","115.1",493,437,101,62,26,0,13,122,37,24.7,7.5,".231",".380",".316","0.696","55",".223",".361",".309",".301",".309",".138","71.8",25.6,14.7,11,34.3,25.7,"7.4",17,9.9,-1.8,48.9,33,"89.2","11.8",32.6,8.2,38,"78.487758854","94.164027252",28.1,46.4
"Pallante, Andre",669467,2024,25,"29","121.1",509,458,110,81,21,0,8,94,48,18.5,9.4,".240",".338",".315","0.653","53",".231",".333",".293",".293",".308",".102","71.6",22,11.2,9.1,29.8,24.3,"7.1",17,5.8,4.4,45.3,33.7,"87.4","1.1",24.4,3.4,38.1,"75.339766989","93.795724801",19.8,46.4
"Mlodzinski, Carmen",669387,2026,27,"27","99.2",451,410,113,79,24,1,9,81,36,18,8,".276",".405",".336","0.741","56",".295",".446",".327",".351",".355",".151","72",27.2,17.1,13.7,36.6,29.4,"7.3",13,9.9,-1.8,51,33,"91","14.4",35.6,7.3,47.7,"80.795728242","95.042737234",20.8,45.7
"Manoah, Alek",666201,2023,25,"19","87.1",415,346,93,59,17,2,15,79,59,19,14.2,".269",".460",".388","0.848","38",".262",".471",".370",".373",".383",".209","71.5",27.3,15.9,12.3,30.3,23.5,"7.4",2,11.4,-3.9,50.3,31.7,"89.5","16.3",33.6,9,44.8,"78.083411053","94.912594528",21.8,45.4
"King, John",667463,2026,31,"48","47.2",192,167,31,16,7,1,7,33,17,17.2,8.9,".186",".365",".272","0.637","17",".222",".400",".277",".306",".306",".178","72.3",31.3,12.9,10.3,36.6,29.2,"7.4",4,10.4,-1.2,51.5,34.5,"89.2","11.3",31.9,8.8,37.7,"79.326778971","93.672435809",21.9,47.2
"Garcia, Rico",670329,2026,32,"57","51.2",206,186,31,16,6,0,9,54,18,26.2,8.7,".167",".344",".244","0.588","20",".209",".356",".257",".279",".283",".147","71.9",26.4,12.1,8.3,32.5,22.3,"7.6",8,13.2,-8.6,50.7,30.8,"86.4","16.5",24.1,6.8,35.3,"74.591100152","93.165647328",33,49.1
"O'Brien, Riley",676617,2025,30,"42","48.0",199,168,33,25,5,1,2,45,22,22.6,11.1,".196",".274",".313","0.587","17",".234",".306",".270",".298",".346",".073","70.4",15.8,10.7,8.5,30.2,23.9,"7.2",9,9.1,0.7,48.6,32.6,"85.8","4.8",27.2,3.2,34.4,"73.0882395","93.31006925",24.6,45.1
"Kittredge, Andrew",552640,2026,36,"43","37.1",167,154,41,30,6,0,5,31,11,18.6,6.6,".266",".403",".313","0.716","13",".261",".393",".310",".302",".309",".132","72.4",29,12,9.5,32,25.4,"7.5",7,11.9,-5.2,57,33.9,"87.8","9.3",35.2,5.6,36.8,"76.491465738","93.726691736",23.2,53.6
"Gore, MacKenzie",669022,2026,27,"26","139.2",597,535,125,75,29,3,18,154,51,25.8,8.5,".234",".400",".306","0.706","72",".236",".378",".311",".303",".309",".141","72.6",31.4,13.6,10.2,27.8,20.8,"7.3",21,8.2,0.5,48.8,31.8,"89","16.2",34.7,8.8,42,"77.218939319","94.618019555",26.3,49.6
"Bleier, Richard",542947,2023,36,"27","30.2",132,121,37,26,6,0,5,16,5,12.1,3.8,".306",".479",".346","0.825","7",".270",".452",".352",".330",".318",".182","70.6",17.3,16.4,13.3,31.1,25.3,"7.2",1,9.4,-0.6,42.3,33.7,"88.6","5.8",27.8,7.4,39.8,"76.742897925","94.60789581",17.9,55.3
"Cruz, Steven",674444,2026,27,"43","45.1",191,170,37,21,5,0,11,51,18,26.7,9.4,".218",".441",".300","0.741","15",".229",".387",".320",".305",".310",".158","71.9",24.3,11.4,8.3,28.9,21,"7.1",7,7.1,3.3,49,32.2,"89.1","14.4",33.3,10.8,34.2,"78.330811017","94.064733761",28.8,52.4
"Kilian, Caleb",668873,2026,29,"49","47.2",209,181,43,34,2,1,6,56,22,26.8,10.5,".238",".359",".322","0.681","14",".216",".360",".302",".292",".304",".144","71.7",22.1,11.5,8.7,31.7,24,"7.2",10,7.9,1.2,47.4,32.8,"87.8","12",30.2,8.6,34.9,"77.059416935","93.499167317",27.9,48.7
"Knack, Landon",689017,2024,26,"15","69.0",286,264,58,33,9,2,14,69,18,24.1,6.3,".220",".428",".276","0.704","31",".224",".444",".304",".313",".281",".220","71.7",24.9,16.7,13.1,35.5,27.9,"7.3",6,10.5,-3.2,57.3,30.7,"90.6","21.1",35.7,10.2,43.9,"80.515529184","94.680633316",23.1,46
"Junis, Jakob",596001,2025,32,"57","66.2",274,249,64,46,11,2,5,55,18,20.1,6.6,".257",".378",".315","0.693","30",".256",".406",".301",".312",".314",".150","71.7",21.8,16.5,13,35.1,27.8,"7.6",9,13,-5.8,54.5,33,"87.6","12.4",30.5,6.1,38.6,"75.668181771","93.920402813",22.7,44.5
"Maeda, Kenta",628317,2023,35,"21","104.1",428,394,94,54,22,1,17,117,28,27.3,6.5,".239",".429",".292","0.721","73",".228",".411",".309",".300",".283",".184","71.9",25.9,14,10.2,32.2,23.4,"7.5",8,12.7,-4.6,47.5,34.1,"90.4","18.3",38.9,8.2,42.1,"80.763942899","94.388046123",28.2,48.5
"Lugo, Seth",607625,2024,34,"33","206.2",836,773,177,119,36,6,16,181,48,21.7,5.7,".229",".353",".281","0.634","109",".240",".400",".278",".304",".292",".160","72",25.5,15,11.9,35.2,27.8,"7.3",20,10.8,-1.5,53.2,32.7,"88.5","10.7",32.8,8,39,"77.299278949","93.994017356",22.5,46.7
"Wheeler, Zack",554430,2023,33,"32","192.0",787,734,168,111,35,2,20,212,39,26.9,5,".229",".364",".274","0.638","119",".227",".356",".277",".278",".274",".129","71",19.1,8.7,6.4,28.6,21.1,"7.1",14,7,2.4,50.1,31.2,"86.9","14.2",35.1,5.1,36.4,"75.393585916","93.267420573",28.6,51.3
"Pagán, Emilio",641941,2024,33,"38","38.0",158,144,40,28,6,0,6,44,11,27.8,7,".278",".444",".323","0.767","20",".243",".429",".330",".317",".297",".186","71.7",24.8,17.2,12.4,32.3,23.3,"7.4",3,10.1,-3.2,55.4,31.3,"90.4","20.9",36.9,8.7,50.5,"79.260641373","95.238884216",29.6,53.6
"Curry, Xzavion",675540,2024,25,"16","42.2",172,164,38,15,14,1,8,28,7,16.3,4.1,".232",".476",".262","0.738","26",".270",".516",".309",".346",".300",".246","72.4",25.4,15.7,12.5,37.1,29.6,"7.4",4,11.3,-1.8,58.6,32.1,"89.9","25.6",38,10.9,43.1,"79.568908986","94.509368321",21.1,51.2
"Lorenzen, Michael",547179,2024,32,"26","130.1",535,468,101,63,20,1,17,97,59,18.1,11,".216",".372",".310","0.682","61",".240",".423",".303",".332",".332",".183","71.6",22,14.6,11.5,33.9,26.6,"7.3",13,10.5,-1.2,48.6,32.6,"88.5","15.1",32.2,8.1,39.4,"76.902993817","94.185249946",22.8,44.7
"Holton, Tyler",663947,2023,27,"59","85.1",324,303,56,38,9,0,9,74,18,22.8,5.6,".185",".304",".232","0.536","32",".235",".391",".234",".290",".279",".156","71.2",19.7,14.8,11.4,30.1,23.1,"7.4",3,11.3,-5.2,47,31.5,"86.1","12.2",35.5,6.9,32.5,"73.903434298","93.193423684",26.8,49.3
"Sousa, Bennett",656986,2025,30,"44","50.2",199,181,37,22,11,0,4,59,15,29.6,7.5,".204",".331",".263","0.594","30",".199",".335",".261",".266",".260",".136","72.1",27.2,14.4,9.6,34.7,23.2,"7.7",11,14.2,-9,49.8,32.5,"89.1","15.9",32.8,8.1,36.8,"77.989110968","94.230850081",36.8,53
"Woods Richardson, Simeon",680573,2024,23,"28","133.2",569,509,125,87,21,1,16,117,48,20.6,8.4,".246",".385",".310","0.695","69",".236",".406",".305",".315",".305",".170","71.4",21.2,11.9,9.4,30.8,24.2,"7.3",14,9.9,-1.2,51.1,31.4,"88.4","18.5",35.7,8.2,36.2,"78.06318392","93.54377801",22.3,49.8
"Ureña, José",570632,2024,32,"33","109.0",463,414,105,72,19,1,13,70,39,15.1,8.4,".254",".399",".321","0.720","47",".256",".420",".314",".327",".324",".165","71.9",22,15.1,11.8,35.1,27.3,"7.5",5,12.7,-4.1,53.1,33.7,"89","9.8",26,7.7,39.7,"77.39789546","94.465225677",23.1,47
"Tonkin, Michael",543859,2023,33,"45","80.0",325,295,64,43,7,1,13,75,23,23.1,7.1,".217",".380",".276","0.656","58",".237",".410",".283",".306",".295",".174","71",20.1,12,9.5,28.2,22.3,"7.2",7,9.5,-1.6,52.1,32.6,"89.8","19.1",32,8,40,"80.065595586","94.129354414",24.8,50.3
"Buehler, Walker",621111,2026,31,"24","114.1",518,462,118,81,20,3,14,104,49,20.1,9.5,".255",".403",".333","0.736","64",".248",".397",".325",".318",".326",".149","72.2",28.9,12.9,10.4,33,26.6,"7.1",19,8.5,0.7,51.4,32,"89.4","11.5",31.9,8.1,38.9,"78.918379274","94.081867123",20.4,44.6
"Ashby, Aaron",676879,2025,27,"43","66.2",270,238,54,42,7,2,3,76,24,28.1,8.9,".227",".311",".307","0.618","47",".219",".301",".279",".275",".302",".082","71.2",17.6,13.5,10.4,34.8,26.9,"7.3",18,8.2,1.4,51.2,32.4,"89.2","-0.1",29.1,3.1,40,"78.12069625","94.376961125",27,42
"Armstrong, Shawn",542888,2023,32,"39","52.0",207,191,36,25,8,1,2,54,11,26.1,5.3,".188",".272",".246","0.518","19",".205",".315",".233",".256",".262",".111","71.6",23.7,10.2,7.5,26.7,19.8,"7.1",3,7.7,3.2,57.3,32.5,"87.5","18.1",33.3,3.6,33.3,"76.961953623","93.050103478",26.3,53.8
"Vesia, Alex",681911,2024,28,"67","66.1",263,223,33,16,9,1,7,87,33,33.1,12.5,".148",".291",".260","0.551","30",".153",".324",".246",".260",".264",".171","71.4",25.5,8.9,6.4,24.2,17.4,"7.2",10,9.4,-3,51.9,29.3,"87.5","30",29.3,12.1,35,"76.246164853","93.468041029",31.3,47.5
"Kimbrel, Craig",518886,2024,36,"57","52.1",232,192,40,25,7,1,7,73,31,31.5,13.4,".208",".365",".329","0.694","28",".216",".390",".309",".323",".336",".174","70.9",18.9,12.6,8.9,32.4,22.9,"7.1",9,7,2.9,46.5,31,"91.1","17.3",37.4,10.6,43.1,"81.560687377","94.92765877",30.9,43
"Díaz, Edwin",621242,2025,31,"62","66.1",258,225,37,27,6,0,4,98,21,38,8.1,".164",".244",".258","0.502","10",".170",".264",".234",".247",".266",".094","71.3",23.3,10.3,6.2,29.1,17.6,"7.2",12,9.8,-0.6,45.5,32.6,"88.5","11.3",32.8,4.6,39.7,"77.057612969","94.369810156",41.5,47.6
"Woo, Bryan",693433,2026,26,"24","138.1",563,523,121,82,21,3,15,137,29,24.3,5.2,".231",".369",".279","0.648","64",".237",".383",".284",".293",".286",".146","72.1",26.1,12,9.1,31.4,23.8,"7.1",13,8.4,0.3,45.3,32.6,"89.8","17.1",35.9,6.9,43.3,"79.282365567","94.44476701",24.8,53.4
"Francis, Bowden",670102,2023,27,"20","36.1",136,126,22,14,3,0,5,35,8,25.7,5.9,".175",".317",".228","0.545","16",".215",".402",".238",".294",".270",".187","70.6",16.4,11.7,9,26.2,20.1,"7.2",4,10.5,-3.5,51.7,31.4,"90","18",35.9,10.9,41.3,"80.045582391","94.268477473",23.2,49.5
"Irvin, Jake",663623,2024,27,"33","187.2",769,710,173,103,38,3,29,156,52,20.3,6.8,".244",".428",".299","0.727","85",".248",".440",".314",".323",".303",".191","71.8",24.4,13.6,10.7,33,26,"7.2",16,9.1,0.8,50.5,31.6,"88.8","11.4",33,9.2,39.1,"77.537675273","94.341422273",22.3,48.5
"Montgomery, Mason",682254,2026,26,"50","48.1",201,179,34,22,7,0,5,78,21,38.8,10.4,".190",".313",".274","0.587","24",".187",".297",".261",".254",".272",".110","71.6",22.9,10.5,7.4,24.7,17.3,"7.1",12,6,2.6,42.9,32.1,"86.9","7.8",24.5,8.8,41.2,"73.592227059","94.537196535",32.6,49.2
"Luzardo, Jesús",666200,2023,25,"32","178.2",741,677,162,94,43,3,22,208,55,28.1,7.4,".239",".409",".301","0.710","83",".230",".416",".307",".307",".293",".186","71.8",25.4,14.7,10.3,32.3,22.7,"7.5",12,11.5,-3.7,46.4,32,"89.5","14.5",34.7,9.6,40,"78.474338846","94.421479593",31.4,48.6
"Romero, JoJo",668941,2023,26,"27","36.2",147,134,29,22,4,2,1,42,10,28.6,6.8,".216",".299",".274","0.573","14",".226",".296",".255",".262",".283",".071","70.4",16,7.3,4.7,33.3,21.3,"7.5",2,10.5,-5,42.7,32.6,"87.6","-0.5",31.9,2.2,38.3,"76.319134348","93.480358261",36.3,47.8
"Bowlan, Jonathan",680742,2025,28,"34","44.1",180,161,37,22,9,0,6,46,17,25.6,9.4,".230",".398",".302","0.700","19",".222",".399",".305",".303",".295",".178","70.7",15.7,14.4,9.9,32.2,22.2,"7.1",9,8.6,2.6,52.9,32.4,"87.3","10.3",32.5,9.4,36.8,"74.997569483","94.011314696",33.7,48.1
"Shugart, Chase",663767,2025,28,"35","45.0",181,160,33,18,7,2,6,31,17,17.1,9.4,".206",".388",".282","0.670","12",".240",".441",".286",".332",".322",".200","72",24.2,16.1,12.5,36.6,28.4,"7.3",5,9.2,-0.8,51.3,32.3,"88","18.9",37.9,9.2,38.6,"76.554529697","93.932006107",24.6,43.5
"Skubal, Tarik",669373,2026,29,"19","113.2",446,418,89,56,20,1,12,135,20,30.3,4.5,".213",".352",".257","0.609","61",".226",".343",".268",".270",".269",".117","71.7",22.6,10.8,7.5,28.7,19.9,"7.3",16,8.9,-0.7,45.7,31,"87.3","11.3",32.5,7.3,36.4,"75.700744643","93.532739355",31.9,53.6
"Beck, Tristan",663941,2023,27,"33","85.0",354,330,83,58,15,0,10,68,21,19.2,5.9,".252",".388",".300","0.688","50",".241",".400",".298",".298",".290",".160","71.8",25,12.9,10.1,34.9,27.2,"7.5",4,11.2,-2.5,58.2,30.4,"88.1","14.9",32.3,7.6,35.7,"77.489580916","93.428860725",23.6,49.2
"Anderson, Tyler",542881,2023,33,"27","141.0",629,549,146,84,40,2,20,119,64,18.9,10.2,".266",".455",".346","0.801","90",".255",".435",".345",".339",".339",".180","71.8",20.8,12,8.7,30.1,21.7,"7.5",4,12.7,-5.2,49.1,31.8,"87","19.1",37.6,8.2,32.3,"75.818054326","93.084649767",27.8,49.7
"Bruihl, Justin",677865,2026,29,"55","60.2",266,229,59,43,13,0,3,41,22,15.4,8.3,".258",".354",".336","0.690","22",".247",".335",".308",".303",".332",".088","72.1",26.4,13.3,11.2,28.7,24.1,"7.3",5,10.5,-3.8,52.2,32.9,"86.1","7.7",28.7,3.6,34.9,"73.818684167","93.273080681",17.5,45.5
"Mayza, Tim",641835,2024,32,"50","42.2",195,175,54,35,12,2,5,28,15,14.4,7.7,".309",".486",".359","0.845","14",".282",".473",".358",".349",".339",".192","71.7",22.2,15.2,12.8,35,29.3,"7.1",1,7.3,5.6,48.4,32.3,"88.3","9.2",42.4,9.3,38.4,"77.397422838","93.76203585",17.5,44.5
"Lord, Brad",695418,2025,25,"48","130.2",546,494,126,84,22,3,17,108,43,19.8,7.9,".255",".415",".317","0.732","54",".270",".437",".319",".335",".331",".167","71.3",21.4,15.3,12.2,30.1,24.1,"7",12,5.1,6.7,39.7,33,"88.5","10.1",34.4,7.1,41.8,"76.261947744","94.578532262",21.3,50
"Sánchez, Sixto",664350,2024,25,"14","35.2",162,142,43,31,9,0,3,17,14,10.5,8.6,".303",".430",".375","0.805","21",".275",".431",".354",".348",".352",".157","70.8",19.4,14.5,12.8,35,31,"7.2",2,7.1,2.4,48.2,32.5,"90","10.4",29.7,6.3,43.8,"79.716183968","94.492488254",13.2,46.4
"Hader, Josh",623352,2024,30,"71","71.0",278,251,43,25,5,1,12,105,25,37.8,9,".171",".343",".248","0.591","14",".173",".339",".261",".261",".250",".166","71.3",19.9,10.9,6.7,30.1,18.5,"7.3",12,11,-1.8,53.4,31.5,"89.7","21.2",33.3,10.3,38.8,"79.336932877","94.450776",40.5,54.4
"McGough, Scott",543518,2024,34,"26","32.2",150,124,34,16,10,2,6,25,21,16.7,14,".274",".532",".373","0.905","29",".256",".505",".382",".370",".361",".250","71.7",26.7,14.2,10.7,32.5,24.4,"7.4",3,10.5,-2.6,50.4,33.9,"90.8","13.2",34,11.7,41.7,"81.219632885","94.634885049",25.5,48.9
"Fisher, Braydon",680755,2025,24,"52","50.0",202,177,32,22,6,0,4,62,19,30.7,9.4,".181",".282",".269","0.551","40",".206",".351",".248",".285",".292",".144","71.2",17.9,12.7,9.1,35,25.1,"7.5",9,13.3,-6.5,59.7,30.2,"88.1","16.5",29.7,7.6,36.4,"77.140296441","93.774442137",29.9,43.6
"Faedo, Alex",656412,2024,28,"37","57.1",246,210,49,31,9,0,9,55,28,22.4,11.4,".233",".405",".328","0.733","35",".248",".391",".322",".327",".342",".143","70.5",16.6,10.7,7.6,33.8,24.2,"7.5",10,11.8,-5.8,55.5,32.1,"88.3","14.8",39.4,6.3,34.4,"77.90499359","93.483902692",31.1,47.9
"Ottavino, Adam",493603,2023,37,"66","61.2",261,221,46,31,8,0,7,62,29,23.8,11.1,".208",".339",".320","0.659","17",".209",".329",".294",".293",".322",".120","71.2",22.2,13.9,11.1,41.8,33.3,"7.3",4,8.9,-0.3,52.6,31.7,"88.6","7.2",24.1,3.7,40.7,"77.409981875","94.077359188",26.1,41.9
"Bummer, Aaron",607481,2025,31,"42","54.1",236,204,51,34,12,2,3,51,18,21.6,7.6,".250",".373",".339","0.712","46",".267",".371",".310",".318",".354",".105","71",20.5,14.8,11.8,39.4,31.4,"7.3",12,9,-3.2,46.5,34.4,"89.7","2.9",33.3,3.2,39.1,"79.893937922","94.157028693",22.9,43.1
"Oviedo, Johan",670912,2025,27,"9","40.1",170,143,26,16,4,0,6,42,23,24.7,13.5,".182",".336",".306","0.642","29",".211",".378",".291",".316",".330",".167","72.2",28,13.6,9.6,31.8,22.4,"7.4",6,10.7,-4.5,49.8,32.2,"87.6","22.6",29.4,6.9,35.3,"75.469035294","93.934282157",29.9,42.3
"Festa, David",701581,2024,24,"14","64.1",277,251,62,36,14,3,9,77,23,27.8,8.3,".247",".434",".314","0.748","24",".235",".411",".324",".314",".303",".176","71.8",24.1,13.6,9.8,31.4,22.6,"7.4",10,11.7,-4,58.4,32,"89.5","15.1",41.1,8.6,38.9,"79.387333908","93.969638218",28.4,48.7
"Paddack, Chris",663978,2024,28,"17","88.1",384,360,102,72,16,0,14,79,21,20.6,5.5,".283",".444",".323","0.767","45",".270",".480",".332",".342",".312",".210","71.3",23.3,17.6,13.8,37.6,29.6,"7.3",15,9.8,-0.2,53.3,31,"90.4","14.3",40.6,9.9,43.1,"79.362526643","95.101850323",24,49.4
"Hoffman, Jeff",656546,2023,30,"54","52.1",208,183,29,18,7,1,3,69,19,33.2,9.1,".158",".257",".244","0.501","32",".187",".281",".226",".250",".270",".093","70.9",18.3,6.3,4.3,24.1,16.5,"7.4",9,11.9,-6.3,51.1,32.3,"88.1","14.4",24.6,2.5,30.5,"78.079868966","93.127529652",34.6,51.2
"Vásquez, Randy",681190,2026,27,"24","111.0",474,431,121,77,26,3,15,71,32,15,6.8,".281",".459",".332","0.791","72",".292",".505",".342",".365",".344",".213","72.5",28.1,14.3,11.6,34.4,28.1,"7.4",9,9.4,-1,53.5,32.9,"91.4","16.4",37.3,10.6,44.1,"82.152645934","94.873454258",19.3,49.9
"Festa, David",701581,2025,25,"11","53.1",229,204,49,32,7,0,10,53,19,23.1,8.3,".240",".422",".316","0.738","21",".243",".465",".322",".338",".319",".222","72.3",25.1,15.9,11.8,32.6,24.1,"7.5",11,13,-5,55.1,32.3,"90.4","19.8",34,11.8,40.5,"79.851768158","95.067738344",27.4,51.2
"Kelly, Zack",677161,2024,29,"49","56.2",241,212,44,26,8,0,10,61,27,25.3,11.2,".208",".387",".303","0.690","34",".224",".416",".300",".319",".317",".192","70.3",17.6,9.7,7.1,30.1,22.1,"7.3",6,9.8,-2.7,50.4,31.7,"87.2","12",35.1,9.9,31.1,"76.0100832","93.197603267",28.1,46.5
"Bazardo, Eduard",660825,2025,29,"73","78.2",313,280,53,38,5,1,9,82,27,26.2,8.6,".189",".311",".262","0.573","46",".206",".359",".252",".285",".282",".153","71.5",21.6,13,10.5,31.4,25.4,"7.3",6,10,-2,54.2,32.1,"88.5","15.1",32.7,9.4,37.1,"77.733708515","93.734075347",19.4,42.9
"Bradford, Cody",674003,2023,25,"20","56.0",234,216,56,28,15,2,11,51,12,21.8,5.1,".259",".500",".296","0.796","25",".240",".477",".333",".325",".283",".238","71.6",22.3,16.8,13.4,31.8,25.4,"7.2",4,8.4,0.5,48,30.7,"90.9","19.6",37.1,11.8,43.5,"80.275544643","95.10417494",22.1,48.9
"Chandler, Bubba",696149,2025,22,"7","31.1",124,117,25,16,6,1,2,31,4,25,3.2,".214",".333",".258","0.591","15",".231",".415",".260",".298",".275",".184","71.7",23.9,13,9,35.5,24.4,"7.1",3,6.8,5.1,40.5,31.8,"90.2","7.9",39.5,9.4,40.7,"80.213783953","94.569092353",30.3,50.1
"Bednar, David",670280,2025,30,"64","62.2",251,230,46,32,8,2,4,86,19,34.3,7.6,".200",".304",".263","0.567","24",".204",".339",".249",".264",".267",".135","71.1",20,12.2,8.9,30.7,22.4,"7.2",11,10.2,-1.7,52.7,30.9,"89.2","11.2",35.9,9,42.1,"78.178668056","94.382782917",31.1,47.8
"Seymour, Carson",693313,2025,26,"16","36.0",156,141,37,23,5,0,9,26,13,16.7,8.3,".262",".489",".329","0.818","8",".275",".519",".352",".367",".340",".244","72",27.6,17.5,14,36.1,28.8,"7.1",4,7.8,2.9,51,32,"91.4","6.6",33.6,15.5,44.8,"80.393910702","95.602991228",21.8,43.6
"López, Jorge",605347,2024,31,"52","53.0",216,196,46,31,9,0,6,50,18,23.1,8.3,".235",".372",".306","0.678","13",".218",".384",".298",".298",".290",".166","71",19.5,14.2,11,40.1,31.3,"7.3",8,9.5,-0.8,49.8,32,"88.7","9.1",28.1,8.2,39.7,"77.330596389","94.215008042",23.1,43.3
"Woods Richardson, Simeon",680573,2026,25,"17","63.0",285,245,73,47,17,0,9,35,34,12.3,11.9,".298",".478",".385","0.863","24",".280",".461",".377",".365",".371",".181","73",38.5,18.7,15.4,39.2,32.2,"7.3",5,8.8,0.1,51.7,32,"89.9","18",32.7,7.9,43,"79.062456857","94.66823881",18.4,42.3
"Mikolas, Miles",571945,2026,37,"25","116.0",498,467,137,82,28,0,27,58,23,11.6,4.6,".293",".527",".325","0.852","66",".288",".506",".363",".354",".322",".219","72.5",29.2,17.9,15.5,38.3,33,"7.3",13,9.4,-0.4,54.9,32.6,"90.1","12",34.2,9.2,43.6,"78.822472341","95.003337482",14.5,48.4
"Scherzer, Max",453286,2026,41,"10","41.0",181,162,43,27,5,0,11,31,17,17.1,9.4,".265",".500",".337","0.837","13",".250",".436",".361",".332",".325",".186","71.9",25.1,10.8,8.9,24.7,20.5,"7.3",4,11,-4.7,49.9,32.4,"87.6","19.5",37.9,9.8,34.8,"76.740177121","93.394150758",18.5,51.3
"Crismatt, Nabil",622503,2025,30,"8","34.0",153,142,40,28,4,2,6,25,9,16.3,5.9,".282",".465",".327","0.792","25",".280",".436",".340",".330",".325",".156","72.4",24.9,15.1,11.4,38.5,29.1,"7.6",1,14.3,-10.8,49.8,33.7,"87.9","11.2",38.1,5.1,29.7,"78.087486552","92.987057739",23.8,47.2
"Young, Brandon",687064,2025,26,"12","57.2",256,230,67,38,17,0,12,47,22,18.4,8.6,".291",".522",".350","0.872","25",".241",".439",".372",".320",".306",".198","71.9",26.4,17,13.4,35.5,28.1,"7.3",7,10.8,-2.3,55.3,31.4,"89.4","13.3",32.1,10.2,42.2,"78.202437717","94.69738663",21.6,48.2
"Ashcraft, Braxton",677952,2026,26,"24","141.1",574,526,123,80,21,2,20,155,33,27,5.7,".234",".395",".284","0.679","131",".226",".363",".296",".284",".280",".137","72.5",28.8,12.7,9.6,32.1,24.1,"7.4",18,11,-4.4,53.5,32.6,"89.9","12.1",33,6.6,41.7,"79.581338723","94.485981947",26.2,52.1
"Soroka, Michael",647336,2025,27,"22","89.2",379,334,72,44,15,1,12,95,29,25.1,7.7,".216",".374",".306","0.680","37",".209",".351",".302",".293",".301",".142","71.8",23.5,13.5,10.8,30.8,24.6,"7.3",16,10.9,-2.9,53.2,31.8,"89.2","14.3",27.5,6.7,40.4,"78.414330168","94.280573361",23.7,45.5
"Young, Danny",664849,2024,30,"42","37.2",165,138,29,20,6,0,3,48,18,29.1,10.9,".210",".319",".331","0.650","15",".247",".389",".297",".340",".363",".142","71.1",21.7,13.8,10.1,30,22.1,"7.6",11,12.1,-5.3,44.7,34.7,"88.9","2.8",29.3,6.6,39.1,"77.741639556","94.178702584",30.7,38.3
"Leahy, Kyle",681517,2025,28,"62","88.0",363,328,80,59,16,0,5,80,28,22,7.7,".244",".338",".300","0.638","27",".263",".417",".281",".325",".322",".153","71.3",18.3,15.1,11.9,30.1,23.7,"7.2",13,8.3,2.3,53,32,"89.1","10.2",37.4,9.8,44.1,"77.142256905","94.740171833",23.1,49.7
"Abreu, Bryan",650556,2026,29,"48","45.0",198,159,32,18,6,1,7,57,33,28.8,16.7,".201",".384",".352","0.736","11",".197",".329",".334",".315",".349",".132","71.8",22,13.2,9.6,30.2,22,"7.2",13,10.2,-2.4,51.9,31.5,"90.6","16.6",33.7,5.8,41.3,"81.6953406","94.343615253",32.4,41.1
"Thielbar, Caleb",573204,2026,39,"44","37.1",160,145,36,21,5,0,10,46,13,28.7,8.1,".248",".490",".314","0.804","24",".241",".473",".343",".332",".308",".233","72.2",26.9,14.9,11,27.9,20.7,"7.4",12,12.3,-5.4,57.1,31.6,"89.2","21",33,12.1,40,"77.362975102","94.769827857",28.2,51.5
"Cole, Gerrit",543037,2024,33,"17","95.0",390,355,78,52,14,1,11,99,29,25.4,7.4,".220",".358",".290","0.648","52",".223",".385",".286",".300",".293",".162","71.4",19.8,13.5,10.3,31.9,24.4,"7.2",11,9.4,-0.6,55.6,30.6,"89.7","17",31.6,7.4,39.5,"79.402838516","94.074448672",24.8,48.3
"Hendricks, Kyle",543294,2023,33,"24","137.0",578,542,138,92,30,3,13,93,27,16.1,4.7,".255",".393",".293","0.686","54",".266",".416",".296",".314",".305",".150","71.4",21.6,15,11.6,34,26.3,"7.5",7,11.5,-5.4,50.4,32.4,"85.2","11.2",33.7,6.2,31.5,"72.3316","93.059797773",21.1,46.7
"Enright, Nic",663671,2025,28,"27","31.0",127,113,24,18,3,0,3,30,12,23.6,9.4,".212",".319",".299","0.618","9",".230",".365",".279",".303",".315",".135","70.6",15,8.2,6.1,27.2,20.2,"7.3",5,9.7,-1.1,48.4,31.5,"87.8","19.9",32.5,6,36.1,"77.36517439","93.154156098",26.4,51.3
"Rogers, Trevor",669432,2026,28,"23","125.2",529,485,122,78,28,3,13,108,35,20.4,6.6,".252",".402",".302","0.704","66",".250",".399",".307",".308",".304",".149","72.2",27.2,14,10.9,31,24.1,"7.4",22,10.5,-3.1,50.7,32.2,"89.1","18.2",32.6,7.1,39.2,"78.260548032","94.099764681",23.6,52.5
"Kikuchi, Yusei",579328,2026,35,"7","31.0",142,124,35,21,11,0,3,33,14,23.2,9.9,".282",".444",".352","0.796","13",".258",".446",".346",".340",".335",".187","72.7",30,16.7,12.6,31.2,23.5,"7.3",5,8.9,-1.3,47.4,33.2,"90.2","15.5",35.1,8.5,42.6,"78.667213404","95.256198936",25.9,48.3
"Anderson, Grant",681982,2023,26,"26","35.2",154,137,38,27,6,0,5,30,14,19.5,9.1,".277",".431",".344","0.775","20",".231",".412",".334",".312",".306",".181","71",18.8,18.6,15.9,37.3,31.9,"7.3",1,9.2,1.8,58.9,33.4,"86.7","11.5",33,8.3,34.9,"74.248592593","93.587271204",21.4,44.5
"Doval, Camilo",666808,2023,25,"69","67.2",281,244,51,38,10,0,3,87,26,31,9.3,".209",".287",".304","0.591","20",".201",".305",".262",".266",".297",".104","71.1",17.6,11.9,8.3,32.6,22.8,"7.1",5,9.6,-0.1,52.8,32.5,"88.9","8",26.9,5,41.3,"77.396166456","94.413793228",33.3,47.8
"Keller, Mitch",656605,2024,28,"31","178.0",773,697,182,110,38,11,23,166,50,21.5,6.5,".261",".446",".321","0.767","96",".246",".415",".331",".321",".311",".169","71",18.3,13,10.5,34.1,27.6,"7.1",23,7.2,2.4,48.5,32.1,"88.8","12.4",38,7.2,39.3,"77.859026134","94.078079089",21.5,47.6
"Miley, Wade",489119,2023,36,"23","120.1",490,443,99,60,22,1,16,79,38,16.1,7.8,".223",".386",".287","0.673","58",".249",".420",".293",".319",".312",".170","72.3",29.1,9.7,7.9,28.9,23.5,"7.4",6,10.7,-2.1,59.1,33.4,"87.3","10.8",30,7.6,31.3,"76.41179978","93.147683664",19.1,45.1
"Martin, Chris",455119,2025,39,"49","42.1",173,164,43,34,3,0,6,43,7,24.9,4,".262",".390",".295","0.685","12",".258",".426",".291",".302",".291",".168","71.3",22.9,13.4,10.6,29.1,23.2,"7",4,5.6,7.3,44.2,32.4,"90.1","12.9",35.2,9,41,"79.235836557","94.800879669",21.8,55.3
"Woo, Bryan",693433,2025,25,"30","186.2",731,685,137,85,25,1,26,198,36,27.1,4.9,".200",".353",".243","0.596","115",".215",".373",".259",".274",".258",".159","71.9",26.1,13.5,10.1,30.7,23,"7.1",19,6.4,3.6,44.3,31.1,"89.1","13.8",32.5,9.1,41.8,"77.567134979","94.556632572",26.2,53.2
"Hartwig, Grant",701643,2023,25,"28","35.1",158,136,34,22,8,1,3,30,15,19,9.5,".250",".390",".348","0.738","23",".243",".382",".325",".320",".342",".139","71.6",23.1,10.6,8.9,30.5,25.4,"7.2",7,8.1,2.3,48.5,32.8,"87.1","8.7",34.6,6.5,36.4,"75.324396415","93.473362642",20.5,42.7
"Pepiot, Ryan",686752,2023,25,"8","42.0",159,151,27,13,7,0,7,38,5,23.9,3.1,".179",".364",".220","0.584","20",".219",".374",".251",".274",".258",".155","71",20.8,11.4,8.3,31.9,23.3,"7.3",7,10.4,-3.5,55.2,32.4,"86.7","20",31.9,8.8,27.4,"75.626502727","93.036786789",27.9,50.5
"Cruz, Fernando",518585,2026,36,"57","51.1",219,184,37,23,9,0,5,63,31,28.8,14.2,".201",".332",".320","0.652","22",".183",".311",".294",".278",".305",".128","71.7",24.6,11.4,7.5,29.9,19.7,"7.7",17,16.2,-16.2,44.7,32.3,"86.1","21.5",28.5,8.1,24.4,"75.599040656","92.378337851",38.8,43.6
"Ray, Robbie",592662,2026,34,"24","131.2",554,480,110,72,20,1,17,113,65,20.4,11.7,".229",".381",".319","0.700","83",".241",".411",".311",".328",".332",".170","72.4",27.7,12.2,9.4,29.7,22.8,"7.4",23,10.6,-3.2,48.8,31.8,"89.1","19",31.7,8.3,37.6,"78.430513388","93.981753115",24.8,47.4
"Waldron, Matt",663362,2023,26,"8","41.1",173,160,39,21,7,2,9,31,12,17.9,6.9,".244",".481",".295","0.776","17",".250",".444",".328",".321",".301",".195","71.8",26.3,14.4,11.8,28.7,23.7,"7.1",0,9.5,-1.8,53.2,32.5,"86.7","14.2",33.1,10.8,38.5,"74.942241077","93.199644231",18.9,47.8
"Vodnik, Victor",680767,2024,24,"64","73.2",320,280,72,55,6,4,7,65,37,20.3,11.6,".257",".382",".345","0.727","19",".254",".428",".322",".342",".343",".175","70.6",16,13.8,10.8,36.1,28.4,"7.1",8,5.7,4.8,42.2,31.3,"91.3","4.5",27.6,7.9,49.3,"81.212304393","95.271991729",21.8,44.1
"Leiter, Jack",683004,2024,24,"9","35.2",173,148,44,26,9,2,7,31,17,17.9,9.8,".297",".527",".374","0.901","24",".278",".514",".384",".377",".361",".236","71.4",23.4,14.7,10.7,37.4,27.2,"7.2",3,9.6,0.5,53.3,31.3,"91.2","16.4",35.5,10,44.6,"80.954927288","95.264334831",27.9,48.7
"Kochanowicz, Jack",686799,2026,25,"13","64.0",296,251,65,50,6,2,7,47,36,15.9,12.2,".259",".382",".358","0.740","39",".272",".439",".331",".358",".373",".167","72.5",27.6,16.7,12.9,34.8,26.9,"7.3",6,10.4,0.4,50.7,34,"89.4","4.7",30.3,7.4,42.8,"77.89732901","94.691266287",23.6,45.2
"Rainey, Tanner",663432,2024,31,"50","51.0",231,197,47,29,9,1,8,44,29,19,12.6,".239",".416",".346","0.762","28",".233",".488",".335",".360",".344",".255","71.8",25.3,12.5,9.5,29.9,22.8,"7.4",7,11.4,-3.3,61.1,32.5,"91.1","25.8",33.8,14.3,42.9,"81.766235844","94.688285098",26,49.1
"Baumann, Mike",657508,2023,27,"60","64.2",273,235,52,32,12,1,7,61,33,22.3,12.1,".221",".370",".320","0.690","42",".253",".462",".303",".351",".349",".209","71.7",23.3,19,15.1,39.4,31.4,"7.3",4,7.1,3.8,50.9,32.3,"91.3","12.4",31.6,9.1,45.8,"81.36503875","95.141209143",25,48.3
"Jones, Jared",683003,2024,22,"22","121.2",504,456,106,55,29,4,18,132,39,26.2,7.7,".232",".432",".298","0.730","47",".229",".409",".314",".312",".298",".180","71.7",22.3,12.5,9,33.4,24,"7.3",19,8.9,-1,50.4,31.5,"89.6","14.5",36.9,9.8,44.5,"79.019910366","94.534128685",30.2,51.6
"Jobe, Jackson",695549,2025,22,"10","49.0",218,185,46,29,9,1,7,39,27,17.9,12.4,".249",".422",".347","0.769","46",".243",".438",".337",".340",".342",".196","71.6",23.9,15.5,11.8,39.4,29.9,"7.4",6,11.9,-5.7,60.2,31.7,"89.1","13.1",36,8.7,43.3,"77.682526351","94.535962568",24.7,43.9
"Blanco, Ronel",669854,2025,31,"9","48.1",199,176,37,21,9,0,7,48,20,24.1,10.1,".210",".381",".288","0.669","23",".199",".354",".292",".279",".278",".155","71.9",24.8,11.9,8.3,29.1,20.2,"7.7",4,15.2,-9.6,55.3,30.7,"85.9","17.7",25.2,8.4,30.5,"74.409075313","92.826420709",32,47.6
"Wilson, Bryse",669060,2024,26,"34","104.2",442,405,102,71,9,2,20,82,31,18.6,7,".252",".432",".311","0.743","55",".275",".486",".323",".354",".332",".212","71.9",24.6,16.8,13.6,34.6,27.8,"7.3",8,8.8,1.2,53.6,33.4,"89.7","16.7",37.5,9.2,44.3,"78.447193333","94.771325015",20.8,48.3
"Herrin, Tim",682120,2026,29,"51","41.2",180,144,34,21,6,2,5,36,24,20,13.3,".236",".410",".352","0.762","19",".211",".359",".329",".315",".341",".148","71.8",22.7,14.6,10.6,34.5,25.2,"7.5",12,11.7,-5.6,49.7,34,"88.2","12.7",30.4,7.8,37.4,"76.990024386","93.845340088",30.2,46.1
"Misiorowski, Jacob",694819,2025,23,"15","66.0",272,239,51,33,9,1,8,87,30,32,11,".213",".360",".309","0.669","51",".202",".344",".298",".288",".299",".143","71.8",22.7,8.2,6,24.2,17.7,"7.1",16,6.8,1.1,50.8,31.2,"89","15.9",40.8,7.9,37.5,"79.236436579","93.62802596",29.7,49.8
"Alexander, Scott",518397,2023,33,"55","48.1",208,195,55,43,9,1,2,31,11,14.9,5.3,".282",".369",".324","0.693","20",".264",".380",".299",".296",".307",".116","71.5",26,12.9,10.7,40.8,33.9,"7.4",2,10.1,0.4,55.5,34.5,"90.4","-0.6",26.1,4.2,33.9,"81.328047927","94.059816564",20.2,52.9
"Montgomery, Mason",682254,2025,25,"57","46.0",209,177,49,33,10,0,6,63,27,30.1,12.9,".277",".435",".372","0.807","19",".243",".401",".354",".330",".344",".158","71.7",24.4,12.3,7.8,25.1,15.8,"7.1",7,6.3,4.1,41.1,32.5,"89.3","12.1",33.9,9.4,39,"78.008832456","94.636496106",35.8,51.1
"Williams, Trevor",592866,2024,32,"13","66.2",260,238,51,39,8,1,3,59,18,22.7,6.9,".214",".294",".265","0.559","38",".215",".357",".248",".284",".272",".141","72",25.5,14.5,11.3,32.1,25.1,"7.3",4,9.4,-1.3,47.1,34.2,"89.4","13.4",31.7,6.6,39.3,"79.537256264","93.835962143",22.5,46.7
"Estévez, Carlos",608032,2023,30,"63","62.1",281,244,62,45,10,0,7,78,31,27.8,11,".254",".381",".350","0.731","14",".232",".385",".320",".312",".331",".153","71.3",20.4,11.8,8.9,25.8,19.6,"7",2,7,4.6,49,30.3,"90.4","20.4",33.5,6.6,44.3,"80.181386265","94.71135103",27.5,51.9
"Sewald, Paul",623149,2024,34,"42","39.2",165,151,35,16,13,0,6,43,10,26.1,6.1,".232",".437",".291","0.728","9",".225",".421",".311",".304",".286",".196","71.5",21.3,11.7,9.1,28.3,22,"7.2",11,8.5,-0.1,53.5,30.9,"90","26",34.9,9.2,42.2,"79.845752037","94.379078037",24.4,52.8
"Strzelecki, Peter",657265,2023,28,"37","37.0",163,141,33,22,8,0,3,37,12,22.7,7.4,".234",".355",".327","0.682","23",".233",".391",".303",".316",".326",".159","72.8",27.3,22.2,18.2,55.6,45.5,"6.9",0,5.1,-0.4,54.5,31.4,"89.1","14.7",34,7.5,36.8,"79.79585","93.35481381",26.6,45.5
"Cruz, Steven",674444,2025,26,"47","45.2",189,169,36,24,7,0,5,38,18,20.1,9.5,".213",".343",".291","0.634","32",".221",".357",".280",".289",".298",".136","71.4",19.1,10.4,8.2,36.2,28.4,"7",4,6.8,4.7,51.4,32.2,"88.8","14.9",33.3,5.3,34.1,"78.717356308","93.526750154",24.3,50
"Kelly, Kevin",687330,2023,25,"57","67.0",276,251,53,33,18,0,2,56,15,20.3,5.4,".211",".307",".283","0.590","50",".230",".339",".264",".284",".300",".109","70.2",17.9,15.7,12.5,32.1,25.6,"7.2",2,8.9,-0.6,41.3,33.1,"87","10.3",32.3,3.6,32.8,"75.746726327","93.190395846",22.2,44.7
"Mattson, Isaac",676755,2025,29,"44","47.2",198,172,35,24,7,0,4,45,19,22.7,9.6,".203",".314",".286","0.600","16",".208",".361",".264",".283",".290",".153","70.6",18.2,12,9.2,32.2,24.8,"6.9",3,6,4,45,31,"89.4","23.8",33.3,6.1,39.4,"79.401004615","93.900533953",23.2,51
"Herrin, Tim",682120,2025,28,"54","42.2",194,155,37,24,8,0,5,45,30,23.2,15.5,".239",".387",".376","0.763","20",".223",".350",".339",".324",".366",".126","71.7",21.3,15,11.5,36.3,27.7,"7.6",11,11.7,-6.1,49,33.3,"88.3","14.5",29.2,5.4,42.5,"77.250682679","94.038742768",29.4,41.7
"Burke, Brock",656271,2023,26,"53","59.2",250,236,64,44,6,1,13,52,9,20.8,3.6,".271",".470",".301","0.771","48",".267",".453",".322",".316",".297",".187","70.2",11,14.7,11.6,35.7,28,"7.1",2,8.7,2.3,46.1,31,"89.7","15.8",31,8.6,40.1,"79.300694565","94.280314457",22.2,56.6
"Cabrera, Génesis",650893,2025,28,"40","42.2",187,165,46,26,8,0,12,35,18,18.7,9.6,".279",".545",".353","0.898","12",".246",".451",".380",".333",".324",".206","72",22.9,17,12.7,36.5,27.5,"7.5",7,12.1,-5.4,58.5,33.2,"89.5","19",32.6,11.4,42.4,"78.548698182","94.615786212",27.1,48
"Holton, Tyler",663947,2024,28,"66","94.1",354,330,57,38,10,2,7,77,17,21.8,4.8,".173",".279",".222","0.501","47",".212",".335",".221",".263",".259",".122","71.8",26.2,12.4,9.8,30.1,23.8,"7.3",12,9.5,-3.3,51.4,32.7,"86.6","11.4",29.3,5.5,32.8,"75.154517795","93.076380787",24.5,48.2
"Gibson, Kyle",502043,2024,36,"30","169.2",722,641,161,104,30,4,23,151,68,20.9,9.4,".251",".418",".324","0.742","82",".258",".435",".323",".340",".334",".176","71.8",25.1,15.1,11.4,37.7,28.5,"7.6",18,13.9,-5.9,50.1,33.7,"88.2","12",34.3,9.3,39.1,"76.558654534","94.071640304",25.9,42.9
"Banda, Anthony",607455,2025,31,"71","65.0",269,229,45,26,10,1,8,61,35,22.7,13,".197",".354",".305","0.659","44",".206",".355",".285",".295",".317",".148","70.9",20.4,13.9,10.3,32.5,24.1,"7.2",15,9.8,-2,48.6,31.5,"89.8","13.8",35.1,8.8,38.6,"80.008237647","93.888422308",27.2,47.7
"Scott, Christian",681035,2024,25,"9","47.1",197,180,45,29,7,1,8,39,12,19.8,6.1,".250",".433",".303","0.736","20",".243",".443",".318",".321",".298",".200","71.7",21.7,11.1,8.9,30.1,24.2,"7.2",7,7.9,1.5,52.7,30.3,"89.2","22.1",37.1,10.5,35.7,"78.550568451","94.142890704",21.6,51.2
"Cabrera, Génesis",650893,2023,26,"61","55.2",239,211,49,28,13,0,8,58,24,24.3,10,".232",".408",".315","0.723","41",".226",".420",".311",".313",".309",".195","72.1",23.5,16.2,11.8,38.2,27.8,"7.4",1,9.6,-3.9,52.1,33.4,"91.4","17.1",29.7,11.6,47.7,"81.502514416","95.192340519",29.8,49.7
"Kochanowicz, Jack",686799,2025,24,"23","111.0",512,440,136,100,14,1,21,72,58,14.1,11.3,".309",".489",".393","0.882","54",".287",".468",".379",".368",".378",".182","72.4",30.3,18.4,14.8,37.3,30,"7.4",12,10.2,0,53.2,34,"92.1","6.9",28,9.4,49.6,"81.746029301","95.756225538",20.8,47.6
"Morton, Charlie",450203,2025,41,"33","142.0",654,557,152,95,31,3,23,149,72,22.8,11,".273",".463",".367","0.830","82",".246",".409",".360",".333",".346",".163","72.2",26,15.8,11.8,34.2,25.5,"7.4",31,11.3,-3.5,52.5,33.7,"91.2","10.5",33.3,8.6,43.6,"81.394967087","94.941118471",27.9,46.8
"Yarbrough, Ryan",642232,2025,33,"19","64.0",264,242,58,37,7,1,13,55,19,20.8,7.2,".240",".438",".299","0.737","38",".256",".422",".318",".320",".314",".166","71.6",21.7,15.8,11.6,34.7,25.5,"7.4",4,11.3,-3.2,44.7,33.5,"86.1","15.5",39.9,6.9,34,"73.70416266","93.280751497",26.6,45.5
"Rea, Colin",607067,2026,35,"25","123.2",535,480,125,83,21,1,20,91,43,17,8,".260",".433",".329","0.762","82",".276",".487",".334",".359",".343",".211","72.1",27.5,14.6,11.9,36.6,29.9,"7.3",13,8,0.9,50.6,32.4,"89.8","12.6",37.1,10.7,41.4,"79.674704051","94.359218282",19.5,46.8
"Hoffman, Jeff",656546,2024,31,"68","66.1",265,244,48,31,9,2,6,89,16,33.6,6,".197",".324",".253","0.577","22",".200",".362",".252",".270",".257",".162","71.2",18.2,13.4,9.2,33.1,22.7,"7.4",18,11.5,-4.2,58.4,31.8,"88.3","17.3",32.5,7.7,42,"76.330911667","94.532854103",35.3,51.7
"Vesia, Alex",681911,2023,27,"56","49.2",217,198,52,37,7,1,7,64,17,29.5,7.8,".263",".414",".327","0.741","35",".228",".394",".318",".296",".296",".166","71.1",17.1,12.2,8.8,34.4,24.9,"7",4,7.1,3.2,52.7,30.7,"92.1","23.8",30.6,8.2,42.5,"82.571362273","95.230663712",30.3,50.8
"Jackson, Luke",592426,2024,32,"52","53.0",235,204,52,36,9,0,7,59,26,25.1,11.1,".255",".402",".342","0.744","27",".227",".382",".328",".316",".320",".156","71.6",21.1,13.8,10.1,33.5,24.5,"7.4",16,9.5,-1.3,53.9,33.8,"89.2","8.4",31.8,8.8,39.9,"78.730678904","94.024388356",29.7,47
"Sánchez, Cristopher",650911,2024,27,"31","181.2",754,706,182,135,34,2,11,153,44,20.3,5.8,".258",".358",".301","0.659","95",".255",".371",".290",".298",".299",".116","72",25.9,13.6,10.2,30.9,23.2,"7.5",10,10.2,-1.9,43.6,34.6,"87.4","2.4",30.2,5.4,34.5,"75.18960646","93.870693047",24.3,51.6
"Bird, Jake",656234,2025,29,"48","55.1",248,217,60,40,12,1,7,66,25,26.6,10.1,".276",".438",".355","0.793","34",".235",".373",".340",".305",".321",".139","71.1",18.3,15.8,11.8,33.1,24.7,"7.4",11,11.5,-5.1,46.2,33.5,"88.5","8.6",34.4,8.4,42.9,"76.501208701","94.353653247",28.1,43.9
"Brown, Ben",676962,2024,24,"15","55.1",222,197,41,27,9,0,5,64,19,28.8,8.6,".208",".330",".276","0.606","25",".229",".411",".268",".321",".302",".182","71.3",22.4,17.2,12.1,36.1,25.5,"7.3",6,8.9,-0.1,50.5,31.5,"91.8","16.2",34.1,10.9,51.4,"81.645372464","95.668522336",31.4,46.5
"Wilson, Justin",458677,2024,36,"60","46.2",209,192,55,35,10,0,10,51,13,24.4,6.2,".286",".495",".335","0.830","14",".239",".446",".354",".317",".294",".207","72",24.1,12.8,9.6,27.8,20.9,"7",8,5.8,5.5,45.7,32.6,"88.6","17.8",35.7,11.2,41.3,"76.709771268","94.558569007",25.1,55.1
"Gordon, Colton",676467,2025,26,"20","86.0",379,352,103,58,23,1,21,72,19,19,5,".293",".543",".329","0.872","55",".266",".471",".367",".332",".307",".205","72.4",28.5,14,11.7,30.8,25.7,"7.4",8,10.7,-3.8,51.2,32,"89","19.3",38.5,11.6,40.6,"77.823700284","94.21274",18,50.5
"Hjelle, Sean",663546,2024,27,"58","80.2",337,314,84,64,9,1,10,75,14,22.3,4.2,".268",".398",".308","0.706","30",".247",".385",".306",".297",".289",".138","70.4",17.9,13.7,11,38.8,31.1,"7.2",13,8.1,1.6,50.5,33,"88.7","2.3",29.6,5.3,37.4,"77.987104333","93.88649477",21.4,45.2
"Paddack, Chris",663978,2025,29,"33","158.0",670,619,166,99,32,4,31,112,37,16.7,5.5,".268",".483",".308","0.791","67",".273",".488",".336",".344",".316",".214","71.5",23.9,16.2,13.1,35.3,28.5,"7.2",18,9,0.6,53.2,31.4,"90.7","16.3",35.9,10.2,45.6,"79.944242314","95.130759451",20.7,51.3
"Uceta, Edwin",670955,2025,27,"70","76.0",321,282,62,38,11,2,11,103,27,32.1,8.4,".220",".390",".303","0.693","49",".219",".395",".300",".306",".305",".176","72.7",30.7,12.7,8.3,26,17,"7.5",13,11.9,-4.6,55.8,31.5,"88.6","17.2",39.3,9.3,36.6,"76.979023222","94.165568324",35.6,53
"Dreyer, Jack",676263,2025,26,"67","76.1",307,276,56,36,14,2,4,74,24,24.1,7.8,".203",".312",".263","0.575","36",".200",".330",".247",".257",".264",".130","72.5",30.3,13.2,9.7,32.8,24.1,"7.2",10,9,-1,53.3,31.9,"90.3","17",30.6,5.3,39.7,"81.020730198","94.032878366",26.7,51.4
"Rodríguez, Randy",678495,2025,25,"50","50.2",198,182,34,24,6,0,4,67,11,33.8,5.6,".187",".286",".247","0.533","19",".188",".308",".239",".251",".250",".120","70.9",17.8,11.3,8,26.6,18.9,"7.3",9,10.9,-4.2,49.6,32.7,"87","17.7",27.6,7.8,36.2,"74.880712931","93.639142783",31.1,49.8
"Merryweather, Julian",657240,2023,31,"69","72.0",303,265,58,44,6,0,8,98,36,32.3,11.9,".219",".332",".314","0.646","48",".210",".350",".291",".298",".308",".141","69.7",12.2,16.5,11.7,35.3,25,"7.3",10,9.5,-1.6,45.5,32.8,"89.8","14.5",32.1,7.2,40.5,"78.820764512","94.791822866",35.1,47.3
"Gore, MacKenzie",669022,2025,26,"30","159.2",679,602,152,103,28,1,20,185,63,27.2,9.3,".252",".402",".325","0.727","61",".241",".415",".318",".322",".318",".174","71.4",23.3,14,10.1,31.8,23,"7.3",32,9.6,-1.3,48.8,31.3,"90.4","16",35.9,10.6,44.1,"79.811918815","94.95579848",29.7,49.4
"Holderman, Colin",670059,2023,27,"58","56.0",240,215,55,40,11,0,4,58,20,24.2,8.3,".256",".363",".322","0.685","18",".232",".366",".299",".294",".303",".134","71.1",16.4,12.7,9.9,31.3,24.6,"7.3",3,10.1,0.3,48.3,32.7,"89.1","6.4",28.1,5,43.1,"77.63394275","94.453290189",23.2,47.7
"Sewald, Paul",623149,2023,33,"65","60.2",249,221,46,30,8,0,8,80,24,32.1,9.6,".208",".353",".287","0.640","9",".187",".312",".281",".259",".268",".126","70.5",17.4,9.7,7.2,22.9,16.9,"7",3,6.5,3.4,46.7,31.8,"85.9","20.9",34,5.6,29.9,"74.509063429","92.696559143",29.3,49.8
"Leiter Jr., Mark",643410,2026,35,"36","33.2",144,128,33,26,5,0,2,38,11,26.4,7.6,".258",".344",".333","0.677","17",".269",".365",".304",".316",".344",".096","72.5",28.4,12.9,9,29.9,20.9,"7.6",2,14.8,-10,49.8,32.2,"86.8","14.4",37.4,3.3,31.9,"76.022925652","92.833247802",30.3,46.1
"McClanahan, Shane",663556,2023,26,"21","115.0",469,428,95,57,20,3,15,121,41,25.8,8.7,".222",".388",".290","0.678","85",".238",".411",".295",".312",".305",".173","72.3",26,23.2,15.8,37.4,25.3,"7.4",3,9.6,1.1,40,33.5,"89.7","11.2",35.8,9.8,42.3,"78.377342105","94.790624079",33.5,51.2
"Hicks, Jordan",663855,2026,29,"40","36.2",168,140,31,21,8,0,2,45,25,26.8,14.9,".221",".321",".339","0.660","11",".207",".260",".294",".268",".329",".054","70.7",19.3,10.1,7.8,28.2,21.8,"7.1",4,7.3,-0.7,34.1,32.2,"88.4","13.3",27.8,1,33,"77.906028723","93.521027128",25.2,44.1
"Beck, Tristan",663941,2025,29,"31","56.2",232,211,47,30,8,2,7,41,16,17.7,6.9,".223",".379",".280","0.659","20",".261",".429",".286",".326",".319",".169","72.1",26.1,15.1,12.1,39.4,31.5,"7.4",17,10.7,-2.5,55,32.1,"90.1","14.7",34.7,8.7,38.2,"80.599342326","94.12311386",22.9,49.1
"Rodriguez, Eduardo",593958,2023,30,"26","152.2",621,563,128,86,25,2,15,143,48,23,7.7,".227",".359",".289","0.648","68",".243",".402",".284",".311",".307",".159","72",27.1,15.4,12.1,32.3,25.2,"7.3",13,7.7,2.7,46.9,34,"88.6","13.8",31.4,7.8,38.5,"76.990684623","94.247869548",23.8,47.8
"Cano, Yennier",666974,2023,29,"72","72.2",283,266,60,40,16,0,4,65,13,23,4.6,".226",".331",".270","0.601","39",".243",".359",".261",".282",".286",".116","71.4",20.8,18.8,13.9,34.9,25.7,"7.4",3,10,0.9,42.9,34.8,"88.4","-2.5",30.2,5.5,38.1,"76.374853232","94.291122792",25.5,50.4
"Dubin, Shawn",681869,2025,29,"30","33.2",145,132,37,25,6,0,6,28,11,19.3,7.6,".280",".462",".345","0.807","9",".236",".376",".351",".301",".305",".140","71.9",25.6,14,11.4,36,29.4,"7.3",8,7.9,0.9,50.9,31.4,"87.8","10.7",30.8,4.8,40.4,"76.061319423","93.907752788",20.7,44.6
"Kremer, Dean",665152,2025,29,"31","171.2",708,656,163,106,32,3,22,142,45,20.1,6.4,".248",".407",".297","0.704","101",".238",".413",".305",".304",".289",".175","71.7",25.4,14.1,11.1,32,25.1,"7.4",18,11.4,-3.6,47.8,31.8,"88.1","15.2",32.8,8.7,35.8,"76.650646047","93.877241465",22.9,49.4
"Morris, Andrew",702193,2026,24,"48","58.1",249,222,55,43,8,1,3,55,22,22.1,8.8,".248",".333",".319","0.652","29",".219",".312",".289",".270",".294",".093","71.5",26.4,9.3,7.4,26,20.7,"7",7,6.8,3.6,47.1,31.5,"86.6","12.4",29.4,3.5,32.9,"75.036730357","93.077136726",21.8,47.1
"Burke, Brock",656271,2026,29,"62","59.2",257,220,45,28,10,2,5,62,32,24.1,12.5,".205",".336",".313","0.649","28",".215",".344",".288",".296",".324",".130","71.9",25.7,11.8,8.4,30.3,21.5,"7.3",7,10.4,-2,50.7,31,"87.6","16.7",31.9,7.8,30.6,"76.878389868","93.144230987",29,46.1
"Mejia, Juan",675848,2026,25,"48","51.1",240,202,57,46,5,1,5,50,30,20.8,12.5,".282",".391",".376","0.767","31",".265",".390",".341",".336",".365",".125","71.6",22.3,13.4,10.4,30.4,23.6,"7.1",10,7.6,2,40.1,32.2,"89.1","12.6",35.4,3.8,38,"77.836197922","94.278360455",25.3,47.3
"Olson, Reese",681857,2024,24,"22","112.1",465,421,100,70,21,2,7,101,33,21.7,7.1,".238",".347",".295","0.642","37",".245",".366",".282",".299",".304",".121","71.7",22.1,15.5,11.5,37.3,27.7,"7.6",17,12.6,-6.9,53.2,34.2,"90.2","8.9",31.2,5.5,43.7,"79.959587346","94.564723498",28.7,47.3
"Verlander, Justin",434378,2025,42,"29","152.0",662,595,155,97,41,1,16,137,52,20.7,7.9,".261",".413",".323","0.736","62",".252",".419",".320",".319",".316",".168","71.5",23.5,15.1,11.4,33.5,25.4,"7.4",23,11.6,-4.3,55.7,31.1,"88.6","18.2",37.3,8.1,37,"77.701988918","93.938797983",24.8,48.8
"Jax, Griffin",643377,2026,31,"29","91.2",379,337,81,55,12,0,14,100,30,26.4,7.9,".240",".401",".301","0.702","39",".252",".418",".306",".323",".316",".166","72.6",30.4,14.9,10.4,34.5,23.9,"7.4",10,11.2,-3.9,57.2,32.2,"88.8","10.2",34.4,9.3,39.7,"77.61397975","94.167053917",31.2,48.6
"Zeferjahn, Ryan",666171,2025,27,"62","57.0",256,216,49,29,8,0,12,73,34,28.5,13.3,".227",".431",".341","0.772","32",".217",".403",".335",".321",".333",".186","71.2",18.8,12.9,9.5,25.2,18.5,"7.4",15,9.9,-2.3,50.4,31.8,"88.3","15.1",38.6,10.3,37.2,"77.010090845","93.863811135",30.3,45.3
"Stroman, Marcus",573186,2024,33,"30","154.2",675,603,167,116,28,4,19,113,60,16.7,8.9,".277",".431",".349","0.780","83",".268",".436",".341",".342",".341",".169","72",24.3,16.2,13.4,34.4,28.4,"7.4",19,10.3,-1.2,55.1,33.5,"89.3","9.9",35.5,6.8,40.2,"78.437503663","94.344487814",20.4,43.9
"Molina, Anthony",683627,2025,23,"17","34.2",160,148,52,32,8,0,12,24,6,15,3.8,".351",".649",".382","1.031","24",".322",".606",".435",".405",".355",".284","71.5",23.6,22,16.9,42.5,32.6,"7.4",5,9.2,0.8,51.6,33.6,"91.2","13.3",37.3,11.1,54,"80.031040635","95.93442368",24.2,46.2
"Nelson, Ryne",669194,2026,28,"15","83.1",355,325,81,45,16,2,18,62,22,17.5,6.2,".249",".477",".305","0.782","35",".261",".500",".336",".349",".317",".239","71.7",22.9,15.4,12.5,34.1,27.6,"7",17,7.5,2,49.6,32,"90.5","19.3",34.7,10.2,43.4,"80.202420909","94.686418561",21,54.2
"Houser, Adrian",605288,2023,30,"23","111.1",481,443,121,89,18,1,13,96,34,20,7.1,".273",".406",".324","0.730","64",".258",".415",".318",".316",".311",".158","72.6",30.7,22.5,18.2,38.9,31.5,"7.3",4,9.4,-0.3,55.5,34.1,"90.5","11.2",30.9,7.1,46.3,"80.081314368","94.913925072",18.7,45.2
"Woodford, Jake",663765,2025,28,"22","36.1",170,151,45,33,8,1,3,23,13,13.5,7.6,".298",".424",".363","0.787","13",".289",".428",".343",".344",".357",".139","71.9",23.8,13.9,11.7,32.9,27.7,"7.2",2,9.4,-2,51.3,33.3,"86.1","10.4",35.1,6.9,33.6,"73.794609844","93.234400625",16.4,45.8
"Berríos, José",621244,2023,29,"32","189.2",782,717,173,113,33,2,25,184,52,23.5,6.6,".241",".397",".300","0.697","84",".257",".441",".302",".326",".315",".184","71.3",20.2,12.4,9.6,34.2,26.3,"7.3",14,9.4,-0.7,49.3,33.8,"88.2","11.8",39.1,8.6,35.8,"77.334530262","93.583561201",25.5,46.5
"Little, Brendon",663893,2024,27,"49","45.2",193,172,41,29,5,0,7,36,19,18.7,9.8,".238",".390",".318","0.708","23",".250",".383",".309",".318",".329",".134","72.3",27.6,11.8,8.6,36.4,26.5,"7.3",11,9.5,0.7,62.2,32.6,"87.9","-6.9",21.9,5.8,38,"76.889222985","93.614875414",29.7,46
"Lynch IV, Daniel",663738,2024,27,"16","43.1",175,154,29,17,6,0,6,39,15,22.3,8.6,".188",".344",".274","0.618","25",".207",".389",".274",".305",".295",".182","72.8",32,16.9,12.5,39.7,29.3,"7.5",4,13.2,-8.7,55.5,31.3,"90.2","11.5",30.8,9.4,47.9,"80.247603898","94.734464444",28.3,46.4
"Kimbrel, Craig",518886,2023,35,"71","69.0",278,243,44,26,8,0,10,94,28,33.8,10.1,".181",".337",".273","0.610","20",".186",".339",".269",".279",".283",".153","70.8",21.8,10.8,7.6,33.1,23.2,"7",4,5.9,5,47.7,30.6,"90.1","18.3",40.1,10.5,46.7,"79.834378947","94.404822434",33.1,47.3
"Buehler, Walker",621111,2024,29,"16","75.1",344,308,89,56,15,2,16,64,28,18.6,8.1,".289",".506",".356","0.862","36",".259",".431",".370",".336",".331",".172","70.9",20,12.9,10.4,36,29.1,"7.1",7,8.2,-0.1,45.8,32.9,"88.3","10.8",36.2,7,37.8,"77.418332975","93.883231162",19.4,45.4
"Gilbert, Logan",669302,2024,27,"33","208.2",803,756,148,82,39,1,26,220,37,27.4,4.6,".196",".353",".236","0.589","75",".220",".373",".255",".276",".260",".152","71.7",24.7,15,10.6,36,25.4,"7.5",34,11.3,-5.8,52.4,32.4,"89.6","12.6",33,7.2,39.3,"78.976067127","94.386132799",31.7,50.4
"Rasmussen, Drew",656876,2025,29,"31","150.0",585,541,116,84,14,0,18,127,37,21.7,6.3,".214",".340",".271","0.611","78",".236",".375",".269",".291",".290",".139","72.1",27,14.9,11.9,33.1,26.4,"7",20,7.2,3.5,51.8,31.1,"90.6","10.1",29.6,6.3,43.3,"80.436147524","94.708687282",22.2,48.6
"Buttó, José",676130,2025,27,"55","67.0",284,242,62,40,16,2,4,58,32,20.4,11.3,".256",".388",".342","0.730","30",".248",".417",".318",".328",".337",".169","71.3",19.3,14.2,10.3,36.4,26.4,"7.4",9,10.2,-1.6,53.4,32.9,"90.1","8.6",29.8,9.4,39.8,"79.676354421","94.558922063",28.8,47.2
"Fleming, Josh",676596,2023,27,"12","51.2",221,199,56,38,8,1,9,25,19,11.3,8.6,".281",".467",".339","0.806","32",".292",".468",".342",".354",".351",".177","70.1",17.6,26.7,23.5,46.7,41.2,"7.5",1,10.9,-4.2,64.7,34.1,"90.7","-0.3",28.8,5.6,48.6,"79.822975568","95.259881136",18.2,46.4
"Barnett, Mason",686930,2026,25,"17","38.0",185,158,42,24,5,1,12,38,24,20.5,13,".266",".538",".368","0.906","13",".250",".446",".388",".349",".355",".196","72",25.3,15.6,12.5,33.5,26.8,"7.2",5,9,1,47.6,31.7,"89.2","17.2",32.2,9.9,37.2,"78.80204541","94.070588099",22.2,43.6
"Lambert, Peter",663567,2024,27,"28","61.1",280,242,73,50,12,4,7,50,29,17.9,10.4,".302",".471",".374","0.845","41",".261",".400",".362",".327",".342",".139","71.7",23.7,12.7,10.1,32.3,25.7,"7.4",8,10,-3.8,47.1,33.4,"88.1","16.1",38.9,6.1,36.9,"77.418341414","93.391432335",22,48
"Bibee, Tanner",676440,2023,24,"25","142.0",585,530,122,83,26,0,13,141,45,24.1,7.7,".230",".353",".295","0.648","74",".232",".383",".285",".298",".297",".150","71.7",24.1,14.3,10.7,33.2,24.8,"7.4",14,11.7,-2.8,49.2,31.2,"88.9","16.6",37.8,6.1,38.1,"78.01009352","94.070533376",26.3,47.2
"Priester, Quinn",682990,2025,24,"29","157.1",653,593,145,91,34,2,18,132,50,20.2,7.7,".245",".400",".309","0.709","87",".237",".370",".310",".298",".302",".133","72.2",26.2,15.4,12,33.8,26.3,"7.4",25,11.1,-2,52.6,33.5,"89","4.9",28.6,7.4,39.4,"78.202069039","94.11122105",24.5,46.2
"Hernández, Carlos",672578,2024,27,"27","30.0",129,109,24,15,8,0,1,27,16,20.9,12.4,".220",".321",".318","0.639","1",".212",".391",".287",".309",".312",".179","70.7",17.6,8.2,6.1,27.7,20.9,"7.3",9,10.9,-4,55,31,"88.6","24.2",30.6,9.4,38.8,"78.790978372","93.446198588",25.6,49.5
"Ferrer, José A.",678606,2023,23,"39","34.0",142,128,37,28,5,0,4,25,13,17.6,9.2,".289",".422",".359","0.781","18",".253",".361",".338",".301",".327",".108","71",18.1,11.5,9.3,28.7,23.3,"7.1",2,6.2,5.3,37.7,33.1,"87.8","5.4",29.1,2.9,36.9,"76.212076667","93.716347451",18.3,47
"Pagán, Emilio",641941,2023,32,"66","69.1",273,248,45,26,12,2,5,65,21,23.8,7.7,".181",".306",".246","0.552","31",".216",".406",".241",".296",".281",".190","71.4",22.6,6.9,5.1,30.3,22.6,"7.2",0,8.3,0.7,51.2,31.2,"90.6","19.9",34.4,7.5,45.2,"81.320294565","94.544762228",24.4,54.6
"Weathers, Ryan",677960,2025,25,"8","38.1",166,151,37,23,7,0,7,37,12,22.3,7.2,".245",".430",".303","0.733","18",".236",".418",".317",".309",".295",".182","71.8",25.5,14.6,10.6,36.9,27,"7.3",2,10.5,-1.9,50.3,32.5,"89.6","12.3",34.5,9.6,42.2,"78.889919474","94.738206842",28.8,48.8
"Uribe, Abner",682842,2023,23,"32","30.2",127,104,16,13,2,1,0,39,20,30.7,15.7,".154",".192",".291","0.483","20",".197",".282",".238",".291",".332",".086","71.8",26.4,12.6,8.6,33.3,22.7,"7.5",5,11.9,-5.7,55.8,33.6,"89.7","8.4",25.4,6.1,43.3,"79.002330303","94.597696308",32.9,40.5
"Carrasco, Carlos",471911,2024,37,"21","103.2",447,406,112,62,26,5,19,89,33,19.9,7.4,".276",".505",".336","0.841","41",".257",".443",".360",".335",".322",".186","72.1",27.1,15.6,12.4,33.7,26.8,"7.5",13,11.2,-3.8,52.4,33.8,"89.3","10.8",35.3,8.2,38.8,"78.887420443","94.036830506",22.7,48.7
"Minter, A.J.",621345,2023,29,"70","64.2",260,237,56,41,8,1,6,82,21,31.5,8.1,".236",".354",".296","0.650","19",".214",".362",".283",".282",".281",".147","71.8",23.1,11,7.5,20.3,13.9,"7.3",2,9.2,0.4,54.5,31.4,"87.9","17.7",36.9,7.1,36.3,"76.785325844","93.554433399",31.4,50.4
"Ohtani, Shohei",660271,2025,30,"14","47.0",187,176,40,31,6,0,3,62,8,33.2,4.3,".227",".313",".257","0.570","27",".214",".322",".249",".249",".248",".108","71.2",17.2,8.8,6.2,27.4,19.1,"7.3",9,9.5,-3.3,41.8,32.6,"86.4","13.6",33.3,3.4,30.8,"74.636212069","93.202968261",32.5,49.8
"Okert, Steven",595345,2023,31,"64","58.2",247,218,50,26,14,1,9,73,24,29.6,9.7,".229",".427",".310","0.737","25",".216",".398",".319",".305",".299",".182","71.4",20.9,16.7,11.9,33.3,23.9,"7.4",3,11.7,-5.9,45.3,32.2,"88.2","23.5",43.2,9.5,34.5,"77.366805","93.579871042",30.7,47.6
"Romano, Jordan",605447,2023,30,"59","59.0",248,220,48,32,9,1,6,72,24,29,9.7,".218",".350",".301","0.651","23",".211",".361",".281",".282",".294",".151","70.7",18.9,11.8,7.9,41.2,27.6,"7.2",3,7.8,1,52.3,30.1,"89","16.6",34,7.3,36.7,"78.43683027","93.983183716",35.9,50.3
"Lange, Alex",656638,2026,30,"46","47.2",216,184,49,32,9,2,6,51,26,23.6,12,".266",".435",".370","0.805","22",".248",".422",".357",".344",".355",".174","72.3",30,13.2,9.8,31.7,23.6,"7.5",10,12.7,-6.1,56.7,33.2,"90.5","10.2",36.6,12.7,43.3,"80.102076716","94.99378594",27.3,46.5
"Wilson, Steven",621051,2025,30,"59","55.1",241,209,50,36,7,0,7,51,22,21.2,9.1,".239",".373",".311","0.684","19",".236",".382",".296",".302",".312",".145","71.4",20.1,14,10.8,32.7,25.2,"7.4",8,12.1,-5.5,54.2,30.5,"89.6","24.9",35.2,5.5,36.4,"80.504456627","93.533160485",24.8,47.6
"Hurter, Brant",676428,2025,26,"43","63.0",277,236,57,45,8,0,4,68,27,24.5,9.7,".242",".326",".345","0.671","28",".227",".327",".303",".297",".333",".100","71.1",19.4,13.2,10.3,35.1,27.6,"7.3",16,9.6,-1.3,48.6,32.5,"87.7","9.7",32.2,3.5,36.8,"76.585990361","93.552781024",26,44.2
"Abbott, Cory",676265,2023,27,"22","39.1",184,157,48,34,4,1,9,40,20,21.7,10.9,".306",".516",".391","0.907","18",".251",".439",".388",".345",".348",".189","72.4",29.4,21,15.3,39.5,28.8,"7.3",6,9.6,-0.8,57.2,32.5,"90.9","12.9",38.3,11.7,43.3,"81.589711667","94.563149916",26.1,47.9
"Stratton, Chris",608717,2024,33,"57","58.1",257,214,53,33,13,2,5,44,33,17.1,12.8,".248",".397",".348","0.745","31",".251",".411",".326",".345",".357",".160","71.6",19.6,15.2,12.4,35.7,29.2,"7.3",7,9.9,-0.4,60.8,32.4,"87.1","11",39,8.5,37.9,"75.071382841","93.608085455",20.6,42.9
"Nola, Aaron",605400,2023,30,"32","193.2",793,741,178,108,35,3,32,202,45,25.5,5.7,".240",".425",".283","0.708","131",".235",".408",".303",".297",".279",".173","71.6",23,15.5,11.7,32.2,24.3,"7.5",11,12.2,-6,54.9,33.4,"89.3","12.7",36.3,8.3,38.5,"78.53543572","94.143390037",26,49.3
"Manning, Matt",666159,2023,25,"15","78.0",316,283,60,38,9,2,11,50,21,15.8,6.6,".212",".375",".274","0.649","40",".262",".502",".281",".353",".322",".240","72",27.5,18.6,15,39,31.5,"7.3",2,8.8,-0.8,53.3,32.1,"90.9","16.9",33.5,10.9,43.9,"81.289962185","94.692669244",18.8,46.8
"Canning, Griffin",656288,2026,30,"21","72.0",319,279,78,53,11,1,13,72,33,22.6,10.3,".280",".466",".360","0.826","25",".249",".421",".361",".332",".334",".172","72.5",30.4,15.9,12.2,33.3,25.6,"7.4",13,10.1,-2.8,51.6,32.7,"90.3","11.1",33.8,9.5,47.1,"79.419358667","94.991158947",25.3,45.1
"Myers, Tobias",668964,2026,27,"26","46.0",198,183,51,26,15,1,9,33,13,16.7,6.6,".279",".519",".325","0.844","14",".277",".439",".359",".332",".325",".163","71.9",24.2,17.9,14.9,37.6,31.3,"7.2",3,11.7,-4.6,48.5,31.9,"91.6","20.6",32.2,6,46.1,"82.412568649","94.924947297",17.8,52.3
"De Jesus, Enmanuel",646241,2026,29,"28","41.0",173,155,37,27,4,3,3,39,15,22.5,8.7,".239",".361",".310","0.671","30",".248",".403",".299",".318",".319",".155","71.6",20.5,13.3,10.4,38.1,29.9,"7.3",4,8.7,0.7,54.2,30.6,"90.4","15.9",37.3,7.6,43.2,"80.852846034","94.398833276",24.2,47.4
"Hoffman, Jeff",656546,2026,33,"56","53.0",244,210,52,35,11,2,4,82,24,33.6,9.8,".248",".376",".336","0.712","29",".216",".338",".311",".300",".320",".122","71.9",25.5,10.2,6.7,28.6,18.8,"7.4",21,10.6,-3.5,49.3,31.7,"88.5","9.2",37.1,9.9,37.9,"77.816545846","93.660881692",37.2,50.2
"Fermin, José",820862,2025,23,"40","34.1",152,127,25,14,3,0,8,39,23,25.7,15.1,".197",".409",".322","0.731","20",".187",".399",".318",".314",".319",".212","71.8",23.9,16.8,11.2,35.3,23.6,"7.4",4,10.9,-4,54.2,32,"91.4","21",34.8,13.5,46.1,"81.876079111","94.816130112",33.1,45.4
"Matz, Steven",571927,2025,34,"53","76.2",309,293,73,49,13,3,8,59,11,19.1,3.6,".249",".396",".280","0.676","50",".233",".404",".291",".287",".265",".171","71",20.2,15.1,12.6,34.5,28.8,"7",9,7,3.9,47.1,31.8,"88.4","10.7",31.6,6.4,40.5,"76.773139914","94.236201645",18.8,48.6
"Valdez, Framber",664285,2024,30,"28","176.1",703,634,140,102,24,1,13,169,55,24,7.8,".221",".323",".287","0.610","101",".232",".348",".272",".291",".299",".117","72.1",27.6,15.9,11.8,38.6,28.6,"7.4",20,11.1,-2.7,50.6,34.5,"90.2","0.4",26,5.3,45,"80.000726364","94.620557662",27.2,45
"Hoeing, Bryan",663773,2024,27,"34","53.2",210,196,43,33,5,1,4,43,14,20.5,6.7,".219",".316",".271","0.587","15",".283",".460",".259",".344",".331",".177","71.5",22.9,19.9,15.6,41.7,32.8,"7.4",7,10.8,-2.2,57.7,33,"90.9","7.2",36.6,7.8,45.8,"80.261962763","95.228734768",22.5,45.5
"Boyd, Matthew",571510,2024,33,"8","39.2",166,150,32,20,8,0,4,46,13,27.7,7.8,".213",".347",".283","0.630","14",".214",".336",".279",".275",".284",".122","71",21.1,12.9,9.7,29.2,21.9,"7.5",7,11.8,-6,49.8,32.2,"87.6","20.2",36.2,6.7,38.1,"76.672859811","93.344921238",29.7,48.9
"Manaea, Sean",640455,2026,34,"26","111.0",481,425,109,64,24,5,16,113,37,23.5,7.7,".256",".449",".332","0.781","59",".250",".419",".341",".327",".326",".170","71.6",22.1,14.7,11.7,31.9,25.5,"7.2",22,8.6,0.5,44.8,32.4,"89.1","14.3",36.5,9.5,41.8,"77.514151019","94.530075796",23.1,49.9
"Pagán, Emilio",641941,2025,34,"70","68.2",270,244,41,20,11,0,10,81,22,30,8.1,".168",".336",".241","0.577","10",".181",".346",".254",".266",".254",".165","72",25.7,10.5,7.6,28.7,20.8,"7.4",12,11.7,-4.3,56.3,30.4,"88.9","23.7",30.3,9.1,37,"78.859637439","93.705661043",29.2,53.2
"Wentz, Joey",666214,2024,26,"46","67.1",304,262,66,49,9,0,8,73,33,24,10.9,".252",".378",".340","0.718","24",".220",".353",".317",".301",".314",".132","71",22.6,12.2,8.8,32.8,23.6,"7.4",12,11.7,-5.8,50.3,32,"88.1","15.5",33,7.2,36.1,"77.210157083","93.612983281",29.6,47.1
"Miller, Erik",669062,2026,28,"43","38.0",164,136,27,20,5,0,2,54,23,32.9,14,".199",".279",".325","0.604","24",".186",".281",".280",".276",".317",".095","71.8",22.7,8.7,5.9,23.5,15.9,"7.5",13,11.2,-4.1,44.4,33.1,"83.9","4.4",31,6.1,27.4,"70.602004872","92.711846026",36.1,39.5
"Duran, Jhoan",661395,2025,27,"72","70.0",287,263,58,47,8,0,3,80,19,27.9,6.6,".221",".285",".279","0.564","19",".210",".296",".248",".248",".269",".087","71.6",22.8,13.5,9.8,30,21.6,"6.9",15,5.3,6.8,43.3,32.3,"89.4","-2.4",22.2,4.3,41.6,"77.695448478","94.76861306",30.8,53.2
"Winckowski, Josh",670174,2023,25,"60","84.1",367,333,89,65,15,0,9,82,31,22.3,8.4,".267",".393",".335","0.728","46",".240",".373",".319",".301",".311",".133","70.4",15.4,6.9,5.3,30,22.9,"7.2",6,8.3,1.2,44.1,33,"89.4","8.7",30.3,6.4,41,"79.12233576","93.985863",26.2,49.4
"deGrom, Jacob",594798,2023,35,"6","30.1",115,111,19,8,7,2,2,45,4,39.1,3.5,".171",".324",".200","0.524","21",".163",".290",".223",".209",".192",".128",,,,,,,,,,,,,"86.2","13.8",31.8,9.1,33.3,"74.218173636","93.089270152",42.1,51.7
"Ferguson, Caleb",657571,2024,27,"62","54.1",249,219,56,39,11,0,6,67,25,26.9,10,".256",".388",".341","0.729","22",".244",".380",".322",".317",".332",".136","71",19.1,11.7,8.6,32.6,24.1,"7",6,6.5,3.4,45,32.3,"88.2","9.9",35.9,6.5,37.3,"76.920219605","93.769485329",26.6,47.1
"Wesneski, Hayden",669713,2025,27,"6","32.0",131,121,29,14,8,0,7,29,6,22.1,4.6,".240",".479",".279","0.758","10",".246",".457",".322",".321",".289",".211","72.1",27.4,12.7,9.9,34.9,27.4,"7.3",6,8.7,-1.3,49.3,31.2,"89.7","16.3",35.8,10.5,42.1,"79.32545587","94.265432935",23.2,47.4
"Helsley, Ryan",664854,2023,28,"33","36.2",146,125,22,14,6,1,1,52,17,35.6,11.6,".176",".264",".274","0.538","8",".155",".248",".243",".237",".260",".093","70.5",19,5.8,3.8,21.2,13.9,"7.4",4,10.8,0.4,43.9,32.1,"88.6","15.5",27.6,3.9,39.5,"77.891453947","93.9362575",35,49.9
"Beeks, Jalen",656222,2023,29,"30","42.1",192,167,42,28,10,0,4,47,21,24.5,10.9,".251",".383",".335","0.718","18",".209",".334",".317",".293",".302",".125","71.7",17.1,7.4,4.9,33.3,22,"7.2",0,9.8,1.6,43.2,33.2,"88.3","10.2",32.5,7.3,35,"77.9836","93.43205",31,46.4
"López, Reynaldo",625643,2026,32,"24","71.2",306,274,67,42,14,1,10,66,29,21.6,9.5,".245",".412",".318","0.730","42",".256",".426",".321",".330",".329",".170","71.7",23.5,13.1,10.5,32.8,26.3,"7.3",12,8.7,-1.3,42.7,33.2,"87.7","15.7",37.8,7.7,36.4,"76.250960192","93.68578285",21.8,45.6
"Kremer, Dean",665152,2026,30,"10","53.1",217,198,47,24,7,3,13,53,16,24.4,7.4,".237",".500",".290","0.790","27",".235",".439",".335",".315",".291",".204","71.7",22.6,14.1,10.2,33.2,24,"7.5",6,14.6,-8.7,48.2,31.5,"87","15",37.2,7.4,33.8,"75.577794384","93.211380068",28.4,46.1
"Pallante, Andre",669467,2025,26,"31","162.2",715,640,173,116,32,4,21,111,62,15.5,8.7,".270",".431",".337","0.768","70",".258",".402",".334",".321",".328",".144","71.7",21,16,12.6,36.8,29.1,"7.1",29,7.8,2.4,49.6,33.5,"89.2","1.4",28.7,6.6,39.9,"77.928687634","94.458794676",22.3,45.9
"Rogers, Taylor",573124,2025,34,"57","50.2",221,190,47,26,13,1,7,53,23,24,10.4,".247",".437",".332","0.769","17",".230",".406",".329",".315",".319",".175","71.3",21.4,17.8,14.7,35.2,29.1,"7.3",8,10.6,-5.2,44.4,32.2,"90.1","13.1",34.5,9.9,44.4,"78.819542143","94.992561511",23.2,44.3
"Weaver, Luke",596133,2025,31,"64","64.2",262,236,46,26,10,0,10,72,20,27.5,7.6,".195",".364",".258","0.622","34",".193",".359",".269",".268",".258",".166","72",24.2,10.8,7.5,29.1,20.3,"7.4",8,11.8,-3.5,57,30.8,"90","22",35.7,8.3,39.9,"79.999123333","94.278156886",31,52.6
"Sands, Cole",663485,2024,26,"62","71.1",292,267,59,43,10,0,6,85,12,29.1,4.1,".221",".326",".265","0.591","44",".223",".388",".259",".290",".271",".165","71.1",17.8,9.9,7.4,30.1,22.7,"7.2",10,9.2,0,52.2,32.2,"89","17.6",32.8,6.4,37,"78.639076774","93.957956183",26.6,50.5
"Skenes, Paul",694973,2024,22,"23","133.0",514,475,94,69,14,1,10,170,32,33.1,6.2,".198",".295",".257","0.552","83",".191",".302",".247",".250",".251",".111","70.8",20,9.3,6.7,27.6,20,"7.4",17,9.8,-1.6,45.7,33.3,"87.8","8.4",27.8,5.2,36.3,"76.618528618","93.629853102",28.7,49.8
"Lopez, Jacob",682052,2025,27,"21","92.2",399,352,81,51,14,1,15,113,37,28.3,9.3,".230",".403",".317","0.720","53",".210",".369",".317",".297",".300",".159","71.6",22.8,12.7,9.2,25.6,18.5,"7.5",10,11.4,-4.9,52.3,31.6,"86.9","21.8",39,6.6,33.2,"75.241919153","93.259499619",28.3,45.6
"King, Bryan",687911,2025,28,"68","68.0",275,258,60,43,7,0,10,69,11,25.1,4,".233",".376",".273","0.649","37",".222",".358",".282",".274",".266",".135","70.8",20.2,14.2,11,35.1,27.4,"6.9",9,6.3,4.8,40.8,31.9,"88.4","14.4",33,5.8,36.1,"78.054802766","93.54020385",24.4,49.7
"Tolle, Payton",801139,2026,23,"20","115.0",461,425,91,56,21,1,13,128,31,27.8,6.7,".214",".360",".272","0.632","64",".201",".318",".278",".257",".260",".117","71.7",23.8,10.1,7.5,26.5,19.6,"7.2",15,7,1.3,45.4,31.7,"87.3","18.5",30.1,6.4,33.8,"75.994394452","93.326820515",27.5,55.2
"Alvarado, Elvis",665660,2025,26,"37","42.1",183,159,34,21,7,0,6,50,22,27.3,12,".214",".371",".317","0.688","31",".221",".362",".305",".304",".323",".142","71.8",22.9,13.2,8.9,30.2,20.3,"7.3",8,9.4,-1.9,51.2,32.4,"89.9","16.7",30.3,8.3,46.8,"78.580504727","95.049966514",33.7,46.9
"Hand, Brad",543272,2023,33,"60","53.2",236,200,54,31,14,3,6,59,22,25,9.3,".270",".460",".351","0.811","32",".253",".398",".344",".326",".341",".145","70",12.4,11.8,9.5,35.5,28.5,"7.2",5,9.1,-0.4,45.4,32.3,"88.8","14.2",38,7.3,37.3,"78.221109861","93.876145664",22.3,44.9
"Wilson, Bryse",669060,2025,27,"20","47.1",224,200,67,44,10,2,11,28,19,12.5,8.5,".335",".570",".395","0.965","12",".336",".578",".410",".422",".400",".242","71.5",20.3,19.7,16.7,35.9,30.3,"7.1",4,9,1.5,52.2,32.9,"91.3","17.2",39.1,11,45.4,"80.332000824","95.450946154",16.7,47
"Bard, Daniel",453268,2023,38,"50","49.1",232,170,35,19,9,2,5,47,49,20.3,21.1,".206",".371",".397","0.768","19",".222",".421",".345",".372",".414",".198","71",18.5,12.1,9.6,30.8,24.4,"7.1",3,7.5,2.3,48.9,31.4,"87.1","16.9",30.5,10.2,31.3,"75.785919063","93.296090859",21.7,40
"Ragans, Cole",666142,2023,25,"29","96.0",392,346,70,51,10,2,7,113,41,28.8,10.5,".202",".303",".288","0.591","72",".210",".333",".266",".283",".297",".124","71.8",22.5,10.8,7.3,28,18.9,"7.5",10,10.8,-1.6,45.6,32.7,"87.8","10.6",31.8,6.4,36.9,"77.096364224","93.330060519",31,49.4
"Lord, Brad",695418,2026,26,"30","62.1",269,235,53,40,6,0,7,57,25,21.2,9.3,".226",".340",".313","0.653","34",".243",".389",".293",".320",".333",".146","71.2",20.7,12.2,9.9,24.9,20.1,"7",10,4.8,6.9,36.7,33.5,"87.8","3.8",26.7,6.2,40.6,"75.294156705","94.299033239",20.5,49.8
"Miller, Bryce",682243,2026,27,"15","85.0",331,313,68,40,12,2,14,84,16,25.4,4.8,".217",".403",".258","0.661","35",".209",".353",".285",".262",".250",".144","72.7",28.7,9.5,7.1,25.4,19,"7.5",10,12.5,-6.7,54.6,32.6,"87.2","16.5",29.1,7,32.2,"76.930287982","92.795033216",26.3,56.2
"Phillips, Tyler",663969,2025,27,"54","77.2",313,287,65,46,10,1,8,52,24,16.6,7.7,".226",".352",".291","0.643","20",".240",".370",".284",".298",".303",".131","72.1",25.2,18.3,14,39.5,30.2,"7.5",17,11.8,-4.2,55.9,34.1,"89.2","5.5",26,5.1,43.4,"77.404647949","94.783240429",27.3,47.9
"Wrobleski, Justin",680736,2026,25,"21","126.1",516,481,111,72,20,0,19,100,28,19.4,5.4,".231",".391",".280","0.671","84",".270",".448",".294",".331",".317",".177","72.6",31.7,16,13.1,35.1,28.7,"7.2",7,6.7,2.7,50.3,31.9,"90","15",37.3,9.4,43.9,"79.343598158","94.631631953",20,50.1
"Leiter Jr., Mark",643410,2023,32,"69","64.1",269,233,48,27,12,2,7,77,24,28.6,8.9,".206",".365",".299","0.664","36",".223",".387",".293",".312",".316",".163","72.2",29.8,15.5,11.2,33.3,24.2,"7.5",2,12.4,-7.2,50.8,33.1,"88.2","10.2",33.1,8.8,39.4,"76.14347975","94.247950314",32.3,44.3
"Santillan, Tony",663574,2026,29,"34","31.0",134,117,29,18,2,0,9,28,14,20.9,10.4,".248",".496",".326","0.822","15",".253",".476",".354",".348",".332",".223","72.2",28.4,14.6,11.7,36.3,28.9,"7.2",4,8.7,0.4,54.5,30.5,"91.8","16.8",37,11.1,46.7,"83.025180682","94.867618977",22.4,45.8
"Topa, Justin",623437,2025,34,"54","60.0",268,242,68,49,17,0,2,49,18,18.3,6.7,".281",".376",".338","0.714","20",".282",".400",".311",".325",".342",".119","71.6",22.8,17.6,14.7,35.9,29.9,"7.2",5,7,1.3,47.2,32.9,"89.3","7.7",35,5.6,44.7,"77.581281959","94.832875722",18.1,47.2
"Williams, Trevor",592866,2025,33,"17","82.2",373,342,106,74,18,3,11,65,21,17.4,5.6,".310",".477",".347","0.824","41",".277",".435",".352",".330",".321",".158","71.9",24.2,17.6,14.2,38,30.6,"7.3",9,10,-2.5,42.1,34.5,"90","18.1",39.6,8.5,40.7,"79.796024317","94.332743633",19.8,46.7
"Mikolas, Miles",571945,2023,34,"35","201.1",860,802,226,145,50,5,26,137,39,15.9,4.5,".282",".454",".319","0.773","85",".286",".506",".330",".355",".325",".220","71.7",25.5,17.2,14.3,35.9,29.8,"7.2",2,9.2,1.4,54.9,32.7,"90.4","15",38.9,9.8,43,"80.242845536","94.593177009",16.7,49.7
"Peterson, David",656849,2026,30,"24","111.0",507,451,125,89,21,4,11,95,47,18.7,9.3,".277",".415",".346","0.761","56",".275",".417",".335",".340",".349",".142","71.9",27.8,16.1,12.7,39,30.8,"7.3",8,9.7,0.5,52.4,32.8,"89.3","7.8",34.5,6.4,41.2,"78.447478927","94.496340452",21.4,47
"Ashcraft, Graham",668933,2025,27,"62","65.1",284,254,68,48,18,0,2,64,25,22.5,8.8,".268",".362",".333","0.695","44",".243",".337",".309",".290",".311",".094","71",18.3,11,8.1,27.5,20.1,"7.2",18,7.5,2.3,43.2,33.3,"84.8","4.7",30.3,4.1,32.3,"71.427445106","93.12468016",29.8,50
"Smith, Will",519293,2023,33,"60","57.1",226,209,44,27,11,1,5,55,17,24.3,7.5,".211",".344",".270","0.614","11",".226",".379",".262",".283",".284",".154","70.8",18.7,11.9,9.7,34.9,28.4,"7.4",9,11.2,-7.1,54.4,30.9,"88.2","20.4",39,7.8,38.3,"77.082187237","93.733067105",28.9,50.5
"Bowman, Matt",621199,2024,33,"25","30.2",132,117,26,14,7,0,5,24,13,18.2,9.8,".222",".410",".311","0.721","11",".245",".460",".314",".342",".331",".215","71.9",24.1,14,11.6,34.8,28.6,"7.2",1,8.8,1.2,53.2,31.3,"89.3","8.4",36.6,11.8,40.9,"78.217246596","94.413392903",18.6,43.3
"Fedde, Erick",607200,2024,31,"31","177.1",726,661,154,100,30,4,20,154,52,21.2,7.2,".233",".381",".291","0.672","81",".242",".403",".293",".309",".301",".162","71.5",22.9,13.4,10.6,33.3,26.4,"7.2",15,8.4,1.9,50,32.3,"88.6","14.9",32.4,7.6,37.7,"77.502500545","93.941632164",21.6,45.5
"Kirby, George",669923,2023,25,"31","190.2",757,727,179,122,28,7,22,172,19,22.7,2.5,".246",".395",".270","0.665","89",".258",".427",".284",".305",".282",".170","71.5",23.4,11,8.2,28.6,21.3,"7.1",3,7.8,3.4,49.3,32.1,"89.2","12.4",32,7.5,40.9,"78.350455269","94.249794794",22.9,54.5
"Stroman, Marcus",573186,2025,34,"9","39.0",175,156,44,27,11,0,6,26,16,14.9,9.1,".282",".468",".354","0.822","39",".275",".497",".356",".367",".351",".222","72.9",34.3,20.1,16.7,32.1,26.7,"7.5",5,10.8,-2.5,55.9,34,"90.8","12",31.3,10.8,49.6,"79.644443281","95.549940078",19.2,47.3
"Henry, Tommy",674072,2023,25,"17","89.0",381,342,86,55,17,2,12,64,35,16.8,9.2,".251",".418",".328","0.746","59",".244",".414",".324",".321",".321",".170","73",31.6,17.9,14.5,40,32.5,"7.5",2,11.3,-1.7,58.7,34.1,"87.9","16.8",33.8,7.6,32.4,"77.311010942","93.325474819",22.3,48.7
"Maton, Phil",664208,2023,30,"68","66.0",274,237,49,31,12,0,6,74,25,27,9.1,".207",".333",".304","0.637","47",".187",".322",".284",".273",".288",".135","71.2",19.5,10.6,6.9,29.8,19.5,"7.5",3,13,-7.3,49.4,30.8,"84.5","11.7",31.9,7.2,23.5,"73.633544146","91.74159908",32.9,50
"Quantrill, Cal",615698,2026,31,"25","70.2",298,268,63,46,8,0,9,49,22,16.4,7.4,".235",".366",".303","0.669","28",".253",".419",".296",".322",".319",".167","72.3",29.9,12.7,10.3,32.2,26.2,"7.2",6,9.3,1.2,51.6,32.3,"88.3","18.3",31.2,7.7,35.3,"77.643804364","93.558710318",19,47.7
"Clarke, Taylor",664199,2026,33,"55","55.0",209,192,38,27,6,1,4,30,9,14.4,4.3,".198",".302",".242","0.544","32",".250",".411",".238",".306",".295",".161","72.8",26.7,13,10.6,31.2,25.5,"7.5",5,12.4,-4.9,61.3,33.4,"86.5","10",29.3,8.4,31.7,"74.656345181","93.257145636",20.3,48.6
"Keuchel, Dallas",572971,2023,35,"10","37.2",172,151,45,28,13,1,3,25,18,14.5,10.5,".298",".457",".378","0.835","23",".288",".460",".363",".362",".369",".172","72.8",31.6,14.8,12,33.3,26.9,"7.6",4,12.5,-7.5,53.8,33.4,"86","4.4",31.5,7.1,34.6,"73.493209063","93.34413622",20.4,42.6
"Jax, Griffin",643377,2023,28,"71","65.1",274,250,58,42,9,2,5,68,19,24.8,6.9,".232",".344",".297","0.641","39",".212",".315",".283",".265",".279",".102","70.7",16.7,12.4,9.1,28.3,20.7,"7.1",6,7.7,1.4,51.5,31.6,"86.8","6.9",29,3.3,33.3,"75.185339111","93.195495722",26.6,48.1
"Loup, Aaron",571901,2023,35,"55","48.2",231,208,65,46,13,0,6,45,20,19.5,8.7,".313",".462",".377","0.839","15",".257",".423",".358",".321",".327",".166","71",22.9,14.6,12,33.3,27.4,"7.2",1,7.5,1.8,44.8,33.6,"87.9","8.2",39.6,8.6,37.2,"76.320776296","93.91056354",20.8,50.7
"McLean, Nolan",690997,2026,24,"24","136.2",594,520,111,74,22,0,15,162,54,27.3,9.1,".213",".342",".303","0.645","77",".221",".348",".291",".298",".312",".127","71.8",23.6,11.6,8.8,28.1,21.4,"7.2",16,8.3,1,49.5,32.7,"87.7","9.4",34.1,6.9,35.7,"76.207960726","93.661016061",24.6,44.1
"Rogers, Trevor",669432,2024,26,"25","124.1",562,491,140,86,37,3,14,97,56,17.3,10,".285",".458",".357","0.815","37",".271",".442",".350",".349",".349",".171","72.1",26,16.6,13.4,34.6,28,"7.4",12,10.3,-0.7,53.8,32.7,"90.7","10.4",33.3,8.4,44.4,"80.391399303","94.92394505",20.9,46.2
"Castro, Miguel",612434,2023,28,"75","64.2",268,239,51,32,11,0,8,60,25,22.4,9.3,".213",".360",".296","0.656","39",".231",".387",".286",".304",".311",".156","71.3",24.2,16.3,12.7,33.3,26.1,"7.5",8,11.5,-4.4,51.7,33.8,"86.1","10.5",33.3,6.1,28.3,"74.751686517","92.77636882",26.9,45.7
"Mears, Nick",683232,2024,27,"54","57.2",256,228,61,41,13,0,7,75,24,29.3,9.4,".268",".417",".332","0.749","25",".213",".360",".324",".283",".284",".146","70.9",18.7,9.5,7,28.8,21.2,"7.2",13,7.7,0,50.1,31.4,"88.1","14.3",38.2,7.1,33.1,"77.695528987","93.304873439",28.5,49.5
"Montero, Keider",672456,2025,24,"20","90.2",389,355,95,65,13,1,16,72,31,18.5,8,".268",".445",".330","0.775","48",".260",".446",".337",".333",".323",".186","71.7",23,15.4,12.6,33.9,27.7,"7.3",10,10.4,-2.4,49.6,32.1,"89.1","14.5",37.7,8.2,39.4,"78.2070475","94.272348602",19.8,47.7
"Imanaga, Shota",684007,2025,31,"25","144.2",567,537,117,65,20,1,31,117,26,20.6,4.6,".218",".432",".254","0.686","64",".233",".469",".293",".313",".269",".236","72.6",28.8,16,12.3,33.8,25.9,"7.5",16,12,-7.2,56.8,30.6,"90.7","21.7",34.3,11.6,43.5,"80.551815288","94.869016506",24.6,53.8
"Pressly, Ryan",519151,2024,35,"59","56.2",244,220,58,37,17,0,4,58,18,23.8,7.4,".264",".395",".322","0.717","18",".238",".405",".314",".310",".300",".167","71.7",21.9,13.8,10.4,33,24.8,"7.4",5,11.9,-3.2,54.9,32.7,"89.8","6.2",37,7.9,41.8,"78.834511585","94.583014817",26.9,50.3
"Cronin, Declan",686539,2024,26,"56","70.1",307,274,75,57,16,1,1,72,26,23.5,8.5,".274",".350",".346","0.696","22",".238",".354",".308",".298",".315",".117","71.2",22.5,17.7,13.6,36.3,27.8,"7.2",12,6.5,5.8,46.4,32.3,"89.5","1.6",29.9,4.9,41.7,"77.965516238","94.675264406",26.6,47.3
"Speier, Gabe",642100,2025,30,"76","62.0",243,224,43,25,11,2,5,82,11,33.7,4.5,".192",".326",".243","0.569","33",".187",".310",".247",".247",".242",".123","71.5",23.8,15,10.6,30.3,21.4,"7.1",9,7.8,1.2,46.4,31.5,"89.7","15",26.9,9,40.7,"78.689063472","94.681682168",30.9,52
"Gómez, Yoendrys",672782,2026,26,"50","53.1",236,202,44,31,5,1,7,50,29,21.2,12.3,".218",".356",".323","0.679","11",".252",".440",".302",".347",".354",".188","72.1",27.2,11.4,8.6,30.8,23.2,"7.3",5,8.9,-0.6,52.6,32,"88.3","22",38.3,9.1,43.5,"76.883831053","93.935356974",24.8,47.2
"Márquez, Germán",608566,2026,31,"13","53.0",236,208,55,30,11,0,14,37,24,15.7,10.2,".264",".519",".343","0.862","34",".267",".484",".370",".362",".347",".218","72.4",31.1,14.3,11.8,30.1,24.8,"7.4",10,10.7,-3.5,50,34.7,"89","16.6",33.5,9.8,43.9,"77.59810907","94.391576374",19,47.5
"Priester, Quinn",682990,2023,22,"10","50.0",234,200,58,29,17,0,12,36,27,15.4,11.5,".290",".555",".378","0.933","35",".291",".478",".394",".372",".380",".188","72.4",30.2,19.8,15.7,39.2,31.1,"7.5",5,10.7,-2.9,55.3,32.5,"89.7","4.6",32.1,8.3,47,"77.789101928","95.154597229",23.3,44.6
"Hamilton, Ian",641656,2023,28,"39","58.0",239,209,45,33,9,1,2,69,26,28.9,10.9,".215",".297",".310","0.607","31",".217",".321",".275",".289",".314",".104","71.2",17.9,12,7.7,30.4,19.5,"7.6",2,13.1,-7.1,47.7,33.8,"86","4.8",31.2,5.7,36.9,"72.831428028","93.681482199",34.6,47.5
"Glasnow, Tyler",607192,2024,30,"22","134.0",522,484,92,48,27,2,15,168,35,32.2,6.7,".190",".347",".244","0.591","82",".193",".332",".258",".257",".247",".138","71.5",23,11.4,8.1,31,22,"7.2",16,9,-0.3,51.6,31.1,"89","9.3",32.5,8.5,40.1,"78.136298153","94.139426422",30.9,48.4
"Chandler, Bubba",696149,2026,23,"24","121.1",528,454,102,67,23,2,10,108,64,20.5,12.1,".225",".350",".325","0.675","63",".230",".365",".304",".311",".330",".135","72",25.1,9.9,7.8,31,24.5,"7.2",16,7.8,0.6,50.5,30.8,"88.7","16.5",31.1,5.7,37.1,"78.330648324","93.663781739",23.1,47.9
"Phillips, Evan",623465,2024,29,"61","54.2",228,207,48,31,11,0,6,63,17,27.6,7.5,".232",".372",".291","0.663","18",".223",".354",".288",".284",".285",".131","70.5",16.1,10.3,7.6,29.1,21.5,"7",6,5.8,3.8,46.1,32,"85.9","11.9",36.1,6.1,32.7,"74.221398082","92.767791301",27.7,47.2
"Milner, Hoby",571948,2023,32,"73","64.1",252,235,49,34,9,1,5,59,13,23.4,5.2,".209",".319",".254","0.573","20",".212",".349",".251",".267",".259",".136","70.6",18.4,12,9.6,33.7,27.2,"7.2",1,7.9,1.4,47.1,34.2,"86.6","10.1",33.1,6.2,35.4,"75.541705682","92.879613257",20.6,42.5
"Contreras, Roansy",672710,2024,24,"49","68.1",298,259,63,38,14,0,11,56,31,18.8,10.4,".243",".425",".330","0.755","19",".257",".452",".322",".345",".344",".196","71.4",23.5,15.2,12.1,35.7,28.4,"7.3",4,10.2,-2.1,52.1,31.6,"89.8","11.3",32.9,9.7,43.5,"79.517262549","94.473753971",20.9,47.5
"Gray, Sonny",543243,2026,36,"23","132.2",536,494,118,77,27,1,13,117,34,21.8,6.3,".239",".377",".293","0.670","74",".246",".366",".295",".294",".300",".120","72.5",28.3,14.4,11.5,36.6,29.1,"7.5",23,12.6,-6,56.7,33.8,"89","9.9",33.9,6.1,37.4,"78.846233422","93.753568663",22.7,47.2
"Bellozo, Valente",678368,2025,25,"32","81.1",348,316,85,54,15,1,15,54,23,15.5,6.6,".269",".465",".324","0.789","34",".260",".510",".339",".350",".316",".250","72.1",26.9,17.5,13.8,34.9,27.6,"7.3",1,10.9,-1.6,51.7,31.4,"89.7","22",33.8,11.7,41.4,"78.850661515","94.487669696",20.2,49.9
"Estrada, Jeremiah",669093,2025,26,"77","73.0",304,269,58,36,9,1,12,108,27,35.5,8.9,".216",".390",".291","0.681","24",".182",".325",".295",".260",".263",".143","70.8",19.7,11.1,7.3,29.9,19.7,"7.2",13,8.9,-1.5,51.1,29,"90.1","21.4",33.1,9,39.2,"80.16923","94.230622317",34.9,51.9
"Garrett, Braxton",666129,2024,26,"7","37.0",161,152,40,27,8,0,5,34,4,21.1,2.5,".263",".414",".304","0.718","25",".264",".450",".313",".327",".305",".186","72.3",28.4,23,18.8,39.2,32,"7.5",8,11.2,-3.8,54.6,33.9,"92.3","9",31.4,8.5,48.3,"82.180876441","96.042057521",21.8,47.6
"Almonte, Yency",622075,2023,29,"49","48.0",207,180,43,31,6,0,6,49,23,23.7,11.1,".239",".372",".338","0.710","36",".247",".382",".314",".322",".345",".136","70.6",13.8,14.6,10.3,31.7,22.4,"7.5",2,13,-5.9,54.8,32.8,"87.7","12.6",34.4,6.9,31.3,"77.081482154","93.181284846",30.5,43
"Imanaga, Shota",684007,2026,32,"24","137.1",578,539,124,76,18,1,29,140,32,24.2,5.5,".230",".429",".279","0.708","81",".235",".411",".307",".302",".284",".176","72.6",31.3,13.4,9.6,31.9,23,"7.6",16,13.1,-7.3,50.9,32,"88.4","18.6",33.7,10,35.4,"77.563152261","93.698762889",29.4,51.5
"Gipson-Long, Sawyer",687830,2025,27,"8","31.1",133,121,34,17,9,0,8,26,6,19.5,4.5,".281",".554",".316","0.870","14",".296",".557",".362",".377",".334",".260","72.4",30,18.3,14.1,38.5,29.5,"7.5",3,13.3,-5.8,50,33.4,"90.5","13.1",34.3,13.1,39.4,"79.2068812","95.157078485",24.4,51.4
"Iglesias, Raisel",628452,2024,34,"66","69.1",259,238,38,27,5,2,4,68,13,26.3,5,".160",".248",".211","0.459","17",".195",".302",".200",".238",".244",".107","71.4",20,11.7,8,33.2,22.9,"7.4",8,11.8,-3.8,47.4,33.8,"86","14.2",25.7,4,30.9,"74.387969302","92.798374269",31.5,52.3
"Black, Mason",696131,2024,24,"9","36.1",169,149,46,29,10,0,7,31,15,18.3,8.9,".309",".517",".381","0.898","10",".277",".499",".387",".371",".355",".222","71",22.7,13.7,11.6,33,27.8,"7",4,7.3,2.7,50.5,31.1,"89.8","18.4",37.5,10,40.8,"79.451483167","94.468099664",16.4,48
"Anderson, Nick",623433,2024,33,"37","35.2",153,135,35,18,11,0,6,29,15,19,9.8,".259",".474",".333","0.807","21",".267",".473",".344",".353",".343",".207","70.8",18.9,12.4,9.5,35.3,27,"7.2",1,9.9,-0.4,47.8,31.4,"89.2","15.2",37,7.4,38,"78.729160926","93.902136852",23.4,44.7
"Martin, Chris",455119,2024,38,"45","44.1",180,170,47,39,3,0,5,50,3,27.8,1.7,".276",".382",".298","0.680","14",".254",".370",".293",".287",".283",".116","71.1",20.2,10.7,8.4,31.1,24.4,"6.9",6,5.8,7.3,44.9,32.5,"88.5","9.4",35.8,4.1,35,"77.547727333","93.925161833",23.9,54
"Smith, Cade",671922,2024,25,"74","75.1",289,268,51,30,19,1,1,103,17,35.6,5.9,".190",".280",".246","0.526","58",".189",".306",".235",".250",".246",".117","70.9",17.7,12.8,9.5,30.2,22.4,"6.9",11,5.1,6.5,41.1,30.9,"90.4","11.8",39.2,8.4,42.8,"80.141377439","94.869903354",30.2,49.9
"Patrick, Chad",694477,2025,26,"27","119.2",503,455,113,76,24,0,13,127,40,25.2,8,".248",".387",".313","0.700","62",".239",".395",".307",".306",".306",".156","71.4",20.6,12.4,9.6,28.8,22.2,"7.2",15,8.5,0.6,48.8,31.2,"89.4","18.5",40.1,8.1,42.2,"78.480281585","94.369077591",23.5,50.1
"Wesneski, Hayden",669713,2024,26,"28","67.2",283,260,56,34,10,0,12,67,21,23.7,7.4,".215",".392",".279","0.671","23",".232",".434",".293",".318",".295",".202","71.8",25.6,13.8,10.9,32.2,25.6,"7.4",19,10.1,-2.5,57.5,32.2,"87.6","10.8",32.6,9.3,36.8,"75.673705104","93.85465901",25.7,45.6
"Silseth, Chase",681217,2026,26,"56","47.2",210,176,40,28,5,2,5,55,28,26.2,13.3,".227",".364",".337","0.701","32",".225",".379",".308",".311",".334",".155","71.9",26.9,13.4,9.2,29.7,20.3,"7.2",7,8.9,-0.1,52.1,33,"86.8","15.7",41.6,9.6,32,"75.094382787","93.374363197",32,47.5
"Phillips, Tyler",663969,2024,26,"8","36.2",160,150,45,29,7,0,9,28,7,17.5,4.4,".300",".527",".338","0.865","34",".289",".530",".369",".372",".330",".241","72.2",27.7,16.7,13.1,34,26.6,"7.4",3,11.9,-4.6,52.8,34.2,"88.9","12.7",38.2,13.8,40.7,"76.732659032","94.808056748",21.7,52.6
"Wood, Alex",622072,2023,32,"29","97.2",429,373,98,61,24,4,9,74,42,17.2,9.8,".263",".421",".347","0.768","69",".253",".415",".335",".331",".338",".163","71.4",25.5,9.5,7.7,34.4,28.1,"7.3",4,7.6,0.6,50.7,33.1,"89.2","11.7",33.1,5.6,37.4,"79.410722752","93.772164765",21.7,45.8
"Mears, Nick",683232,2025,28,"63","56.2",222,197,42,27,6,2,7,46,14,20.7,6.3,".213",".371",".258","0.629","30",".259",".466",".266",".324",".304",".207","71",18.7,14,10.9,34.4,26.8,"7.3",15,10.3,-2.3,55.9,30.8,"90.4","16.6",39.8,10.6,42.9,"80.078215316","94.850952785",25,54.9
"Warren, Will",701542,2026,27,"24","118.0",517,464,125,74,31,2,18,117,41,22.6,7.9,".269",".461",".329","0.790","85",".265",".420",".341",".328",".328",".155","72.5",29.3,16.1,12.7,38,30.1,"7.2",15,9.4,0.1,51,32.1,"90.7","12.7",35,7.6,43.2,"80.409182159","94.954891966",22.2,44
"Kittredge, Andrew",552640,2025,35,"54","53.0",208,194,41,26,6,2,7,64,11,30.8,5.3,".211",".371",".251","0.622","24",".210",".350",".266",".261",".251",".141","72.4",28.9,15.9,11.6,31.4,22.9,"7.6",14,12,-5.8,57.1,33.6,"90.7","7.8",33.8,6.8,44.4,"79.979613939","95.016293969",29.8,53.3
"Bender, Anthony",669622,2026,31,"35","34.1",140,124,21,16,4,0,1,41,12,29.3,8.6,".169",".226",".257","0.483","12",".194",".284",".224",".254",".279",".090","70.8",15,11.8,9.4,38.2,30.6,"7.3",7,9.6,-1,43.7,32.6,"88.4","12.2",28.6,7.1,33.3,"78.737444286","93.131032857",24,40.3
"Cleavinger, Garrett",664076,2026,32,"44","36.1",157,133,32,20,6,1,5,48,17,30.6,10.8,".241",".414",".325","0.739","18",".235",".378",".317",".309",".325",".143","72.5",30.4,12.5,9.2,27.6,20.4,"7.4",9,11.1,-6.7,45.8,32.4,"87.1","12.5",36.7,7.8,41.1,"73.908782045","94.192629205",29.3,47.5
"Cease, Dylan",656302,2024,28,"33","189.1",762,684,137,84,34,1,18,224,65,29.4,8.5,".200",".332",".269","0.601","95",".209",".367",".266",".286",".278",".158","71.3",22.7,11.9,8.2,32.2,22.2,"7.4",34,11.2,-3.2,54.9,31.4,"89","14.1",32.4,8.5,38.6,"78.282702241","94.084709267",32.4,48.2
"Rodón, Carlos",607074,2023,30,"14","64.1",286,249,65,36,14,0,15,64,28,22.4,9.8,".261",".498",".340","0.838","22",".250",".478",".357",".352",".335",".228","71.7",22.6,11.5,8.7,30.4,23,"7.2",9,8.8,1.3,55.4,30.4,"91.6","22.1",37.6,12.2,41.8,"82.470750319","94.827768032",26.3,53.4
"Garcia, Robert",676395,2023,27,"25","32.0",127,111,26,21,2,0,3,33,12,26,9.4,".234",".333",".306","0.639","17",".241",".362",".279",".293",".312",".122","71.2",18.1,9.9,7.6,22.7,17.2,"7.3",1,7.8,1.9,50.2,32.7,"85.1","13.8",29.6,3.7,30.9,"72.084018205","93.082525769",24.3,50.4
"Kelly, Michael",547184,2025,32,"42","39.2",166,143,32,20,7,0,5,29,19,17.5,11.4,".224",".378",".317","0.695","19",".252",".445",".301",".338",".343",".194","71.2",18.6,14.3,11.9,33.7,28,"7.3",11,9.5,-3.6,45.7,32.9,"87.3","14.4",35.9,10.3,35.9,"76.037959474","93.379355088",22.2,43.2
"Pérez, Martín",527048,2023,32,"35","141.2",608,547,150,103,24,2,21,93,49,15.3,8.1,".274",".441",".336","0.777","114",".267",".446",".335",".336",".330",".179","71.2",25.3,13.7,11.5,35.3,29.5,"7.3",0,9.8,-1.6,46.7,32.6,"89","10.9",33.1,7.6,37.2,"78.339075442","93.950532389",17.5,45.3
"Burr, Ryan",621114,2024,30,"34","32.2",140,127,29,15,10,0,4,47,12,33.6,8.6,".228",".402",".300","0.702","13",".221",".379",".307",".296",".294",".158","71.1",20.2,14.9,10.5,31.4,22.2,"7.5",10,12.5,-4.8,50.4,31.8,"91.3","16.3",43.8,8.8,47.5,"81.23229575","95.358148",31.9,50.5
"Molina, Anthony",683627,2024,22,"35","59.2",264,236,72,50,16,1,5,41,22,15.5,8.3,".305",".445",".364","0.809","18",".308",".482",".349",".373",".372",".175","71.4",20.6,16.3,13.2,31.7,25.6,"7.3",3,9.4,0.2,48.1,33.4,"90.4","11.2",38.7,8.1,45.7,"79.138607172","95.191955178",18.8,47.7
"Keller, Mitch",656605,2026,30,"22","115.2",503,451,117,74,26,2,15,89,42,17.7,8.3,".259",".426",".332","0.758","65",".288",".455",".333",".355",".358",".166","72.2",27.4,15.1,12.2,36.9,29.8,"7.2",12,9,-0.2,50.3,32.7,"89.5","13.9",38.7,7.4,42.3,"78.627953315","94.533052327",20.5,47.4
"Finnegan, Kyle",640448,2023,31,"67","69.1",288,260,66,44,11,0,11,63,24,21.9,8.3,".254",".423",".318","0.741","19",".260",".442",".320",".330",".324",".182","71.6",27.8,14.8,11.3,35.2,26.9,"7.1",5,6.5,5,44.5,32.4,"92.2","9.4",34,8.5,47.5,"81.82415268","95.998433351",24.8,49.5
"Junk, Janson",676083,2026,30,"17","87.2",396,364,100,69,17,2,12,66,26,16.7,6.6,".275",".431",".322","0.753","49",".258",".408",".328",".316",".310",".150","72.5",31,18,15.3,34,29,"7.2",6,9.4,0.1,52.7,32.5,"90.2","14.5",29.1,6.6,40.4,"79.511083514","94.705880881",15.1,48.6